[2026-07-14 11:48:51] SetupLogging: Log file initialized at C:\Users\USG\Downloads\ChequeScannerApp\backend\ScannerApi\bin\Release\net6.0\win-x86\debug.log
[2026-07-14 11:48:51] Constructor: Initial DocType=CHECK
[2026-07-14 11:48:51] GetDeviceList: Attempt 1, Index 1, MTMICRGetDevice returned 0, DeviceName: STX.STX001
[2026-07-14 11:48:51] GetDeviceList: Added device: STX.STX001
[2026-07-14 11:48:51] GetDeviceList: Attempt 1, Index 2, MTMICRGetDevice returned 6, DeviceName: 
[2026-07-14 11:48:51] GetDeviceList: Attempt 1, Index 3, MTMICRGetDevice returned 6, DeviceName: 
[2026-07-14 11:48:51] GetDeviceList: Attempt 1, Index 4, MTMICRGetDevice returned 6, DeviceName: 
[2026-07-14 11:48:51] GetDeviceList: Attempt 1, Index 5, MTMICRGetDevice returned 6, DeviceName: 
[2026-07-14 11:48:51] GetDeviceList: Attempt 1, Index 6, MTMICRGetDevice returned 6, DeviceName: 
[2026-07-14 11:48:51] GetDeviceList: Attempt 1, Index 7, MTMICRGetDevice returned 6, DeviceName: 
[2026-07-14 11:48:51] GetDeviceList: Attempt 1, Index 8, MTMICRGetDevice returned 6, DeviceName: 
[2026-07-14 11:48:51] GetDeviceList: Attempt 1, Index 9, MTMICRGetDevice returned 6, DeviceName: 
[2026-07-14 11:48:51] GetDeviceList: Attempt 1, Index 10, MTMICRGetDevice returned 6, DeviceName: 
[2026-07-14 11:48:51] GetDeviceList: Attempt 1, Index 11, MTMICRGetDevice returned 6, DeviceName: 
[2026-07-14 11:48:51] GetDeviceList: Attempt 1, Index 12, MTMICRGetDevice returned 6, DeviceName: 
[2026-07-14 11:48:51] GetDeviceList: Attempt 1, Index 13, MTMICRGetDevice returned 6, DeviceName: 
[2026-07-14 11:48:51] GetDeviceList: Attempt 1, Index 14, MTMICRGetDevice returned 6, DeviceName: 
[2026-07-14 11:48:51] GetDeviceList: Attempt 1, Index 15, MTMICRGetDevice returned 6, DeviceName: 
[2026-07-14 11:48:51] GetDeviceList: Attempt 1, Index 16, MTMICRGetDevice returned 6, DeviceName: 
[2026-07-14 11:48:51] GetDeviceList: Attempt 1, Index 17, MTMICRGetDevice returned 6, DeviceName: 
[2026-07-14 11:48:51] GetDeviceList: Attempt 1, Index 18, MTMICRGetDevice returned 6, DeviceName: 
[2026-07-14 11:48:51] GetDeviceList: Attempt 1, Index 19, MTMICRGetDevice returned 6, DeviceName: 
[2026-07-14 11:48:51] GetDeviceList: Attempt 1, Index 20, MTMICRGetDevice returned 6, DeviceName: 
[2026-07-14 11:48:51] GetDeviceList: Found 1 devices on attempt 1: STX.STX001
[2026-07-14 11:48:51] GetDeviceList: Final list: STX.STX001
[2026-07-14 11:48:51] Dispose: Closing resources
[2026-07-14 11:48:51] Dispose: Closed log file handle
[2026-07-14 11:48:54] SetupLogging: Log file initialized at C:\Users\USG\Downloads\ChequeScannerApp\backend\ScannerApi\bin\Release\net6.0\win-x86\debug.log
[2026-07-14 11:48:54] Constructor: Initial DocType=CHECK
[2026-07-14 11:48:54] GetDeviceList: Attempt 1, Index 1, MTMICRGetDevice returned 0, DeviceName: STX.STX001
[2026-07-14 11:48:54] GetDeviceList: Added device: STX.STX001
[2026-07-14 11:48:54] GetDeviceList: Attempt 1, Index 2, MTMICRGetDevice returned 6, DeviceName: 
[2026-07-14 11:48:54] GetDeviceList: Attempt 1, Index 3, MTMICRGetDevice returned 6, DeviceName: 
[2026-07-14 11:48:54] GetDeviceList: Attempt 1, Index 4, MTMICRGetDevice returned 6, DeviceName: 
[2026-07-14 11:48:54] GetDeviceList: Attempt 1, Index 5, MTMICRGetDevice returned 6, DeviceName: 
[2026-07-14 11:48:54] GetDeviceList: Attempt 1, Index 6, MTMICRGetDevice returned 6, DeviceName: 
[2026-07-14 11:48:54] GetDeviceList: Attempt 1, Index 7, MTMICRGetDevice returned 6, DeviceName: 
[2026-07-14 11:48:54] GetDeviceList: Attempt 1, Index 8, MTMICRGetDevice returned 6, DeviceName: 
[2026-07-14 11:48:54] GetDeviceList: Attempt 1, Index 9, MTMICRGetDevice returned 6, DeviceName: 
[2026-07-14 11:48:54] GetDeviceList: Attempt 1, Index 10, MTMICRGetDevice returned 6, DeviceName: 
[2026-07-14 11:48:54] GetDeviceList: Attempt 1, Index 11, MTMICRGetDevice returned 6, DeviceName: 
[2026-07-14 11:48:54] GetDeviceList: Attempt 1, Index 12, MTMICRGetDevice returned 6, DeviceName: 
[2026-07-14 11:48:54] GetDeviceList: Attempt 1, Index 13, MTMICRGetDevice returned 6, DeviceName: 
[2026-07-14 11:48:54] GetDeviceList: Attempt 1, Index 14, MTMICRGetDevice returned 6, DeviceName: 
[2026-07-14 11:48:54] GetDeviceList: Attempt 1, Index 15, MTMICRGetDevice returned 6, DeviceName: 
[2026-07-14 11:48:54] GetDeviceList: Attempt 1, Index 16, MTMICRGetDevice returned 6, DeviceName: 
[2026-07-14 11:48:54] GetDeviceList: Attempt 1, Index 17, MTMICRGetDevice returned 6, DeviceName: 
[2026-07-14 11:48:54] GetDeviceList: Attempt 1, Index 18, MTMICRGetDevice returned 6, DeviceName: 
[2026-07-14 11:48:54] GetDeviceList: Attempt 1, Index 19, MTMICRGetDevice returned 6, DeviceName: 
[2026-07-14 11:48:54] GetDeviceList: Attempt 1, Index 20, MTMICRGetDevice returned 6, DeviceName: 
[2026-07-14 11:48:54] GetDeviceList: Found 1 devices on attempt 1: STX.STX001
[2026-07-14 11:48:54] GetDeviceList: Final list: STX.STX001
[2026-07-14 11:48:54] Dispose: Closing resources
[2026-07-14 11:48:54] Dispose: Closed log file handle
[2026-07-14 11:48:58] SetupLogging: Log file initialized at C:\Users\USG\Downloads\ChequeScannerApp\backend\ScannerApi\bin\Release\net6.0\win-x86\debug.log
[2026-07-14 11:48:58] Constructor: Initial DocType=CHECK
[2026-07-14 11:48:58] GetFirstDevice: Attempt 1, Index 1, MTMICRGetDevice returned 0, DeviceName: STX.STX001
[2026-07-14 11:48:58] GetFirstDevice: Added device: STX.STX001
[2026-07-14 11:48:58] GetFirstDevice: Attempt 1, Index 2, MTMICRGetDevice returned 6, DeviceName: 
[2026-07-14 11:48:58] GetFirstDevice: Attempt 1, Index 3, MTMICRGetDevice returned 6, DeviceName: 
[2026-07-14 11:48:58] GetFirstDevice: Attempt 1, Index 4, MTMICRGetDevice returned 6, DeviceName: 
[2026-07-14 11:48:58] GetFirstDevice: Attempt 1, Index 5, MTMICRGetDevice returned 6, DeviceName: 
[2026-07-14 11:48:58] GetFirstDevice: Attempt 1, Index 6, MTMICRGetDevice returned 6, DeviceName: 
[2026-07-14 11:48:58] GetFirstDevice: Attempt 1, Index 7, MTMICRGetDevice returned 6, DeviceName: 
[2026-07-14 11:48:58] GetFirstDevice: Attempt 1, Index 8, MTMICRGetDevice returned 6, DeviceName: 
[2026-07-14 11:48:58] GetFirstDevice: Attempt 1, Index 9, MTMICRGetDevice returned 6, DeviceName: 
[2026-07-14 11:48:58] GetFirstDevice: Attempt 1, Index 10, MTMICRGetDevice returned 6, DeviceName: 
[2026-07-14 11:48:58] GetFirstDevice: Attempt 1, Index 11, MTMICRGetDevice returned 6, DeviceName: 
[2026-07-14 11:48:58] GetFirstDevice: Attempt 1, Index 12, MTMICRGetDevice returned 6, DeviceName: 
[2026-07-14 11:48:58] GetFirstDevice: Attempt 1, Index 13, MTMICRGetDevice returned 6, DeviceName: 
[2026-07-14 11:48:58] GetFirstDevice: Attempt 1, Index 14, MTMICRGetDevice returned 6, DeviceName: 
[2026-07-14 11:48:58] GetFirstDevice: Attempt 1, Index 15, MTMICRGetDevice returned 6, DeviceName: 
[2026-07-14 11:48:58] GetFirstDevice: Attempt 1, Index 16, MTMICRGetDevice returned 6, DeviceName: 
[2026-07-14 11:48:58] GetFirstDevice: Attempt 1, Index 17, MTMICRGetDevice returned 6, DeviceName: 
[2026-07-14 11:48:58] GetFirstDevice: Attempt 1, Index 18, MTMICRGetDevice returned 6, DeviceName: 
[2026-07-14 11:48:58] GetFirstDevice: Attempt 1, Index 19, MTMICRGetDevice returned 6, DeviceName: 
[2026-07-14 11:48:58] GetFirstDevice: Attempt 1, Index 20, MTMICRGetDevice returned 6, DeviceName: 
[2026-07-14 11:48:58] GetFirstDevice: Selected device: STX.STX001 on attempt 1, DocType=CHECK
[2026-07-14 11:48:58] GetDeviceStatus: Found device: STX.STX001, Current DocType=CHECK
[2026-07-14 11:48:58] GetDeviceStatus: MTMICROpenDevice returned 63
[2026-07-14 11:48:58] GetDeviceStatus: Retried MTMICRCloseDevice
[2026-07-14 11:48:58] GetDeviceStatus: Retry MTMICROpenDevice returned 63
[2026-07-14 11:48:58] Dispose: Closing resources
[2026-07-14 11:48:58] Dispose: Closed log file handle
[2026-07-14 11:49:04] SetupLogging: Log file initialized at C:\Users\USG\Downloads\ChequeScannerApp\backend\ScannerApi\bin\Release\net6.0\win-x86\debug.log
[2026-07-14 11:49:04] Constructor: Initial DocType=CHECK
[2026-07-14 11:49:04] GetFirstDevice: Attempt 1, Index 1, MTMICRGetDevice returned 0, DeviceName: STX.STX001
[2026-07-14 11:49:04] GetFirstDevice: Added device: STX.STX001
[2026-07-14 11:49:04] GetFirstDevice: Attempt 1, Index 2, MTMICRGetDevice returned 6, DeviceName: 
[2026-07-14 11:49:04] GetFirstDevice: Attempt 1, Index 3, MTMICRGetDevice returned 6, DeviceName: 
[2026-07-14 11:49:04] GetFirstDevice: Attempt 1, Index 4, MTMICRGetDevice returned 6, DeviceName: 
[2026-07-14 11:49:04] GetFirstDevice: Attempt 1, Index 5, MTMICRGetDevice returned 6, DeviceName: 
[2026-07-14 11:49:04] GetFirstDevice: Attempt 1, Index 6, MTMICRGetDevice returned 6, DeviceName: 
[2026-07-14 11:49:04] GetFirstDevice: Attempt 1, Index 7, MTMICRGetDevice returned 6, DeviceName: 
[2026-07-14 11:49:04] GetFirstDevice: Attempt 1, Index 8, MTMICRGetDevice returned 6, DeviceName: 
[2026-07-14 11:49:04] GetFirstDevice: Attempt 1, Index 9, MTMICRGetDevice returned 6, DeviceName: 
[2026-07-14 11:49:04] GetFirstDevice: Attempt 1, Index 10, MTMICRGetDevice returned 6, DeviceName: 
[2026-07-14 11:49:04] GetFirstDevice: Attempt 1, Index 11, MTMICRGetDevice returned 6, DeviceName: 
[2026-07-14 11:49:04] GetFirstDevice: Attempt 1, Index 12, MTMICRGetDevice returned 6, DeviceName: 
[2026-07-14 11:49:04] GetFirstDevice: Attempt 1, Index 13, MTMICRGetDevice returned 6, DeviceName: 
[2026-07-14 11:49:04] GetFirstDevice: Attempt 1, Index 14, MTMICRGetDevice returned 6, DeviceName: 
[2026-07-14 11:49:04] GetFirstDevice: Attempt 1, Index 15, MTMICRGetDevice returned 6, DeviceName: 
[2026-07-14 11:49:04] GetFirstDevice: Attempt 1, Index 16, MTMICRGetDevice returned 6, DeviceName: 
[2026-07-14 11:49:04] GetFirstDevice: Attempt 1, Index 17, MTMICRGetDevice returned 6, DeviceName: 
[2026-07-14 11:49:04] GetFirstDevice: Attempt 1, Index 18, MTMICRGetDevice returned 6, DeviceName: 
[2026-07-14 11:49:04] GetFirstDevice: Attempt 1, Index 19, MTMICRGetDevice returned 6, DeviceName: 
[2026-07-14 11:49:04] GetFirstDevice: Attempt 1, Index 20, MTMICRGetDevice returned 6, DeviceName: 
[2026-07-14 11:49:04] GetFirstDevice: Selected device: STX.STX001 on attempt 1, DocType=CHECK
[2026-07-14 11:49:04] ConnectDevice: MTMICROpenDevice returned 63
[2026-07-14 11:49:04] ConnectDevice: Failed to open device, code: 63
[2026-07-14 11:49:04] Dispose: Closing resources
[2026-07-14 11:49:04] Dispose: Closed log file handle
[2026-07-14 11:49:15] SetupLogging: Log file initialized at C:\Users\USG\Downloads\ChequeScannerApp\backend\ScannerApi\bin\Release\net6.0\win-x86\debug.log
[2026-07-14 11:49:15] Constructor: Initial DocType=CHECK
[2026-07-14 11:49:15] GetFirstDevice: Attempt 1, Index 1, MTMICRGetDevice returned 0, DeviceName: STX.STX001
[2026-07-14 11:49:15] GetFirstDevice: Added device: STX.STX001
[2026-07-14 11:49:15] GetFirstDevice: Attempt 1, Index 2, MTMICRGetDevice returned 6, DeviceName: 
[2026-07-14 11:49:15] GetFirstDevice: Attempt 1, Index 3, MTMICRGetDevice returned 6, DeviceName: 
[2026-07-14 11:49:15] GetFirstDevice: Attempt 1, Index 4, MTMICRGetDevice returned 6, DeviceName: 
[2026-07-14 11:49:15] GetFirstDevice: Attempt 1, Index 5, MTMICRGetDevice returned 6, DeviceName: 
[2026-07-14 11:49:15] GetFirstDevice: Attempt 1, Index 6, MTMICRGetDevice returned 6, DeviceName: 
[2026-07-14 11:49:15] GetFirstDevice: Attempt 1, Index 7, MTMICRGetDevice returned 6, DeviceName: 
[2026-07-14 11:49:15] GetFirstDevice: Attempt 1, Index 8, MTMICRGetDevice returned 6, DeviceName: 
[2026-07-14 11:49:15] GetFirstDevice: Attempt 1, Index 9, MTMICRGetDevice returned 6, DeviceName: 
[2026-07-14 11:49:15] GetFirstDevice: Attempt 1, Index 10, MTMICRGetDevice returned 6, DeviceName: 
[2026-07-14 11:49:15] GetFirstDevice: Attempt 1, Index 11, MTMICRGetDevice returned 6, DeviceName: 
[2026-07-14 11:49:15] GetFirstDevice: Attempt 1, Index 12, MTMICRGetDevice returned 6, DeviceName: 
[2026-07-14 11:49:15] GetFirstDevice: Attempt 1, Index 13, MTMICRGetDevice returned 6, DeviceName: 
[2026-07-14 11:49:15] GetFirstDevice: Attempt 1, Index 14, MTMICRGetDevice returned 6, DeviceName: 
[2026-07-14 11:49:15] GetFirstDevice: Attempt 1, Index 15, MTMICRGetDevice returned 6, DeviceName: 
[2026-07-14 11:49:15] GetFirstDevice: Attempt 1, Index 16, MTMICRGetDevice returned 6, DeviceName: 
[2026-07-14 11:49:15] GetFirstDevice: Attempt 1, Index 17, MTMICRGetDevice returned 6, DeviceName: 
[2026-07-14 11:49:15] GetFirstDevice: Attempt 1, Index 18, MTMICRGetDevice returned 6, DeviceName: 
[2026-07-14 11:49:15] GetFirstDevice: Attempt 1, Index 19, MTMICRGetDevice returned 6, DeviceName: 
[2026-07-14 11:49:15] GetFirstDevice: Attempt 1, Index 20, MTMICRGetDevice returned 6, DeviceName: 
[2026-07-14 11:49:15] GetFirstDevice: Selected device: STX.STX001 on attempt 1, DocType=CHECK
[2026-07-14 11:49:15] ConnectDevice: MTMICROpenDevice returned 63
[2026-07-14 11:49:15] ConnectDevice: Failed to open device, code: 63
[2026-07-14 11:49:15] Dispose: Closing resources
[2026-07-14 11:49:15] Dispose: Closed log file handle
[2026-07-14 11:52:18] SetupLogging: Log file initialized at C:\Users\USG\Downloads\ChequeScannerApp\backend\ScannerApi\bin\Release\net6.0\win-x86\debug.log
[2026-07-14 11:52:18] Constructor: Initial DocType=CHECK
[2026-07-14 11:52:18] GetFirstDevice: Attempt 1, Index 1, MTMICRGetDevice returned 0, DeviceName: STX.STX001
[2026-07-14 11:52:18] GetFirstDevice: Added device: STX.STX001
[2026-07-14 11:52:18] GetFirstDevice: Attempt 1, Index 2, MTMICRGetDevice returned 6, DeviceName: 
[2026-07-14 11:52:18] GetFirstDevice: Attempt 1, Index 3, MTMICRGetDevice returned 6, DeviceName: 
[2026-07-14 11:52:18] GetFirstDevice: Attempt 1, Index 4, MTMICRGetDevice returned 6, DeviceName: 
[2026-07-14 11:52:18] GetFirstDevice: Attempt 1, Index 5, MTMICRGetDevice returned 6, DeviceName: 
[2026-07-14 11:52:18] GetFirstDevice: Attempt 1, Index 6, MTMICRGetDevice returned 6, DeviceName: 
[2026-07-14 11:52:18] GetFirstDevice: Attempt 1, Index 7, MTMICRGetDevice returned 6, DeviceName: 
[2026-07-14 11:52:18] GetFirstDevice: Attempt 1, Index 8, MTMICRGetDevice returned 6, DeviceName: 
[2026-07-14 11:52:18] GetFirstDevice: Attempt 1, Index 9, MTMICRGetDevice returned 6, DeviceName: 
[2026-07-14 11:52:18] GetFirstDevice: Attempt 1, Index 10, MTMICRGetDevice returned 6, DeviceName: 
[2026-07-14 11:52:18] GetFirstDevice: Attempt 1, Index 11, MTMICRGetDevice returned 6, DeviceName: 
[2026-07-14 11:52:18] GetFirstDevice: Attempt 1, Index 12, MTMICRGetDevice returned 6, DeviceName: 
[2026-07-14 11:52:18] GetFirstDevice: Attempt 1, Index 13, MTMICRGetDevice returned 6, DeviceName: 
[2026-07-14 11:52:18] GetFirstDevice: Attempt 1, Index 14, MTMICRGetDevice returned 6, DeviceName: 
[2026-07-14 11:52:18] GetFirstDevice: Attempt 1, Index 15, MTMICRGetDevice returned 6, DeviceName: 
[2026-07-14 11:52:18] GetFirstDevice: Attempt 1, Index 16, MTMICRGetDevice returned 6, DeviceName: 
[2026-07-14 11:52:18] GetFirstDevice: Attempt 1, Index 17, MTMICRGetDevice returned 6, DeviceName: 
[2026-07-14 11:52:18] GetFirstDevice: Attempt 1, Index 18, MTMICRGetDevice returned 6, DeviceName: 
[2026-07-14 11:52:18] GetFirstDevice: Attempt 1, Index 19, MTMICRGetDevice returned 6, DeviceName: 
[2026-07-14 11:52:18] GetFirstDevice: Attempt 1, Index 20, MTMICRGetDevice returned 6, DeviceName: 
[2026-07-14 11:52:18] GetFirstDevice: Selected device: STX.STX001 on attempt 1, DocType=CHECK
[2026-07-14 11:52:18] ConnectDevice: MTMICROpenDevice returned 63
[2026-07-14 11:52:18] ConnectDevice: Failed to open device, code: 63
[2026-07-14 11:52:18] Dispose: Closing resources
[2026-07-14 11:52:18] Dispose: Closed log file handle
[2026-07-14 12:05:29] SetupLogging: Log file initialized at C:\Users\USG\Downloads\ChequeScannerApp\backend\ScannerApi\bin\Release\net6.0\win-x86\debug.log
[2026-07-14 12:05:29] Constructor: Initial DocType=CHECK
[2026-07-14 12:05:29] GetFirstDevice: Attempt 1, Index 1, MTMICRGetDevice returned 0, DeviceName: STX.STX001
[2026-07-14 12:05:29] GetFirstDevice: Added device: STX.STX001
[2026-07-14 12:05:29] GetFirstDevice: Attempt 1, Index 2, MTMICRGetDevice returned 6, DeviceName: 
[2026-07-14 12:05:29] GetFirstDevice: Attempt 1, Index 3, MTMICRGetDevice returned 6, DeviceName: 
[2026-07-14 12:05:29] GetFirstDevice: Attempt 1, Index 4, MTMICRGetDevice returned 6, DeviceName: 
[2026-07-14 12:05:29] GetFirstDevice: Attempt 1, Index 5, MTMICRGetDevice returned 6, DeviceName: 
[2026-07-14 12:05:29] GetFirstDevice: Attempt 1, Index 6, MTMICRGetDevice returned 6, DeviceName: 
[2026-07-14 12:05:29] GetFirstDevice: Attempt 1, Index 7, MTMICRGetDevice returned 6, DeviceName: 
[2026-07-14 12:05:29] GetFirstDevice: Attempt 1, Index 8, MTMICRGetDevice returned 6, DeviceName: 
[2026-07-14 12:05:29] GetFirstDevice: Attempt 1, Index 9, MTMICRGetDevice returned 6, DeviceName: 
[2026-07-14 12:05:29] GetFirstDevice: Attempt 1, Index 10, MTMICRGetDevice returned 6, DeviceName: 
[2026-07-14 12:05:29] GetFirstDevice: Attempt 1, Index 11, MTMICRGetDevice returned 6, DeviceName: 
[2026-07-14 12:05:29] GetFirstDevice: Attempt 1, Index 12, MTMICRGetDevice returned 6, DeviceName: 
[2026-07-14 12:05:29] GetFirstDevice: Attempt 1, Index 13, MTMICRGetDevice returned 6, DeviceName: 
[2026-07-14 12:05:29] GetFirstDevice: Attempt 1, Index 14, MTMICRGetDevice returned 6, DeviceName: 
[2026-07-14 12:05:29] GetFirstDevice: Attempt 1, Index 15, MTMICRGetDevice returned 6, DeviceName: 
[2026-07-14 12:05:29] GetFirstDevice: Attempt 1, Index 16, MTMICRGetDevice returned 6, DeviceName: 
[2026-07-14 12:05:29] GetFirstDevice: Attempt 1, Index 17, MTMICRGetDevice returned 6, DeviceName: 
[2026-07-14 12:05:29] GetFirstDevice: Attempt 1, Index 18, MTMICRGetDevice returned 6, DeviceName: 
[2026-07-14 12:05:29] GetFirstDevice: Attempt 1, Index 19, MTMICRGetDevice returned 6, DeviceName: 
[2026-07-14 12:05:29] GetFirstDevice: Attempt 1, Index 20, MTMICRGetDevice returned 6, DeviceName: 
[2026-07-14 12:05:29] GetFirstDevice: Selected device: STX.STX001 on attempt 1, DocType=CHECK
[2026-07-14 12:05:29] ConnectDevice: MTMICROpenDevice returned 0
[2026-07-14 12:05:29] ConnectDevice: Device opened successfully: STX.STX001, DocType=CHECK
[2026-07-14 12:05:29] Dispose: Closing resources
[2026-07-14 12:05:29] Dispose: Closed log file handle
[2026-07-14 12:05:29] Dispose: Closed device connection
[2026-07-14 12:05:33] SetupLogging: Log file initialized at C:\Users\USG\Downloads\ChequeScannerApp\backend\ScannerApi\bin\Release\net6.0\win-x86\debug.log
[2026-07-14 12:05:33] Constructor: Initial DocType=CHECK
[2026-07-14 12:05:33] GetFirstDevice: Attempt 1, Index 1, MTMICRGetDevice returned 0, DeviceName: STX.STX001
[2026-07-14 12:05:33] GetFirstDevice: Added device: STX.STX001
[2026-07-14 12:05:33] GetFirstDevice: Attempt 1, Index 2, MTMICRGetDevice returned 6, DeviceName: 
[2026-07-14 12:05:33] GetFirstDevice: Attempt 1, Index 3, MTMICRGetDevice returned 6, DeviceName: 
[2026-07-14 12:05:33] GetFirstDevice: Attempt 1, Index 4, MTMICRGetDevice returned 6, DeviceName: 
[2026-07-14 12:05:33] GetFirstDevice: Attempt 1, Index 5, MTMICRGetDevice returned 6, DeviceName: 
[2026-07-14 12:05:33] GetFirstDevice: Attempt 1, Index 6, MTMICRGetDevice returned 6, DeviceName: 
[2026-07-14 12:05:33] GetFirstDevice: Attempt 1, Index 7, MTMICRGetDevice returned 6, DeviceName: 
[2026-07-14 12:05:33] GetFirstDevice: Attempt 1, Index 8, MTMICRGetDevice returned 6, DeviceName: 
[2026-07-14 12:05:33] GetFirstDevice: Attempt 1, Index 9, MTMICRGetDevice returned 6, DeviceName: 
[2026-07-14 12:05:33] GetFirstDevice: Attempt 1, Index 10, MTMICRGetDevice returned 6, DeviceName: 
[2026-07-14 12:05:33] GetFirstDevice: Attempt 1, Index 11, MTMICRGetDevice returned 6, DeviceName: 
[2026-07-14 12:05:33] GetFirstDevice: Attempt 1, Index 12, MTMICRGetDevice returned 6, DeviceName: 
[2026-07-14 12:05:33] GetFirstDevice: Attempt 1, Index 13, MTMICRGetDevice returned 6, DeviceName: 
[2026-07-14 12:05:33] GetFirstDevice: Attempt 1, Index 14, MTMICRGetDevice returned 6, DeviceName: 
[2026-07-14 12:05:33] GetFirstDevice: Attempt 1, Index 15, MTMICRGetDevice returned 6, DeviceName: 
[2026-07-14 12:05:33] GetFirstDevice: Attempt 1, Index 16, MTMICRGetDevice returned 6, DeviceName: 
[2026-07-14 12:05:33] GetFirstDevice: Attempt 1, Index 17, MTMICRGetDevice returned 6, DeviceName: 
[2026-07-14 12:05:33] GetFirstDevice: Attempt 1, Index 18, MTMICRGetDevice returned 6, DeviceName: 
[2026-07-14 12:05:33] GetFirstDevice: Attempt 1, Index 19, MTMICRGetDevice returned 6, DeviceName: 
[2026-07-14 12:05:33] GetFirstDevice: Attempt 1, Index 20, MTMICRGetDevice returned 6, DeviceName: 
[2026-07-14 12:05:33] GetFirstDevice: Selected device: STX.STX001 on attempt 1, DocType=CHECK
[2026-07-14 12:05:33] GetDeviceStatus: Found device: STX.STX001, Current DocType=CHECK
[2026-07-14 12:05:33] GetDeviceStatus: MTMICROpenDevice returned 0
[2026-07-14 12:05:33] GetDeviceStatus: MTMICRQueryInfo attempt 1 returned 0, Response: <?xml version="1.0" encoding="utf-8"?><DeviceInformation>
<DeviceStatus>
<AccessGuide>LATCHED</AccessGuide>
<AutoFeeder>NOTSUP</AutoFeeder>
<FrontInk>OK</FrontInk>
<FrontPrinter>PRESENT</FrontPrinter>
<IDFeeder>EMPTY</IDFeeder>
<Ink>OK</Ink>
<LED1>NNNN</LED1>
<LED2>GGGG</LED2>
<LED3>NNNN</LED3>
<Lamp1>OK</Lamp1>
<Lamp2>OK</Lamp2>
<ManualFeeder>DOCPRESENT</ManualFeeder>
<Path>OK</Path>
<Printer>PRESENT</Printer>
<RTCBattery>OK</RTCBattery>
<RawSensors>3</RawSensors>
<ScanCalibStatus>FACTORY</ScanCalibStatus>
<SnsrCalibStatus>FACTORY</SnsrCalibStatus>
<StartTimeout>4000</StartTimeout>
<State>ONLINE</State>
</DeviceStatus>
</DeviceInformation>
  , ResponseLength: 651
[2026-07-14 12:05:33] GetDeviceStatus: Device is connected
[2026-07-14 12:05:33] Dispose: Closing resources
[2026-07-14 12:05:33] Dispose: Closed log file handle
[2026-07-14 12:05:33] Dispose: Closed device connection
[2026-07-14 12:05:59] SetupLogging: Log file initialized at C:\Users\USG\Downloads\ChequeScannerApp\backend\ScannerApi\bin\Release\net6.0\win-x86\debug.log
[2026-07-14 12:05:59] Constructor: Initial DocType=CHECK
[2026-07-14 12:05:59] GetDeviceList: Attempt 1, Index 1, MTMICRGetDevice returned 0, DeviceName: STX.STX001
[2026-07-14 12:05:59] GetDeviceList: Added device: STX.STX001
[2026-07-14 12:05:59] GetDeviceList: Attempt 1, Index 2, MTMICRGetDevice returned 6, DeviceName: 
[2026-07-14 12:05:59] GetDeviceList: Attempt 1, Index 3, MTMICRGetDevice returned 6, DeviceName: 
[2026-07-14 12:05:59] GetDeviceList: Attempt 1, Index 4, MTMICRGetDevice returned 6, DeviceName: 
[2026-07-14 12:05:59] GetDeviceList: Attempt 1, Index 5, MTMICRGetDevice returned 6, DeviceName: 
[2026-07-14 12:05:59] GetDeviceList: Attempt 1, Index 6, MTMICRGetDevice returned 6, DeviceName: 
[2026-07-14 12:05:59] GetDeviceList: Attempt 1, Index 7, MTMICRGetDevice returned 6, DeviceName: 
[2026-07-14 12:05:59] GetDeviceList: Attempt 1, Index 8, MTMICRGetDevice returned 6, DeviceName: 
[2026-07-14 12:05:59] GetDeviceList: Attempt 1, Index 9, MTMICRGetDevice returned 6, DeviceName: 
[2026-07-14 12:05:59] GetDeviceList: Attempt 1, Index 10, MTMICRGetDevice returned 6, DeviceName: 
[2026-07-14 12:05:59] GetDeviceList: Attempt 1, Index 11, MTMICRGetDevice returned 6, DeviceName: 
[2026-07-14 12:05:59] GetDeviceList: Attempt 1, Index 12, MTMICRGetDevice returned 6, DeviceName: 
[2026-07-14 12:05:59] GetDeviceList: Attempt 1, Index 13, MTMICRGetDevice returned 6, DeviceName: 
[2026-07-14 12:05:59] GetDeviceList: Attempt 1, Index 14, MTMICRGetDevice returned 6, DeviceName: 
[2026-07-14 12:05:59] GetDeviceList: Attempt 1, Index 15, MTMICRGetDevice returned 6, DeviceName: 
[2026-07-14 12:05:59] GetDeviceList: Attempt 1, Index 16, MTMICRGetDevice returned 6, DeviceName: 
[2026-07-14 12:05:59] GetDeviceList: Attempt 1, Index 17, MTMICRGetDevice returned 6, DeviceName: 
[2026-07-14 12:05:59] GetDeviceList: Attempt 1, Index 18, MTMICRGetDevice returned 6, DeviceName: 
[2026-07-14 12:05:59] GetDeviceList: Attempt 1, Index 19, MTMICRGetDevice returned 6, DeviceName: 
[2026-07-14 12:05:59] GetDeviceList: Attempt 1, Index 20, MTMICRGetDevice returned 6, DeviceName: 
[2026-07-14 12:05:59] GetDeviceList: Found 1 devices on attempt 1: STX.STX001
[2026-07-14 12:05:59] GetDeviceList: Final list: STX.STX001
[2026-07-14 12:05:59] Dispose: Closing resources
[2026-07-14 12:05:59] Dispose: Closed log file handle
[2026-07-14 12:05:59] SetupLogging: Log file initialized at C:\Users\USG\Downloads\ChequeScannerApp\backend\ScannerApi\bin\Release\net6.0\win-x86\debug.log
[2026-07-14 12:05:59] Constructor: Initial DocType=CHECK
[2026-07-14 12:05:59] ConnectSpecificDevice: MTMICROpenDevice for STX.STX001 returned 0
[2026-07-14 12:05:59] ConnectSpecificDevice: Device opened successfully: STX.STX001, DocType=CHECK
[2026-07-14 12:05:59] Dispose: Closing resources
[2026-07-14 12:05:59] Dispose: Closed log file handle
[2026-07-14 12:05:59] Dispose: Closed device connection
[2026-07-14 12:06:12] SetupLogging: Log file initialized at C:\Users\USG\Downloads\ChequeScannerApp\backend\ScannerApi\bin\Release\net6.0\win-x86\debug.log
[2026-07-14 12:06:12] Constructor: Initial DocType=CHECK
[2026-07-14 12:06:12] SetDocType: Document type set to CHECK
[2026-07-14 12:06:12] Dispose: Closing resources
[2026-07-14 12:06:12] Dispose: Closed log file handle
[2026-07-14 12:06:12] SetupLogging: Log file initialized at C:\Users\USG\Downloads\ChequeScannerApp\backend\ScannerApi\bin\Release\net6.0\win-x86\debug.log
[2026-07-14 12:06:12] Constructor: Initial DocType=CHECK
[2026-07-14 12:06:12] ScanVoucher: Starting scan with DocType=CHECK, Device=STX.STX001
[2026-07-14 12:06:12] GetFirstDevice: Attempt 1, Index 1, MTMICRGetDevice returned 0, DeviceName: STX.STX001
[2026-07-14 12:06:12] GetFirstDevice: Added device: STX.STX001
[2026-07-14 12:06:12] GetFirstDevice: Attempt 1, Index 2, MTMICRGetDevice returned 6, DeviceName: 
[2026-07-14 12:06:12] GetFirstDevice: Attempt 1, Index 3, MTMICRGetDevice returned 6, DeviceName: 
[2026-07-14 12:06:12] GetFirstDevice: Attempt 1, Index 4, MTMICRGetDevice returned 6, DeviceName: 
[2026-07-14 12:06:12] GetFirstDevice: Attempt 1, Index 5, MTMICRGetDevice returned 6, DeviceName: 
[2026-07-14 12:06:12] GetFirstDevice: Attempt 1, Index 6, MTMICRGetDevice returned 6, DeviceName: 
[2026-07-14 12:06:12] GetFirstDevice: Attempt 1, Index 7, MTMICRGetDevice returned 6, DeviceName: 
[2026-07-14 12:06:12] GetFirstDevice: Attempt 1, Index 8, MTMICRGetDevice returned 6, DeviceName: 
[2026-07-14 12:06:12] GetFirstDevice: Attempt 1, Index 9, MTMICRGetDevice returned 6, DeviceName: 
[2026-07-14 12:06:12] GetFirstDevice: Attempt 1, Index 10, MTMICRGetDevice returned 6, DeviceName: 
[2026-07-14 12:06:12] GetFirstDevice: Attempt 1, Index 11, MTMICRGetDevice returned 6, DeviceName: 
[2026-07-14 12:06:12] GetFirstDevice: Attempt 1, Index 12, MTMICRGetDevice returned 6, DeviceName: 
[2026-07-14 12:06:12] GetFirstDevice: Attempt 1, Index 13, MTMICRGetDevice returned 6, DeviceName: 
[2026-07-14 12:06:12] GetFirstDevice: Attempt 1, Index 14, MTMICRGetDevice returned 6, DeviceName: 
[2026-07-14 12:06:12] GetFirstDevice: Attempt 1, Index 15, MTMICRGetDevice returned 6, DeviceName: 
[2026-07-14 12:06:12] GetFirstDevice: Attempt 1, Index 16, MTMICRGetDevice returned 6, DeviceName: 
[2026-07-14 12:06:12] GetFirstDevice: Attempt 1, Index 17, MTMICRGetDevice returned 6, DeviceName: 
[2026-07-14 12:06:12] GetFirstDevice: Attempt 1, Index 18, MTMICRGetDevice returned 6, DeviceName: 
[2026-07-14 12:06:12] GetFirstDevice: Attempt 1, Index 19, MTMICRGetDevice returned 6, DeviceName: 
[2026-07-14 12:06:12] GetFirstDevice: Attempt 1, Index 20, MTMICRGetDevice returned 6, DeviceName: 
[2026-07-14 12:06:12] GetFirstDevice: Selected device: STX.STX001 on attempt 1, DocType=CHECK
[2026-07-14 12:06:12] ScanVoucher: MTMICROpenDevice returned 0
[2026-07-14 12:06:12] ScanVoucher: Device opened successfully: STX.STX001, DocType=CHECK
[2026-07-14 12:06:12] ScanVoucher: Closed device STX.STX001 for reset
[2026-07-14 12:06:12] ScanVoucher: Reopened device STX.STX001, returned 0
[2026-07-14 12:06:12] SetupOptions: Options set for CHECK: <?xml version="1.0"?>
<DeviceSettings><Application><Transfer>HTTP</Transfer><DocUnits>ENGLISH</DocUnits></Application><ProcessOptions><DocFeedTimeout>10000</DocFeedTimeout><DocFeed>MANUAL</DocFeed><ReadMICR>E13B</ReadMICR><MICRFmt>6200</MICRFmt></ProcessOptions><ImageOptions><Number>2</Number><ImageSide1>FRONT</ImageSide1><ImageSide2>BACK</ImageSide2><ImageColor1>COL24</ImageColor1><ImageColor2>COL24</ImageColor2><Resolution1>100x100</Resolution1><Resolution2>100x100</Resolution2><Compression1>JPEG</Compression1><Compression2>JPEG</Compression2><FileType1>JPG</FileType1><FileType2>JPG</FileType2></ImageOptions></DeviceSettings>

[2026-07-14 12:06:12] ScanVoucher: Attempt 1 calling MTMICRProcessCheck with Options=<?xml version="1.0"?>
<DeviceSettings><Application><Transfer>HTTP</Transfer><DocUnits>ENGLISH</DocUnits></Application><ProcessOptions><DocFeedTimeout>10000</DocFeedTimeout><DocFeed>MANUAL</DocFeed><ReadMICR>E13B</ReadMICR><MICRFmt>6200</MICRFmt></ProcessOptions><ImageOptions><Number>2</Number><ImageSide1>FRONT</ImageSide1><ImageSide2>BACK</ImageSide2><ImageColor1>COL24</ImageColor1><ImageColor2>COL24</ImageColor2><Resolution1>100x100</Resolution1><Resolution2>100x100</Resolution2><Compression1>JPEG</Compression1><Compression2>JPEG</Compression2><FileType1>JPG</FileType1><FileType2>JPG</FileType2></ImageOptions></DeviceSettings>

[2026-07-14 12:06:16] ScanVoucher: Attempt 1 MTMICRProcessCheck returned 0, ResponseLength=4096, DocInfo=<?xml version="1.0" encoding="utf-8"?><DeviceInformation>
<CommandStatus>
<BadData>NONE</BadData>
<CheckDS>F</CheckDS>
<KVErrCnt>1</KVErrCnt>
<KVErrCode1>154</KVErrCode1>
<KVErrVal1>MICRFmt</KVErrVal1>
<ResponseType>CHECK</ResponseType>
<ReturnCode>0</ReturnCode>
<ReturnMsg>OK</ReturnMsg>
</CommandStatus>
<DeviceStatus>
<AccessGuide>LATCHED</AccessGuide>
<AutoFeeder>NOTSUP</AutoFeeder>
<FrontInk>OK</FrontInk>
<FrontPrinter>PRESENT</FrontPrinter>
<IDFeeder>EMPTY</IDFeeder>
<Ink>OK</Ink>
<LED1>NNNN</LED1>
<LED2>GGGG</LED2>
<LED3>NNNN</LED3>
<Lamp1>OK</Lamp1>
<Lamp2>OK</Lamp2>
<ManualFeeder>EMPTY</ManualFeeder>
<Path>OK</Path>
<Printer>PRESENT</Printer>
<RTCBattery>OK</RTCBattery>
<RawSensors>384</RawSensors>
<ScanCalibStatus>FACTORY</ScanCalibStatus>
<SnsrCalibStatus>FACTORY</SnsrCalibStatus>
<StartTimeout>4000</StartTimeout>
<State>ONLINE</State>
</DeviceStatus>
<DocInfo>
<DocHeight>2840</DocHeight>
<DocUnits>ENGLISH</DocUnits>
<DocWidth>6880</DocWidth>
<MICRAcct>211</MICRAcct>
<MICRAmt></MICRAmt>
<MICRAux>000024</MICRAux>
<MICRBankNum>0078</MICRBankNum>
<MICRChkType>BUSINESS</MICRChkType>
<MICRCountry>USA</MICRCountry>
<MICRDecode>ERROR</MICRDecode>
<MICREPC>9</MICREPC>
<MICRFont>E13B</MICRFont>
<MICROnUs>211U01</MICROnUs>
<MICROut>U000024U?90109T9040007857211U01</MICROut>
<MICRParseSts0>0104</MICRParseSts0>
<MICRParseSts1>05</MICRParseSts1>
<MICRRaw>U000024U?90109T9040007857211U01</MICRRaw>
<MICRSerNum>000024</MICRSerNum>
<MICRTPC>01</MICRTPC>
<MICRTransit>904000785</MICRTransit>
</DocInfo>
<ImageInfo>
<ImageSHA1Key1>NONE</ImageSHA1Key1>
<ImageSHA1Key2>NONE</ImageSHA1Key2>
<ImageSize1>52647</ImageSize1>
<ImageSize2>34301</ImageSize2>
<ImageURL1>/chkimg/FRONT100COL24_1.JPG</ImageURL1>
<ImageURL2>/chkimg/BACK100COL24_2.JPG</ImageURL2>
<Number>2</Number>
</ImageInfo>
</DeviceInformation>
  
[2026-07-14 12:06:16] ScanVoucher: CommandStatus ReturnCode: 0
[2026-07-14 12:06:16] ExtractVoucherData: MICRRaw retrieved: U000024U?90109T9040007857211U01, RetCode=0
[2026-07-14 12:06:16] ExtractVoucherData: Parsed MICR - CheckNo: 000024, RoutingNo: 90109, AccountNo: 9040007857211, BankCode: 01
[2026-07-14 12:06:16] ExtractVoucherData: AccountNumber retrieved: 9040007857211, RetCode=17
[2026-07-14 12:06:16] ExtractVoucherData: RoutingNumber retrieved: 90109, RetCode=17
[2026-07-14 12:06:16] ExtractVoucherData: FrontImageSize retrieved: 52647, RetCode=0
[2026-07-14 12:06:16] ExtractVoucherData: FrontImageURL retrieved: /chkimg/FRONT100COL24_1.JPG, RetCode=0
[2026-07-14 12:06:17] ExtractVoucherData: FrontImage attempt 1 MTMICRGetImage returned 0, Size=52647
[2026-07-14 12:06:17] ExtractVoucherData: FrontImage Base64 length=70196
[2026-07-14 12:06:17] ExtractVoucherData: Attempting to save front image to C:\Users\USG\Downloads\ChequeScannerApp\backend\ScannerApi\bin\Release\net6.0\win-x86\ScannedImages\front_20260714_120616.jpg
[2026-07-14 12:06:17] ExtractVoucherData: Saved front image to C:\Users\USG\Downloads\ChequeScannerApp\backend\ScannerApi\bin\Release\net6.0\win-x86\ScannedImages\front_20260714_120616.jpg, Size=52647 bytes
[2026-07-14 12:06:17] ExtractVoucherData: Saved raw front image to C:\Users\USG\Downloads\ChequeScannerApp\backend\ScannerApi\bin\Release\net6.0\win-x86\ScannedImages\raw_front_20260714_120616.jpg
[2026-07-14 12:06:17] ExtractVoucherData: BackImageSize retrieved: 34301, RetCode=0
[2026-07-14 12:06:17] ExtractVoucherData: BackImageURL retrieved: /chkimg/BACK100COL24_2.JPG, RetCode=0
[2026-07-14 12:06:17] ExtractVoucherData: BackImage attempt 1 MTMICRGetImage returned 0, Size=34301
[2026-07-14 12:06:17] ExtractVoucherData: BackImage Base64 length=45736
[2026-07-14 12:06:17] ExtractVoucherData: Attempting to save back image to C:\Users\USG\Downloads\ChequeScannerApp\backend\ScannerApi\bin\Release\net6.0\win-x86\ScannedImages\back_20260714_120616.jpg
[2026-07-14 12:06:17] ExtractVoucherData: Saved back image to C:\Users\USG\Downloads\ChequeScannerApp\backend\ScannerApi\bin\Release\net6.0\win-x86\ScannedImages\back_20260714_120616.jpg, Size=34301 bytes
[2026-07-14 12:06:17] ScanVoucher: Voucher data extracted: voucherNo=scan, checkNumber=000024, narration=
[2026-07-14 12:06:17] Dispose: Closing resources
[2026-07-14 12:06:17] Dispose: Closed log file handle
[2026-07-14 12:06:17] Dispose: Closed device connection
[2026-07-14 12:07:03] SetupLogging: Log file initialized at C:\Users\USG\Downloads\ChequeScannerApp\backend\ScannerApi\bin\Release\net6.0\win-x86\debug.log
[2026-07-14 12:07:03] Constructor: Initial DocType=CHECK
[2026-07-14 12:07:05] SaveToDatabase: Received voucher data
[2026-07-14 12:07:05] SaveToDatabase: Processing voucher , DocType=CHECK
[2026-07-14 12:07:05] SaveToDatabase: Front image size: 52647 bytes
[2026-07-14 12:07:05] SaveToDatabase: Back image size: 34301 bytes
[2026-07-14 12:07:05] SaveToDatabase: Attempting database connection
[2026-07-14 12:07:08] SaveToDatabase: Database connection opened
[2026-07-14 12:07:08] SaveToDatabase: Executing query
[2026-07-14 12:07:09] SaveToDatabase: Inserted 1 row(s) for voucher 
[2026-07-14 12:07:09] SaveToDatabase: Successfully saved voucher  to database
[2026-07-14 12:07:09] Dispose: Closing resources
[2026-07-14 12:07:09] Dispose: Closed log file handle
[2026-07-14 12:07:43] SetupLogging: Log file initialized at C:\Users\USG\Downloads\ChequeScannerApp\backend\ScannerApi\bin\Release\net6.0\win-x86\debug.log
[2026-07-14 12:07:43] Constructor: Initial DocType=CHECK
[2026-07-14 12:07:43] ViewVoucherData: Fetching data for TRANS_ID=000024, DocType=CHECK
[2026-07-14 12:07:43] ViewVoucherData: Database connection opened
[2026-07-14 12:07:43] ViewVoucherData: No data found for voucher 000024
[2026-07-14 12:07:43] Dispose: Closing resources
[2026-07-14 12:07:43] Dispose: Closed log file handle
[2026-07-14 12:09:55] SetupLogging: Log file initialized at C:\Users\USG\Downloads\ChequeScannerApp\backend\ScannerApi\bin\Release\net6.0\win-x86\debug.log
[2026-07-14 12:09:55] Constructor: Initial DocType=CHECK
[2026-07-14 12:09:55] ViewVoucherData: Fetching data for TRANS_ID=1234999, DocType=CHECK
[2026-07-14 12:09:55] ViewVoucherData: Database connection opened
[2026-07-14 12:09:56] ViewVoucherData: Found voucher 1234999, Narration=Handover Test, FrontImageLen=52856, BackImageLen=37024
[2026-07-14 12:09:56] Dispose: Closing resources
[2026-07-14 12:09:56] Dispose: Closed log file handle
[2026-07-14 12:22:58] SetupLogging: Log file initialized at C:\Users\USG\Downloads\ChequeScannerApp\backend\ScannerApi\bin\Release\net6.0\win-x86\debug.log
[2026-07-14 12:22:58] Constructor: Initial DocType=CHECK
[2026-07-14 12:22:58] GetDeviceList: Attempt 1, Index 1, MTMICRGetDevice returned 0, DeviceName: STX.STX001
[2026-07-14 12:22:58] GetDeviceList: Added device: STX.STX001
[2026-07-14 12:22:58] GetDeviceList: Attempt 1, Index 2, MTMICRGetDevice returned 6, DeviceName: 
[2026-07-14 12:22:58] GetDeviceList: Attempt 1, Index 3, MTMICRGetDevice returned 6, DeviceName: 
[2026-07-14 12:22:58] GetDeviceList: Attempt 1, Index 4, MTMICRGetDevice returned 6, DeviceName: 
[2026-07-14 12:22:58] GetDeviceList: Attempt 1, Index 5, MTMICRGetDevice returned 6, DeviceName: 
[2026-07-14 12:22:58] GetDeviceList: Attempt 1, Index 6, MTMICRGetDevice returned 6, DeviceName: 
[2026-07-14 12:22:58] GetDeviceList: Attempt 1, Index 7, MTMICRGetDevice returned 6, DeviceName: 
[2026-07-14 12:22:58] GetDeviceList: Attempt 1, Index 8, MTMICRGetDevice returned 6, DeviceName: 
[2026-07-14 12:22:58] GetDeviceList: Attempt 1, Index 9, MTMICRGetDevice returned 6, DeviceName: 
[2026-07-14 12:22:58] GetDeviceList: Attempt 1, Index 10, MTMICRGetDevice returned 6, DeviceName: 
[2026-07-14 12:22:58] GetDeviceList: Attempt 1, Index 11, MTMICRGetDevice returned 6, DeviceName: 
[2026-07-14 12:22:58] GetDeviceList: Attempt 1, Index 12, MTMICRGetDevice returned 6, DeviceName: 
[2026-07-14 12:22:58] GetDeviceList: Attempt 1, Index 13, MTMICRGetDevice returned 6, DeviceName: 
[2026-07-14 12:22:58] GetDeviceList: Attempt 1, Index 14, MTMICRGetDevice returned 6, DeviceName: 
[2026-07-14 12:22:58] GetDeviceList: Attempt 1, Index 15, MTMICRGetDevice returned 6, DeviceName: 
[2026-07-14 12:22:58] GetDeviceList: Attempt 1, Index 16, MTMICRGetDevice returned 6, DeviceName: 
[2026-07-14 12:22:58] GetDeviceList: Attempt 1, Index 17, MTMICRGetDevice returned 6, DeviceName: 
[2026-07-14 12:22:58] GetDeviceList: Attempt 1, Index 18, MTMICRGetDevice returned 6, DeviceName: 
[2026-07-14 12:22:58] GetDeviceList: Attempt 1, Index 19, MTMICRGetDevice returned 6, DeviceName: 
[2026-07-14 12:22:58] GetDeviceList: Attempt 1, Index 20, MTMICRGetDevice returned 6, DeviceName: 
[2026-07-14 12:22:58] GetDeviceList: Found 1 devices on attempt 1: STX.STX001
[2026-07-14 12:22:58] GetDeviceList: Final list: STX.STX001
[2026-07-14 12:22:58] Dispose: Closing resources
[2026-07-14 12:22:58] Dispose: Closed log file handle
[2026-07-14 12:22:58] SetupLogging: Log file initialized at C:\Users\USG\Downloads\ChequeScannerApp\backend\ScannerApi\bin\Release\net6.0\win-x86\debug.log
[2026-07-14 12:22:58] Constructor: Initial DocType=CHECK
[2026-07-14 12:22:58] ConnectSpecificDevice: MTMICROpenDevice for STX.STX001 returned 0
[2026-07-14 12:22:58] ConnectSpecificDevice: Device opened successfully: STX.STX001, DocType=CHECK
[2026-07-14 12:22:58] Dispose: Closing resources
[2026-07-14 12:22:58] Dispose: Closed log file handle
[2026-07-14 12:22:58] Dispose: Closed device connection
[2026-07-14 12:23:03] SetupLogging: Log file initialized at C:\Users\USG\Downloads\ChequeScannerApp\backend\ScannerApi\bin\Release\net6.0\win-x86\debug.log
[2026-07-14 12:23:03] Constructor: Initial DocType=CHECK
[2026-07-14 12:23:03] SetDocType: Document type set to CHECK
[2026-07-14 12:23:03] Dispose: Closing resources
[2026-07-14 12:23:03] Dispose: Closed log file handle
[2026-07-14 12:23:03] SetupLogging: Log file initialized at C:\Users\USG\Downloads\ChequeScannerApp\backend\ScannerApi\bin\Release\net6.0\win-x86\debug.log
[2026-07-14 12:23:03] Constructor: Initial DocType=CHECK
[2026-07-14 12:23:03] ScanVoucher: Starting scan with DocType=CHECK, Device=STX.STX001
[2026-07-14 12:23:03] GetFirstDevice: Attempt 1, Index 1, MTMICRGetDevice returned 0, DeviceName: STX.STX001
[2026-07-14 12:23:03] GetFirstDevice: Added device: STX.STX001
[2026-07-14 12:23:03] GetFirstDevice: Attempt 1, Index 2, MTMICRGetDevice returned 6, DeviceName: 
[2026-07-14 12:23:03] GetFirstDevice: Attempt 1, Index 3, MTMICRGetDevice returned 6, DeviceName: 
[2026-07-14 12:23:03] GetFirstDevice: Attempt 1, Index 4, MTMICRGetDevice returned 6, DeviceName: 
[2026-07-14 12:23:03] GetFirstDevice: Attempt 1, Index 5, MTMICRGetDevice returned 6, DeviceName: 
[2026-07-14 12:23:03] GetFirstDevice: Attempt 1, Index 6, MTMICRGetDevice returned 6, DeviceName: 
[2026-07-14 12:23:03] GetFirstDevice: Attempt 1, Index 7, MTMICRGetDevice returned 6, DeviceName: 
[2026-07-14 12:23:03] GetFirstDevice: Attempt 1, Index 8, MTMICRGetDevice returned 6, DeviceName: 
[2026-07-14 12:23:03] GetFirstDevice: Attempt 1, Index 9, MTMICRGetDevice returned 6, DeviceName: 
[2026-07-14 12:23:03] GetFirstDevice: Attempt 1, Index 10, MTMICRGetDevice returned 6, DeviceName: 
[2026-07-14 12:23:03] GetFirstDevice: Attempt 1, Index 11, MTMICRGetDevice returned 6, DeviceName: 
[2026-07-14 12:23:03] GetFirstDevice: Attempt 1, Index 12, MTMICRGetDevice returned 6, DeviceName: 
[2026-07-14 12:23:03] GetFirstDevice: Attempt 1, Index 13, MTMICRGetDevice returned 6, DeviceName: 
[2026-07-14 12:23:03] GetFirstDevice: Attempt 1, Index 14, MTMICRGetDevice returned 6, DeviceName: 
[2026-07-14 12:23:03] GetFirstDevice: Attempt 1, Index 15, MTMICRGetDevice returned 6, DeviceName: 
[2026-07-14 12:23:03] GetFirstDevice: Attempt 1, Index 16, MTMICRGetDevice returned 6, DeviceName: 
[2026-07-14 12:23:03] GetFirstDevice: Attempt 1, Index 17, MTMICRGetDevice returned 6, DeviceName: 
[2026-07-14 12:23:03] GetFirstDevice: Attempt 1, Index 18, MTMICRGetDevice returned 6, DeviceName: 
[2026-07-14 12:23:03] GetFirstDevice: Attempt 1, Index 19, MTMICRGetDevice returned 6, DeviceName: 
[2026-07-14 12:23:03] GetFirstDevice: Attempt 1, Index 20, MTMICRGetDevice returned 6, DeviceName: 
[2026-07-14 12:23:03] GetFirstDevice: Selected device: STX.STX001 on attempt 1, DocType=CHECK
[2026-07-14 12:23:03] ScanVoucher: MTMICROpenDevice returned 0
[2026-07-14 12:23:03] ScanVoucher: Device opened successfully: STX.STX001, DocType=CHECK
[2026-07-14 12:23:03] ScanVoucher: Closed device STX.STX001 for reset
[2026-07-14 12:23:03] ScanVoucher: Reopened device STX.STX001, returned 0
[2026-07-14 12:23:03] SetupOptions: Options set for CHECK: <?xml version="1.0"?>
<DeviceSettings><Application><Transfer>HTTP</Transfer><DocUnits>ENGLISH</DocUnits></Application><ProcessOptions><DocFeedTimeout>10000</DocFeedTimeout><DocFeed>MANUAL</DocFeed><ReadMICR>E13B</ReadMICR><MICRFmt>6200</MICRFmt></ProcessOptions><ImageOptions><Number>2</Number><ImageSide1>FRONT</ImageSide1><ImageSide2>BACK</ImageSide2><ImageColor1>COL24</ImageColor1><ImageColor2>COL24</ImageColor2><Resolution1>100x100</Resolution1><Resolution2>100x100</Resolution2><Compression1>JPEG</Compression1><Compression2>JPEG</Compression2><FileType1>JPG</FileType1><FileType2>JPG</FileType2></ImageOptions></DeviceSettings>

[2026-07-14 12:23:03] ScanVoucher: Attempt 1 calling MTMICRProcessCheck with Options=<?xml version="1.0"?>
<DeviceSettings><Application><Transfer>HTTP</Transfer><DocUnits>ENGLISH</DocUnits></Application><ProcessOptions><DocFeedTimeout>10000</DocFeedTimeout><DocFeed>MANUAL</DocFeed><ReadMICR>E13B</ReadMICR><MICRFmt>6200</MICRFmt></ProcessOptions><ImageOptions><Number>2</Number><ImageSide1>FRONT</ImageSide1><ImageSide2>BACK</ImageSide2><ImageColor1>COL24</ImageColor1><ImageColor2>COL24</ImageColor2><Resolution1>100x100</Resolution1><Resolution2>100x100</Resolution2><Compression1>JPEG</Compression1><Compression2>JPEG</Compression2><FileType1>JPG</FileType1><FileType2>JPG</FileType2></ImageOptions></DeviceSettings>

[2026-07-14 12:23:07] ScanVoucher: Attempt 1 MTMICRProcessCheck returned 0, ResponseLength=4096, DocInfo=<?xml version="1.0" encoding="utf-8"?><DeviceInformation>
<CommandStatus>
<BadData>NONE</BadData>
<CheckDS>F</CheckDS>
<KVErrCnt>1</KVErrCnt>
<KVErrCode1>154</KVErrCode1>
<KVErrVal1>MICRFmt</KVErrVal1>
<ResponseType>CHECK</ResponseType>
<ReturnCode>0</ReturnCode>
<ReturnMsg>OK</ReturnMsg>
</CommandStatus>
<DeviceStatus>
<AccessGuide>LATCHED</AccessGuide>
<AutoFeeder>NOTSUP</AutoFeeder>
<FrontInk>OK</FrontInk>
<FrontPrinter>PRESENT</FrontPrinter>
<IDFeeder>EMPTY</IDFeeder>
<Ink>OK</Ink>
<LED1>NNNN</LED1>
<LED2>GGGG</LED2>
<LED3>NNNN</LED3>
<Lamp1>OK</Lamp1>
<Lamp2>OK</Lamp2>
<ManualFeeder>EMPTY</ManualFeeder>
<Path>OK</Path>
<Printer>PRESENT</Printer>
<RTCBattery>OK</RTCBattery>
<RawSensors>384</RawSensors>
<ScanCalibStatus>FACTORY</ScanCalibStatus>
<SnsrCalibStatus>FACTORY</SnsrCalibStatus>
<StartTimeout>4000</StartTimeout>
<State>ONLINE</State>
</DeviceStatus>
<DocInfo>
<DocHeight>2840</DocHeight>
<DocUnits>ENGLISH</DocUnits>
<DocWidth>6880</DocWidth>
<MICRAcct></MICRAcct>
<MICRAmt></MICRAmt>
<MICRAux></MICRAux>
<MICRBankNum></MICRBankNum>
<MICRChkType>PERSONAL</MICRChkType>
<MICRCountry>USA</MICRCountry>
<MICRDecode>ERROR</MICRDecode>
<MICREPC></MICREPC>
<MICRFont>E13B</MICRFont>
<MICROnUs></MICROnUs>
<MICROut></MICROut>
<MICRParseSts0>2047</MICRParseSts0>
<MICRParseSts1>01</MICRParseSts1>
<MICRRaw></MICRRaw>
<MICRSerNum></MICRSerNum>
<MICRTPC></MICRTPC>
<MICRTransit></MICRTransit>
</DocInfo>
<ImageInfo>
<ImageSHA1Key1>NONE</ImageSHA1Key1>
<ImageSHA1Key2>NONE</ImageSHA1Key2>
<ImageSize1>50994</ImageSize1>
<ImageSize2>36023</ImageSize2>
<ImageURL1>/chkimg/FRONT100COL24_1.JPG</ImageURL1>
<ImageURL2>/chkimg/BACK100COL24_2.JPG</ImageURL2>
<Number>2</Number>
</ImageInfo>
</DeviceInformation>
   
[2026-07-14 12:23:07] ScanVoucher: CommandStatus ReturnCode: 0
[2026-07-14 12:23:07] ExtractVoucherData: MICRRaw retrieved: , RetCode=0
[2026-07-14 12:23:07] ExtractVoucherData: AccountNumber retrieved: , RetCode=17
[2026-07-14 12:23:07] ExtractVoucherData: RoutingNumber retrieved: , RetCode=17
[2026-07-14 12:23:07] ExtractVoucherData: FrontImageSize retrieved: 50994, RetCode=0
[2026-07-14 12:23:07] ExtractVoucherData: FrontImageURL retrieved: /chkimg/FRONT100COL24_1.JPG, RetCode=0
[2026-07-14 12:23:07] ExtractVoucherData: FrontImage attempt 1 MTMICRGetImage returned 0, Size=50994
[2026-07-14 12:23:07] ExtractVoucherData: FrontImage Base64 length=67992
[2026-07-14 12:23:07] ExtractVoucherData: Attempting to save front image to C:\Users\USG\Downloads\ChequeScannerApp\backend\ScannerApi\bin\Release\net6.0\win-x86\ScannedImages\front_20260714_122307.jpg
[2026-07-14 12:23:07] ExtractVoucherData: Saved front image to C:\Users\USG\Downloads\ChequeScannerApp\backend\ScannerApi\bin\Release\net6.0\win-x86\ScannedImages\front_20260714_122307.jpg, Size=50994 bytes
[2026-07-14 12:23:07] ExtractVoucherData: Saved raw front image to C:\Users\USG\Downloads\ChequeScannerApp\backend\ScannerApi\bin\Release\net6.0\win-x86\ScannedImages\raw_front_20260714_122307.jpg
[2026-07-14 12:23:07] ExtractVoucherData: BackImageSize retrieved: 36023, RetCode=0
[2026-07-14 12:23:07] ExtractVoucherData: BackImageURL retrieved: /chkimg/BACK100COL24_2.JPG, RetCode=0
[2026-07-14 12:23:07] ExtractVoucherData: BackImage attempt 1 MTMICRGetImage returned 0, Size=36023
[2026-07-14 12:23:07] ExtractVoucherData: BackImage Base64 length=48032
[2026-07-14 12:23:07] ExtractVoucherData: Attempting to save back image to C:\Users\USG\Downloads\ChequeScannerApp\backend\ScannerApi\bin\Release\net6.0\win-x86\ScannedImages\back_20260714_122307.jpg
[2026-07-14 12:23:07] ExtractVoucherData: Saved back image to C:\Users\USG\Downloads\ChequeScannerApp\backend\ScannerApi\bin\Release\net6.0\win-x86\ScannedImages\back_20260714_122307.jpg, Size=36023 bytes
[2026-07-14 12:23:07] ScanVoucher: Voucher data extracted: voucherNo=scan, checkNumber=, narration=
[2026-07-14 12:23:07] Dispose: Closing resources
[2026-07-14 12:23:07] Dispose: Closed log file handle
[2026-07-14 12:23:07] Dispose: Closed device connection
[2026-07-14 12:25:36] SetupLogging: Log file initialized at C:\Users\USG\Downloads\ChequeScannerApp\backend\ScannerApi\bin\Release\net6.0\win-x86\debug.log
[2026-07-14 12:25:36] Constructor: Initial DocType=CHECK
[2026-07-14 12:25:36] SetDocType: Document type set to CHECK
[2026-07-14 12:25:36] Dispose: Closing resources
[2026-07-14 12:25:36] Dispose: Closed log file handle
[2026-07-14 12:25:36] SetupLogging: Log file initialized at C:\Users\USG\Downloads\ChequeScannerApp\backend\ScannerApi\bin\Release\net6.0\win-x86\debug.log
[2026-07-14 12:25:36] Constructor: Initial DocType=CHECK
[2026-07-14 12:25:36] ScanVoucher: Starting scan with DocType=CHECK, Device=STX.STX001
[2026-07-14 12:25:36] GetFirstDevice: Attempt 1, Index 1, MTMICRGetDevice returned 0, DeviceName: STX.STX001
[2026-07-14 12:25:36] GetFirstDevice: Added device: STX.STX001
[2026-07-14 12:25:36] GetFirstDevice: Attempt 1, Index 2, MTMICRGetDevice returned 6, DeviceName: 
[2026-07-14 12:25:36] GetFirstDevice: Attempt 1, Index 3, MTMICRGetDevice returned 6, DeviceName: 
[2026-07-14 12:25:36] GetFirstDevice: Attempt 1, Index 4, MTMICRGetDevice returned 6, DeviceName: 
[2026-07-14 12:25:36] GetFirstDevice: Attempt 1, Index 5, MTMICRGetDevice returned 6, DeviceName: 
[2026-07-14 12:25:36] GetFirstDevice: Attempt 1, Index 6, MTMICRGetDevice returned 6, DeviceName: 
[2026-07-14 12:25:36] GetFirstDevice: Attempt 1, Index 7, MTMICRGetDevice returned 6, DeviceName: 
[2026-07-14 12:25:36] GetFirstDevice: Attempt 1, Index 8, MTMICRGetDevice returned 6, DeviceName: 
[2026-07-14 12:25:36] GetFirstDevice: Attempt 1, Index 9, MTMICRGetDevice returned 6, DeviceName: 
[2026-07-14 12:25:36] GetFirstDevice: Attempt 1, Index 10, MTMICRGetDevice returned 6, DeviceName: 
[2026-07-14 12:25:36] GetFirstDevice: Attempt 1, Index 11, MTMICRGetDevice returned 6, DeviceName: 
[2026-07-14 12:25:36] GetFirstDevice: Attempt 1, Index 12, MTMICRGetDevice returned 6, DeviceName: 
[2026-07-14 12:25:36] GetFirstDevice: Attempt 1, Index 13, MTMICRGetDevice returned 6, DeviceName: 
[2026-07-14 12:25:36] GetFirstDevice: Attempt 1, Index 14, MTMICRGetDevice returned 6, DeviceName: 
[2026-07-14 12:25:36] GetFirstDevice: Attempt 1, Index 15, MTMICRGetDevice returned 6, DeviceName: 
[2026-07-14 12:25:36] GetFirstDevice: Attempt 1, Index 16, MTMICRGetDevice returned 6, DeviceName: 
[2026-07-14 12:25:36] GetFirstDevice: Attempt 1, Index 17, MTMICRGetDevice returned 6, DeviceName: 
[2026-07-14 12:25:36] GetFirstDevice: Attempt 1, Index 18, MTMICRGetDevice returned 6, DeviceName: 
[2026-07-14 12:25:36] GetFirstDevice: Attempt 1, Index 19, MTMICRGetDevice returned 6, DeviceName: 
[2026-07-14 12:25:36] GetFirstDevice: Attempt 1, Index 20, MTMICRGetDevice returned 6, DeviceName: 
[2026-07-14 12:25:36] GetFirstDevice: Selected device: STX.STX001 on attempt 1, DocType=CHECK
[2026-07-14 12:25:36] ScanVoucher: MTMICROpenDevice returned 0
[2026-07-14 12:25:36] ScanVoucher: Device opened successfully: STX.STX001, DocType=CHECK
[2026-07-14 12:25:36] ScanVoucher: Closed device STX.STX001 for reset
[2026-07-14 12:25:36] ScanVoucher: Reopened device STX.STX001, returned 0
[2026-07-14 12:25:36] SetupOptions: Options set for CHECK: <?xml version="1.0"?>
<DeviceSettings><Application><Transfer>HTTP</Transfer><DocUnits>ENGLISH</DocUnits></Application><ProcessOptions><DocFeedTimeout>10000</DocFeedTimeout><DocFeed>MANUAL</DocFeed><ReadMICR>E13B</ReadMICR><MICRFmt>6200</MICRFmt></ProcessOptions><ImageOptions><Number>2</Number><ImageSide1>FRONT</ImageSide1><ImageSide2>BACK</ImageSide2><ImageColor1>COL24</ImageColor1><ImageColor2>COL24</ImageColor2><Resolution1>100x100</Resolution1><Resolution2>100x100</Resolution2><Compression1>JPEG</Compression1><Compression2>JPEG</Compression2><FileType1>JPG</FileType1><FileType2>JPG</FileType2></ImageOptions></DeviceSettings>

[2026-07-14 12:25:36] ScanVoucher: Attempt 1 calling MTMICRProcessCheck with Options=<?xml version="1.0"?>
<DeviceSettings><Application><Transfer>HTTP</Transfer><DocUnits>ENGLISH</DocUnits></Application><ProcessOptions><DocFeedTimeout>10000</DocFeedTimeout><DocFeed>MANUAL</DocFeed><ReadMICR>E13B</ReadMICR><MICRFmt>6200</MICRFmt></ProcessOptions><ImageOptions><Number>2</Number><ImageSide1>FRONT</ImageSide1><ImageSide2>BACK</ImageSide2><ImageColor1>COL24</ImageColor1><ImageColor2>COL24</ImageColor2><Resolution1>100x100</Resolution1><Resolution2>100x100</Resolution2><Compression1>JPEG</Compression1><Compression2>JPEG</Compression2><FileType1>JPG</FileType1><FileType2>JPG</FileType2></ImageOptions></DeviceSettings>

[2026-07-14 12:25:41] ScanVoucher: Attempt 1 MTMICRProcessCheck returned 0, ResponseLength=4096, DocInfo=<?xml version="1.0" encoding="utf-8"?><DeviceInformation>
<CommandStatus>
<BadData>NONE</BadData>
<CheckDS>F</CheckDS>
<KVErrCnt>1</KVErrCnt>
<KVErrCode1>154</KVErrCode1>
<KVErrVal1>MICRFmt</KVErrVal1>
<ResponseType>CHECK</ResponseType>
<ReturnCode>0</ReturnCode>
<ReturnMsg>OK</ReturnMsg>
</CommandStatus>
<DeviceStatus>
<AccessGuide>LATCHED</AccessGuide>
<AutoFeeder>NOTSUP</AutoFeeder>
<FrontInk>OK</FrontInk>
<FrontPrinter>PRESENT</FrontPrinter>
<IDFeeder>EMPTY</IDFeeder>
<Ink>OK</Ink>
<LED1>NNNN</LED1>
<LED2>GGGG</LED2>
<LED3>NNNN</LED3>
<Lamp1>OK</Lamp1>
<Lamp2>OK</Lamp2>
<ManualFeeder>EMPTY</ManualFeeder>
<Path>OK</Path>
<Printer>PRESENT</Printer>
<RTCBattery>OK</RTCBattery>
<RawSensors>384</RawSensors>
<ScanCalibStatus>FACTORY</ScanCalibStatus>
<SnsrCalibStatus>FACTORY</SnsrCalibStatus>
<StartTimeout>4000</StartTimeout>
<State>ONLINE</State>
</DeviceStatus>
<DocInfo>
<DocHeight>2810</DocHeight>
<DocUnits>ENGLISH</DocUnits>
<DocWidth>6880</DocWidth>
<MICRAcct>211</MICRAcct>
<MICRAmt></MICRAmt>
<MICRAux>000024</MICRAux>
<MICRBankNum>0078</MICRBankNum>
<MICRChkType>BUSINESS</MICRChkType>
<MICRCountry>USA</MICRCountry>
<MICRDecode>ERROR</MICRDecode>
<MICREPC>9</MICREPC>
<MICRFont>E13B</MICRFont>
<MICROnUs>211U01</MICROnUs>
<MICROut>U000024U?90109T9040007857211U01</MICROut>
<MICRParseSts0>0104</MICRParseSts0>
<MICRParseSts1>05</MICRParseSts1>
<MICRRaw>U000024U?90109T9040007857211U01</MICRRaw>
<MICRSerNum>000024</MICRSerNum>
<MICRTPC>01</MICRTPC>
<MICRTransit>904000785</MICRTransit>
</DocInfo>
<ImageInfo>
<ImageSHA1Key1>NONE</ImageSHA1Key1>
<ImageSHA1Key2>NONE</ImageSHA1Key2>
<ImageSize1>50181</ImageSize1>
<ImageSize2>36075</ImageSize2>
<ImageURL1>/chkimg/FRONT100COL24_1.JPG</ImageURL1>
<ImageURL2>/chkimg/BACK100COL24_2.JPG</ImageURL2>
<Number>2</Number>
</ImageInfo>
</DeviceInformation>
  
[2026-07-14 12:25:41] ScanVoucher: CommandStatus ReturnCode: 0
[2026-07-14 12:25:41] ExtractVoucherData: MICRRaw retrieved: U000024U?90109T9040007857211U01, RetCode=0
[2026-07-14 12:25:41] ExtractVoucherData: Parsed MICR - CheckNo: 000024, RoutingNo: 90109, AccountNo: 9040007857211, BankCode: 01
[2026-07-14 12:25:41] ExtractVoucherData: AccountNumber retrieved: 9040007857211, RetCode=17
[2026-07-14 12:25:41] ExtractVoucherData: RoutingNumber retrieved: 90109, RetCode=17
[2026-07-14 12:25:41] ExtractVoucherData: FrontImageSize retrieved: 50181, RetCode=0
[2026-07-14 12:25:41] ExtractVoucherData: FrontImageURL retrieved: /chkimg/FRONT100COL24_1.JPG, RetCode=0
[2026-07-14 12:25:41] ExtractVoucherData: FrontImage attempt 1 MTMICRGetImage returned 0, Size=50181
[2026-07-14 12:25:41] ExtractVoucherData: FrontImage Base64 length=66908
[2026-07-14 12:25:41] ExtractVoucherData: Attempting to save front image to C:\Users\USG\Downloads\ChequeScannerApp\backend\ScannerApi\bin\Release\net6.0\win-x86\ScannedImages\front_20260714_122541.jpg
[2026-07-14 12:25:41] ExtractVoucherData: Saved front image to C:\Users\USG\Downloads\ChequeScannerApp\backend\ScannerApi\bin\Release\net6.0\win-x86\ScannedImages\front_20260714_122541.jpg, Size=50181 bytes
[2026-07-14 12:25:41] ExtractVoucherData: Saved raw front image to C:\Users\USG\Downloads\ChequeScannerApp\backend\ScannerApi\bin\Release\net6.0\win-x86\ScannedImages\raw_front_20260714_122541.jpg
[2026-07-14 12:25:41] ExtractVoucherData: BackImageSize retrieved: 36075, RetCode=0
[2026-07-14 12:25:41] ExtractVoucherData: BackImageURL retrieved: /chkimg/BACK100COL24_2.JPG, RetCode=0
[2026-07-14 12:25:41] ExtractVoucherData: BackImage attempt 1 MTMICRGetImage returned 0, Size=36075
[2026-07-14 12:25:41] ExtractVoucherData: BackImage Base64 length=48100
[2026-07-14 12:25:41] ExtractVoucherData: Attempting to save back image to C:\Users\USG\Downloads\ChequeScannerApp\backend\ScannerApi\bin\Release\net6.0\win-x86\ScannedImages\back_20260714_122541.jpg
[2026-07-14 12:25:41] ExtractVoucherData: Saved back image to C:\Users\USG\Downloads\ChequeScannerApp\backend\ScannerApi\bin\Release\net6.0\win-x86\ScannedImages\back_20260714_122541.jpg, Size=36075 bytes
[2026-07-14 12:25:41] ScanVoucher: Voucher data extracted: voucherNo=scan, checkNumber=000024, narration=
[2026-07-14 12:25:41] Dispose: Closing resources
[2026-07-14 12:25:41] Dispose: Closed log file handle
[2026-07-14 12:25:41] Dispose: Closed device connection
[2026-07-14 12:34:25] SetupLogging: Log file initialized at C:\Users\USG\Downloads\ChequeScannerApp\backend\ScannerApi\bin\Release\net6.0\win-x86\debug.log
[2026-07-14 12:34:25] Constructor: Initial DocType=CHECK
[2026-07-14 12:34:25] SetDocType: Document type set to MSR
[2026-07-14 12:34:25] Dispose: Closing resources
[2026-07-14 12:34:25] Dispose: Closed log file handle
[2026-07-14 12:34:25] SetupLogging: Log file initialized at C:\Users\USG\Downloads\ChequeScannerApp\backend\ScannerApi\bin\Release\net6.0\win-x86\debug.log
[2026-07-14 12:34:25] Constructor: Initial DocType=MSR
[2026-07-14 12:34:25] ScanVoucher: Starting scan with DocType=MSR, Device=STX.STX001
[2026-07-14 12:34:25] GetFirstDevice: Attempt 1, Index 1, MTMICRGetDevice returned 0, DeviceName: STX.STX001
[2026-07-14 12:34:25] GetFirstDevice: Added device: STX.STX001
[2026-07-14 12:34:25] GetFirstDevice: Attempt 1, Index 2, MTMICRGetDevice returned 6, DeviceName: 
[2026-07-14 12:34:25] GetFirstDevice: Attempt 1, Index 3, MTMICRGetDevice returned 6, DeviceName: 
[2026-07-14 12:34:25] GetFirstDevice: Attempt 1, Index 4, MTMICRGetDevice returned 6, DeviceName: 
[2026-07-14 12:34:25] GetFirstDevice: Attempt 1, Index 5, MTMICRGetDevice returned 6, DeviceName: 
[2026-07-14 12:34:25] GetFirstDevice: Attempt 1, Index 6, MTMICRGetDevice returned 6, DeviceName: 
[2026-07-14 12:34:25] GetFirstDevice: Attempt 1, Index 7, MTMICRGetDevice returned 6, DeviceName: 
[2026-07-14 12:34:25] GetFirstDevice: Attempt 1, Index 8, MTMICRGetDevice returned 6, DeviceName: 
[2026-07-14 12:34:25] GetFirstDevice: Attempt 1, Index 9, MTMICRGetDevice returned 6, DeviceName: 
[2026-07-14 12:34:25] GetFirstDevice: Attempt 1, Index 10, MTMICRGetDevice returned 6, DeviceName: 
[2026-07-14 12:34:25] GetFirstDevice: Attempt 1, Index 11, MTMICRGetDevice returned 6, DeviceName: 
[2026-07-14 12:34:25] GetFirstDevice: Attempt 1, Index 12, MTMICRGetDevice returned 6, DeviceName: 
[2026-07-14 12:34:25] GetFirstDevice: Attempt 1, Index 13, MTMICRGetDevice returned 6, DeviceName: 
[2026-07-14 12:34:25] GetFirstDevice: Attempt 1, Index 14, MTMICRGetDevice returned 6, DeviceName: 
[2026-07-14 12:34:25] GetFirstDevice: Attempt 1, Index 15, MTMICRGetDevice returned 6, DeviceName: 
[2026-07-14 12:34:25] GetFirstDevice: Attempt 1, Index 16, MTMICRGetDevice returned 6, DeviceName: 
[2026-07-14 12:34:25] GetFirstDevice: Attempt 1, Index 17, MTMICRGetDevice returned 6, DeviceName: 
[2026-07-14 12:34:25] GetFirstDevice: Attempt 1, Index 18, MTMICRGetDevice returned 6, DeviceName: 
[2026-07-14 12:34:25] GetFirstDevice: Attempt 1, Index 19, MTMICRGetDevice returned 6, DeviceName: 
[2026-07-14 12:34:25] GetFirstDevice: Attempt 1, Index 20, MTMICRGetDevice returned 6, DeviceName: 
[2026-07-14 12:34:25] GetFirstDevice: Selected device: STX.STX001 on attempt 1, DocType=MSR
[2026-07-14 12:34:25] ScanVoucher: MTMICROpenDevice returned 0
[2026-07-14 12:34:25] ScanVoucher: Device opened successfully: STX.STX001, DocType=MSR
[2026-07-14 12:34:25] ScanVoucher: Closed device STX.STX001 for reset
[2026-07-14 12:34:25] ScanVoucher: Reopened device STX.STX001, returned 0
[2026-07-14 12:34:25] SetupOptions: Options set for MSR: <?xml version="1.0"?>
<DeviceSettings><ProcessOptions><DocFeed>MSR</DocFeed><DocFeedTimeout>15000</DocFeedTimeout><MSRFmt>ISO</MSRFmt></ProcessOptions></DeviceSettings>

[2026-07-14 12:34:25] ScanVoucher: Attempt 1 calling MTMICRProcessCheck with Options=<?xml version="1.0"?>
<DeviceSettings><ProcessOptions><DocFeed>MSR</DocFeed><DocFeedTimeout>15000</DocFeedTimeout><MSRFmt>ISO</MSRFmt></ProcessOptions></DeviceSettings>

[2026-07-14 12:34:27] ScanVoucher: Attempt 1 MTMICRProcessCheck returned 0, ResponseLength=4096, DocInfo=<?xml version="1.0" encoding="utf-8"?><DeviceInformation>
<CommandStatus>
<BadData>NONE</BadData>
<CheckDS>F</CheckDS>
<KVErrCnt>1</KVErrCnt>
<KVErrCode1>154</KVErrCode1>
<KVErrVal1>MSRFmt</KVErrVal1>
<ResponseType>MSR</ResponseType>
<ReturnCode>0</ReturnCode>
<ReturnMsg>OK</ReturnMsg>
</CommandStatus>
<DeviceStatus>
<AccessGuide>LATCHED</AccessGuide>
<AutoFeeder>NOTSUP</AutoFeeder>
<FrontInk>OK</FrontInk>
<FrontPrinter>PRESENT</FrontPrinter>
<IDFeeder>EMPTY</IDFeeder>
<Ink>OK</Ink>
<LED1>NNNN</LED1>
<LED2>GGNN</LED2>
<LED3>NNNN</LED3>
<Lamp1>OK</Lamp1>
<Lamp2>OK</Lamp2>
<ManualFeeder>EMPTY</ManualFeeder>
<Path>OK</Path>
<Printer>PRESENT</Printer>
<RTCBattery>OK</RTCBattery>
<RawSensors>0</RawSensors>
<ScanCalibStatus>FACTORY</ScanCalibStatus>
<SnsrCalibStatus>FACTORY</SnsrCalibStatus>
<StartTimeout>4000</StartTimeout>
<State>ONLINE</State>
</DeviceStatus>
<MSRInfo>
<CardType>ISO</CardType>
<DUKPTserialnumber></DUKPTserialnumber>
<DeviceSerialNumber></DeviceSerialNumber>
<EncryptedSessionID></EncryptedSessionID>
<EncryptedTrackData1></EncryptedTrackData1>
<EncryptedTrackData2></EncryptedTrackData2>
<EncryptedTrackData3></EncryptedTrackData3>
<MPData></MPData>
<MPStatus></MPStatus>
<TrackData1>%B4846809564148561^CARDHOLDER/VISA^3006206172520000000000961000000?</TrackData1>
<TrackData2>;4846809564148561=30062061725296100000?</TrackData2>
<TrackData3></TrackData3>
<TrackStatus1>OK</TrackStatus1>
<TrackStatus2>OK</TrackStatus2>
<TrackStatus3>NONE</TrackStatus3>
</MSRInfo>
</DeviceInformation>
   
[2026-07-14 12:34:27] ScanVoucher: CommandStatus ReturnCode: 0
[2026-07-14 12:34:27] ExtractVoucherData: TrackData1 retrieved: %B4846809564148561^CARDHOLDER/VISA^3006206172520000000000961000000?, RetCode=0
[2026-07-14 12:34:27] ExtractVoucherData: TrackData2 retrieved: ;4846809564148561=30062061725296100000?, RetCode=0
[2026-07-14 12:34:27] ExtractVoucherData: TrackData3 retrieved: , RetCode=0
[2026-07-14 12:34:27] ExtractVoucherData: MPData retrieved: , RetCode=0
[2026-07-14 12:34:27] ExtractVoucherData: CardType retrieved: ISO, RetCode=0
[2026-07-14 12:34:27] ExtractVoucherData: MagnePrintStatus retrieved: , RetCode=17
[2026-07-14 12:34:27] ExtractVoucherData: Track1Status retrieved: , RetCode=17
[2026-07-14 12:34:27] ExtractVoucherData: Track2Status retrieved: , RetCode=17
[2026-07-14 12:34:27] ExtractVoucherData: Track3Status retrieved: , RetCode=17
[2026-07-14 12:34:27] ExtractVoucherData: GetScore retrieved: , RetCode=17
[2026-07-14 12:34:27] ExtractVoucherData: DeviceSerialNumber retrieved: , RetCode=17
[2026-07-14 12:34:27] ExtractVoucherData: DUKPTSerialNumber retrieved: , RetCode=17
[2026-07-14 12:34:27] ExtractVoucherData: EncryptedSessionID retrieved: , RetCode=0
[2026-07-14 12:34:27] ExtractVoucherData: EncryptedTrack1 retrieved: , RetCode=17
[2026-07-14 12:34:27] ExtractVoucherData: EncryptedTrack2 retrieved: , RetCode=17
[2026-07-14 12:34:27] ExtractVoucherData: EncryptedTrack3 retrieved: , RetCode=17
[2026-07-14 12:34:27] ScanVoucher: Voucher data extracted: voucherNo=;4846809564148561=30062061725296100000?, checkNumber=, narration=
[2026-07-14 12:34:27] Dispose: Closing resources
[2026-07-14 12:34:27] Dispose: Closed log file handle
[2026-07-14 12:34:27] Dispose: Closed device connection
[2026-07-14 12:35:19] SetupLogging: Log file initialized at C:\Users\USG\Downloads\ChequeScannerApp\backend\ScannerApi\bin\Release\net6.0\win-x86\debug.log
[2026-07-14 12:35:19] Constructor: Initial DocType=MSR
[2026-07-14 12:35:19] SetDocType: Document type set to MSR
[2026-07-14 12:35:19] Dispose: Closing resources
[2026-07-14 12:35:19] Dispose: Closed log file handle
[2026-07-14 12:35:19] SetupLogging: Log file initialized at C:\Users\USG\Downloads\ChequeScannerApp\backend\ScannerApi\bin\Release\net6.0\win-x86\debug.log
[2026-07-14 12:35:19] Constructor: Initial DocType=MSR
[2026-07-14 12:35:19] ScanVoucher: Starting scan with DocType=MSR, Device=STX.STX001
[2026-07-14 12:35:19] GetFirstDevice: Attempt 1, Index 1, MTMICRGetDevice returned 0, DeviceName: STX.STX001
[2026-07-14 12:35:19] GetFirstDevice: Added device: STX.STX001
[2026-07-14 12:35:19] GetFirstDevice: Attempt 1, Index 2, MTMICRGetDevice returned 6, DeviceName: 
[2026-07-14 12:35:19] GetFirstDevice: Attempt 1, Index 3, MTMICRGetDevice returned 6, DeviceName: 
[2026-07-14 12:35:19] GetFirstDevice: Attempt 1, Index 4, MTMICRGetDevice returned 6, DeviceName: 
[2026-07-14 12:35:19] GetFirstDevice: Attempt 1, Index 5, MTMICRGetDevice returned 6, DeviceName: 
[2026-07-14 12:35:19] GetFirstDevice: Attempt 1, Index 6, MTMICRGetDevice returned 6, DeviceName: 
[2026-07-14 12:35:19] GetFirstDevice: Attempt 1, Index 7, MTMICRGetDevice returned 6, DeviceName: 
[2026-07-14 12:35:19] GetFirstDevice: Attempt 1, Index 8, MTMICRGetDevice returned 6, DeviceName: 
[2026-07-14 12:35:19] GetFirstDevice: Attempt 1, Index 9, MTMICRGetDevice returned 6, DeviceName: 
[2026-07-14 12:35:19] GetFirstDevice: Attempt 1, Index 10, MTMICRGetDevice returned 6, DeviceName: 
[2026-07-14 12:35:19] GetFirstDevice: Attempt 1, Index 11, MTMICRGetDevice returned 6, DeviceName: 
[2026-07-14 12:35:19] GetFirstDevice: Attempt 1, Index 12, MTMICRGetDevice returned 6, DeviceName: 
[2026-07-14 12:35:19] GetFirstDevice: Attempt 1, Index 13, MTMICRGetDevice returned 6, DeviceName: 
[2026-07-14 12:35:19] GetFirstDevice: Attempt 1, Index 14, MTMICRGetDevice returned 6, DeviceName: 
[2026-07-14 12:35:19] GetFirstDevice: Attempt 1, Index 15, MTMICRGetDevice returned 6, DeviceName: 
[2026-07-14 12:35:19] GetFirstDevice: Attempt 1, Index 16, MTMICRGetDevice returned 6, DeviceName: 
[2026-07-14 12:35:19] GetFirstDevice: Attempt 1, Index 17, MTMICRGetDevice returned 6, DeviceName: 
[2026-07-14 12:35:19] GetFirstDevice: Attempt 1, Index 18, MTMICRGetDevice returned 6, DeviceName: 
[2026-07-14 12:35:19] GetFirstDevice: Attempt 1, Index 19, MTMICRGetDevice returned 6, DeviceName: 
[2026-07-14 12:35:19] GetFirstDevice: Attempt 1, Index 20, MTMICRGetDevice returned 6, DeviceName: 
[2026-07-14 12:35:19] GetFirstDevice: Selected device: STX.STX001 on attempt 1, DocType=MSR
[2026-07-14 12:35:19] ScanVoucher: MTMICROpenDevice returned 0
[2026-07-14 12:35:19] ScanVoucher: Device opened successfully: STX.STX001, DocType=MSR
[2026-07-14 12:35:19] ScanVoucher: Closed device STX.STX001 for reset
[2026-07-14 12:35:19] ScanVoucher: Reopened device STX.STX001, returned 0
[2026-07-14 12:35:19] SetupOptions: Options set for MSR: <?xml version="1.0"?>
<DeviceSettings><ProcessOptions><DocFeed>MSR</DocFeed><DocFeedTimeout>15000</DocFeedTimeout><MSRFmt>ISO</MSRFmt></ProcessOptions></DeviceSettings>

[2026-07-14 12:35:19] ScanVoucher: Attempt 1 calling MTMICRProcessCheck with Options=<?xml version="1.0"?>
<DeviceSettings><ProcessOptions><DocFeed>MSR</DocFeed><DocFeedTimeout>15000</DocFeedTimeout><MSRFmt>ISO</MSRFmt></ProcessOptions></DeviceSettings>

[2026-07-14 12:35:21] ScanVoucher: Attempt 1 MTMICRProcessCheck returned 0, ResponseLength=4096, DocInfo=<?xml version="1.0" encoding="utf-8"?><DeviceInformation>
<CommandStatus>
<BadData>NONE</BadData>
<CheckDS>F</CheckDS>
<KVErrCnt>1</KVErrCnt>
<KVErrCode1>154</KVErrCode1>
<KVErrVal1>MSRFmt</KVErrVal1>
<ResponseType>MSR</ResponseType>
<ReturnCode>0</ReturnCode>
<ReturnMsg>OK</ReturnMsg>
</CommandStatus>
<DeviceStatus>
<AccessGuide>LATCHED</AccessGuide>
<AutoFeeder>NOTSUP</AutoFeeder>
<FrontInk>OK</FrontInk>
<FrontPrinter>PRESENT</FrontPrinter>
<IDFeeder>EMPTY</IDFeeder>
<Ink>OK</Ink>
<LED1>NNNN</LED1>
<LED2>GGNN</LED2>
<LED3>NNNN</LED3>
<Lamp1>OK</Lamp1>
<Lamp2>OK</Lamp2>
<ManualFeeder>EMPTY</ManualFeeder>
<Path>OK</Path>
<Printer>PRESENT</Printer>
<RTCBattery>OK</RTCBattery>
<RawSensors>0</RawSensors>
<ScanCalibStatus>FACTORY</ScanCalibStatus>
<SnsrCalibStatus>FACTORY</SnsrCalibStatus>
<StartTimeout>4000</StartTimeout>
<State>ONLINE</State>
</DeviceStatus>
<MSRInfo>
<CardType>ISO</CardType>
<DUKPTserialnumber></DUKPTserialnumber>
<DeviceSerialNumber></DeviceSerialNumber>
<EncryptedSessionID></EncryptedSessionID>
<EncryptedTrackData1></EncryptedTrackData1>
<EncryptedTrackData2></EncryptedTrackData2>
<EncryptedTrackData3></EncryptedTrackData3>
<MPData></MPData>
<MPStatus></MPStatus>
<TrackData1>%B4846809564148561^CARDHOLDER/VISA^3006206172520000000000961000000?</TrackData1>
<TrackData2>;4846809564148561=30062061725296100000?</TrackData2>
<TrackData3></TrackData3>
<TrackStatus1>OK</TrackStatus1>
<TrackStatus2>OK</TrackStatus2>
<TrackStatus3>NONE</TrackStatus3>
</MSRInfo>
</DeviceInformation>
   
[2026-07-14 12:35:21] ScanVoucher: CommandStatus ReturnCode: 0
[2026-07-14 12:35:21] ExtractVoucherData: TrackData1 retrieved: %B4846809564148561^CARDHOLDER/VISA^3006206172520000000000961000000?, RetCode=0
[2026-07-14 12:35:21] ExtractVoucherData: TrackData2 retrieved: ;4846809564148561=30062061725296100000?, RetCode=0
[2026-07-14 12:35:21] ExtractVoucherData: TrackData3 retrieved: , RetCode=0
[2026-07-14 12:35:21] ExtractVoucherData: MPData retrieved: , RetCode=0
[2026-07-14 12:35:21] ExtractVoucherData: CardType retrieved: ISO, RetCode=0
[2026-07-14 12:35:21] ExtractVoucherData: MagnePrintStatus retrieved: , RetCode=17
[2026-07-14 12:35:21] ExtractVoucherData: Track1Status retrieved: , RetCode=17
[2026-07-14 12:35:21] ExtractVoucherData: Track2Status retrieved: , RetCode=17
[2026-07-14 12:35:21] ExtractVoucherData: Track3Status retrieved: , RetCode=17
[2026-07-14 12:35:21] ExtractVoucherData: GetScore retrieved: , RetCode=17
[2026-07-14 12:35:21] ExtractVoucherData: DeviceSerialNumber retrieved: , RetCode=17
[2026-07-14 12:35:21] ExtractVoucherData: DUKPTSerialNumber retrieved: , RetCode=17
[2026-07-14 12:35:21] ExtractVoucherData: EncryptedSessionID retrieved: , RetCode=0
[2026-07-14 12:35:21] ExtractVoucherData: EncryptedTrack1 retrieved: , RetCode=17
[2026-07-14 12:35:21] ExtractVoucherData: EncryptedTrack2 retrieved: , RetCode=17
[2026-07-14 12:35:21] ExtractVoucherData: EncryptedTrack3 retrieved: , RetCode=17
[2026-07-14 12:35:21] ScanVoucher: Voucher data extracted: voucherNo=;4846809564148561=30062061725296100000?, checkNumber=, narration=
[2026-07-14 12:35:21] Dispose: Closing resources
[2026-07-14 12:35:21] Dispose: Closed log file handle
[2026-07-14 12:35:21] Dispose: Closed device connection
[2026-07-14 13:25:11] SetupLogging: Log file initialized at C:\Users\USG\Downloads\ChequeScannerApp\backend\ScannerApi\bin\Release\net6.0\win-x86\debug.log
[2026-07-14 13:25:11] Constructor: Initial DocType=MSR
[2026-07-14 13:25:11] GetDeviceList: Attempt 1, Index 1, MTMICRGetDevice returned 0, DeviceName: STX.STX001
[2026-07-14 13:25:11] GetDeviceList: Added device: STX.STX001
[2026-07-14 13:25:11] GetDeviceList: Attempt 1, Index 2, MTMICRGetDevice returned 6, DeviceName: 
[2026-07-14 13:25:11] GetDeviceList: Attempt 1, Index 3, MTMICRGetDevice returned 6, DeviceName: 
[2026-07-14 13:25:11] GetDeviceList: Attempt 1, Index 4, MTMICRGetDevice returned 6, DeviceName: 
[2026-07-14 13:25:11] GetDeviceList: Attempt 1, Index 5, MTMICRGetDevice returned 6, DeviceName: 
[2026-07-14 13:25:11] GetDeviceList: Attempt 1, Index 6, MTMICRGetDevice returned 6, DeviceName: 
[2026-07-14 13:25:11] GetDeviceList: Attempt 1, Index 7, MTMICRGetDevice returned 6, DeviceName: 
[2026-07-14 13:25:11] GetDeviceList: Attempt 1, Index 8, MTMICRGetDevice returned 6, DeviceName: 
[2026-07-14 13:25:11] GetDeviceList: Attempt 1, Index 9, MTMICRGetDevice returned 6, DeviceName: 
[2026-07-14 13:25:11] GetDeviceList: Attempt 1, Index 10, MTMICRGetDevice returned 6, DeviceName: 
[2026-07-14 13:25:11] GetDeviceList: Attempt 1, Index 11, MTMICRGetDevice returned 6, DeviceName: 
[2026-07-14 13:25:11] GetDeviceList: Attempt 1, Index 12, MTMICRGetDevice returned 6, DeviceName: 
[2026-07-14 13:25:11] GetDeviceList: Attempt 1, Index 13, MTMICRGetDevice returned 6, DeviceName: 
[2026-07-14 13:25:11] GetDeviceList: Attempt 1, Index 14, MTMICRGetDevice returned 6, DeviceName: 
[2026-07-14 13:25:11] GetDeviceList: Attempt 1, Index 15, MTMICRGetDevice returned 6, DeviceName: 
[2026-07-14 13:25:11] GetDeviceList: Attempt 1, Index 16, MTMICRGetDevice returned 6, DeviceName: 
[2026-07-14 13:25:11] GetDeviceList: Attempt 1, Index 17, MTMICRGetDevice returned 6, DeviceName: 
[2026-07-14 13:25:11] GetDeviceList: Attempt 1, Index 18, MTMICRGetDevice returned 6, DeviceName: 
[2026-07-14 13:25:11] GetDeviceList: Attempt 1, Index 19, MTMICRGetDevice returned 6, DeviceName: 
[2026-07-14 13:25:11] GetDeviceList: Attempt 1, Index 20, MTMICRGetDevice returned 6, DeviceName: 
[2026-07-14 13:25:11] GetDeviceList: Found 1 devices on attempt 1: STX.STX001
[2026-07-14 13:25:11] GetDeviceList: Final list: STX.STX001
[2026-07-14 13:25:11] Dispose: Closing resources
[2026-07-14 13:25:11] Dispose: Closed log file handle
[2026-07-14 13:25:11] SetupLogging: Log file initialized at C:\Users\USG\Downloads\ChequeScannerApp\backend\ScannerApi\bin\Release\net6.0\win-x86\debug.log
[2026-07-14 13:25:11] Constructor: Initial DocType=MSR
[2026-07-14 13:25:11] ConnectSpecificDevice: MTMICROpenDevice for STX.STX001 returned 0
[2026-07-14 13:25:11] ConnectSpecificDevice: Device opened successfully: STX.STX001, DocType=MSR
[2026-07-14 13:25:11] Dispose: Closing resources
[2026-07-14 13:25:11] Dispose: Closed log file handle
[2026-07-14 13:25:11] Dispose: Closed device connection
[2026-07-14 13:25:17] SetupLogging: Log file initialized at C:\Users\USG\Downloads\ChequeScannerApp\backend\ScannerApi\bin\Release\net6.0\win-x86\debug.log
[2026-07-14 13:25:17] Constructor: Initial DocType=MSR
[2026-07-14 13:25:17] SetDocType: Document type set to CHECK
[2026-07-14 13:25:17] Dispose: Closing resources
[2026-07-14 13:25:17] Dispose: Closed log file handle
[2026-07-14 13:25:17] SetupLogging: Log file initialized at C:\Users\USG\Downloads\ChequeScannerApp\backend\ScannerApi\bin\Release\net6.0\win-x86\debug.log
[2026-07-14 13:25:17] Constructor: Initial DocType=CHECK
[2026-07-14 13:25:17] ScanVoucher: Starting scan with DocType=CHECK, Device=STX.STX001
[2026-07-14 13:25:17] GetFirstDevice: Attempt 1, Index 1, MTMICRGetDevice returned 0, DeviceName: STX.STX001
[2026-07-14 13:25:17] GetFirstDevice: Added device: STX.STX001
[2026-07-14 13:25:17] GetFirstDevice: Attempt 1, Index 2, MTMICRGetDevice returned 6, DeviceName: 
[2026-07-14 13:25:17] GetFirstDevice: Attempt 1, Index 3, MTMICRGetDevice returned 6, DeviceName: 
[2026-07-14 13:25:17] GetFirstDevice: Attempt 1, Index 4, MTMICRGetDevice returned 6, DeviceName: 
[2026-07-14 13:25:17] GetFirstDevice: Attempt 1, Index 5, MTMICRGetDevice returned 6, DeviceName: 
[2026-07-14 13:25:17] GetFirstDevice: Attempt 1, Index 6, MTMICRGetDevice returned 6, DeviceName: 
[2026-07-14 13:25:17] GetFirstDevice: Attempt 1, Index 7, MTMICRGetDevice returned 6, DeviceName: 
[2026-07-14 13:25:17] GetFirstDevice: Attempt 1, Index 8, MTMICRGetDevice returned 6, DeviceName: 
[2026-07-14 13:25:17] GetFirstDevice: Attempt 1, Index 9, MTMICRGetDevice returned 6, DeviceName: 
[2026-07-14 13:25:17] GetFirstDevice: Attempt 1, Index 10, MTMICRGetDevice returned 6, DeviceName: 
[2026-07-14 13:25:17] GetFirstDevice: Attempt 1, Index 11, MTMICRGetDevice returned 6, DeviceName: 
[2026-07-14 13:25:17] GetFirstDevice: Attempt 1, Index 12, MTMICRGetDevice returned 6, DeviceName: 
[2026-07-14 13:25:17] GetFirstDevice: Attempt 1, Index 13, MTMICRGetDevice returned 6, DeviceName: 
[2026-07-14 13:25:17] GetFirstDevice: Attempt 1, Index 14, MTMICRGetDevice returned 6, DeviceName: 
[2026-07-14 13:25:17] GetFirstDevice: Attempt 1, Index 15, MTMICRGetDevice returned 6, DeviceName: 
[2026-07-14 13:25:17] GetFirstDevice: Attempt 1, Index 16, MTMICRGetDevice returned 6, DeviceName: 
[2026-07-14 13:25:17] GetFirstDevice: Attempt 1, Index 17, MTMICRGetDevice returned 6, DeviceName: 
[2026-07-14 13:25:17] GetFirstDevice: Attempt 1, Index 18, MTMICRGetDevice returned 6, DeviceName: 
[2026-07-14 13:25:17] GetFirstDevice: Attempt 1, Index 19, MTMICRGetDevice returned 6, DeviceName: 
[2026-07-14 13:25:17] GetFirstDevice: Attempt 1, Index 20, MTMICRGetDevice returned 6, DeviceName: 
[2026-07-14 13:25:17] GetFirstDevice: Selected device: STX.STX001 on attempt 1, DocType=CHECK
[2026-07-14 13:25:17] ScanVoucher: MTMICROpenDevice returned 0
[2026-07-14 13:25:17] ScanVoucher: Device opened successfully: STX.STX001, DocType=CHECK
[2026-07-14 13:25:17] ScanVoucher: Closed device STX.STX001 for reset
[2026-07-14 13:25:17] ScanVoucher: Reopened device STX.STX001, returned 0
[2026-07-14 13:25:17] SetupOptions: Options set for CHECK: <?xml version="1.0"?>
<DeviceSettings><Application><Transfer>HTTP</Transfer><DocUnits>ENGLISH</DocUnits></Application><ProcessOptions><DocFeedTimeout>10000</DocFeedTimeout><DocFeed>MANUAL</DocFeed><ReadMICR>E13B</ReadMICR><MICRFmt>6200</MICRFmt></ProcessOptions><ImageOptions><Number>2</Number><ImageSide1>FRONT</ImageSide1><ImageSide2>BACK</ImageSide2><ImageColor1>COL24</ImageColor1><ImageColor2>COL24</ImageColor2><Resolution1>100x100</Resolution1><Resolution2>100x100</Resolution2><Compression1>JPEG</Compression1><Compression2>JPEG</Compression2><FileType1>JPG</FileType1><FileType2>JPG</FileType2></ImageOptions></DeviceSettings>

[2026-07-14 13:25:17] ScanVoucher: Attempt 1 calling MTMICRProcessCheck with Options=<?xml version="1.0"?>
<DeviceSettings><Application><Transfer>HTTP</Transfer><DocUnits>ENGLISH</DocUnits></Application><ProcessOptions><DocFeedTimeout>10000</DocFeedTimeout><DocFeed>MANUAL</DocFeed><ReadMICR>E13B</ReadMICR><MICRFmt>6200</MICRFmt></ProcessOptions><ImageOptions><Number>2</Number><ImageSide1>FRONT</ImageSide1><ImageSide2>BACK</ImageSide2><ImageColor1>COL24</ImageColor1><ImageColor2>COL24</ImageColor2><Resolution1>100x100</Resolution1><Resolution2>100x100</Resolution2><Compression1>JPEG</Compression1><Compression2>JPEG</Compression2><FileType1>JPG</FileType1><FileType2>JPG</FileType2></ImageOptions></DeviceSettings>

[2026-07-14 13:25:27] ScanVoucher: Attempt 1 MTMICRProcessCheck returned 0, ResponseLength=4096, DocInfo=<?xml version="1.0" encoding="utf-8"?><DeviceInformation>
<CommandStatus>
<BadData>NONE</BadData>
<CheckDS>F</CheckDS>
<KVErrCnt>1</KVErrCnt>
<KVErrCode1>154</KVErrCode1>
<KVErrVal1>MICRFmt</KVErrVal1>
<ResponseType>CHECK</ResponseType>
<ReturnCode>250</ReturnCode>
<ReturnMsg>Timed out waiting for document</ReturnMsg>
</CommandStatus>
<DeviceStatus>
<AccessGuide>LATCHED</AccessGuide>
<AutoFeeder>NOTSUP</AutoFeeder>
<FrontInk>OK</FrontInk>
<FrontPrinter>PRESENT</FrontPrinter>
<IDFeeder>EMPTY</IDFeeder>
<Ink>OK</Ink>
<LED1>GNGN</LED1>
<LED2>GGGG</LED2>
<LED3>NNNN</LED3>
<Lamp1>OK</Lamp1>
<Lamp2>OK</Lamp2>
<ManualFeeder>EMPTY</ManualFeeder>
<Path>OK</Path>
<Printer>PRESENT</Printer>
<RTCBattery>OK</RTCBattery>
<RawSensors>0</RawSensors>
<ScanCalibStatus>FACTORY</ScanCalibStatus>
<SnsrCalibStatus>FACTORY</SnsrCalibStatus>
<StartTimeout>4000</StartTimeout>
<State>ONLINE</State>
</DeviceStatus>
<DocInfo>
<DocHeight>0</DocHeight>
<DocUnits>ENGLISH</DocUnits>
<DocWidth>0</DocWidth>
<MICRAcct>NO MICR DATA</MICRAcct>
<MICRAmt>NO MICR DATA</MICRAmt>
<MICRAux>NO MICR DATA</MICRAux>
<MICRBankNum>NO MICR DATA</MICRBankNum>
<MICRChkType>NO MICR DATA</MICRChkType>
<MICRCountry>NO MICR DATA</MICRCountry>
<MICRDecode>NONE</MICRDecode>
<MICREPC>NO MICR DATA</MICREPC>
<MICRFont>E13B</MICRFont>
<MICROnUs>NO MICR DATA</MICROnUs>
<MICROut>NO MICR DATA</MICROut>
<MICRParseSts0>NO MICR DATA</MICRParseSts0>
<MICRParseSts1>NO MICR DATA</MICRParseSts1>
<MICRRaw>NO MICR DATA</MICRRaw>
<MICRSerNum>NO MICR DATA</MICRSerNum>
<MICRTPC>NO MICR DATA</MICRTPC>
<MICRTransit>NO MICR DATA</MICRTransit>
</DocInfo>
<ImageInfo>
<ImageSHA1Key1>NONE</ImageSHA1Key1>
<ImageSHA1Key2>NONE</ImageSHA1Key2>
<ImageSize1>0</ImageSize1>
<ImageSize2>0</ImageSize2>
<ImageURL1>/chkimg/FRONT100COL24_1.JPG</ImageURL1>
<ImageURL2>/chkimg/BACK100COL24_2.JPG</ImageURL2>
<Number>2</Number>
</ImageInfo>
</DeviceInformation>
   
[2026-07-14 13:25:27] ScanVoucher: CommandStatus ReturnCode: 250
[2026-07-14 13:25:27] ScanVoucher: Process failed with ReturnCode: 250
[2026-07-14 13:25:27] Dispose: Closing resources
[2026-07-14 13:25:27] Dispose: Closed log file handle
[2026-07-14 13:25:27] Dispose: Closed device connection
[2026-07-14 13:25:27] SetupLogging: Log file initialized at C:\Users\USG\Downloads\ChequeScannerApp\backend\ScannerApi\bin\Release\net6.0\win-x86\debug.log
[2026-07-14 13:25:27] Constructor: Initial DocType=CHECK
[2026-07-14 13:25:27] GetDeviceList: Attempt 1, Index 1, MTMICRGetDevice returned 0, DeviceName: STX.STX001
[2026-07-14 13:25:27] GetDeviceList: Added device: STX.STX001
[2026-07-14 13:25:27] GetDeviceList: Attempt 1, Index 2, MTMICRGetDevice returned 6, DeviceName: 
[2026-07-14 13:25:27] GetDeviceList: Attempt 1, Index 3, MTMICRGetDevice returned 6, DeviceName: 
[2026-07-14 13:25:27] GetDeviceList: Attempt 1, Index 4, MTMICRGetDevice returned 6, DeviceName: 
[2026-07-14 13:25:27] GetDeviceList: Attempt 1, Index 5, MTMICRGetDevice returned 6, DeviceName: 
[2026-07-14 13:25:27] GetDeviceList: Attempt 1, Index 6, MTMICRGetDevice returned 6, DeviceName: 
[2026-07-14 13:25:27] GetDeviceList: Attempt 1, Index 7, MTMICRGetDevice returned 6, DeviceName: 
[2026-07-14 13:25:27] GetDeviceList: Attempt 1, Index 8, MTMICRGetDevice returned 6, DeviceName: 
[2026-07-14 13:25:27] GetDeviceList: Attempt 1, Index 9, MTMICRGetDevice returned 6, DeviceName: 
[2026-07-14 13:25:27] GetDeviceList: Attempt 1, Index 10, MTMICRGetDevice returned 6, DeviceName: 
[2026-07-14 13:25:27] GetDeviceList: Attempt 1, Index 11, MTMICRGetDevice returned 6, DeviceName: 
[2026-07-14 13:25:27] GetDeviceList: Attempt 1, Index 12, MTMICRGetDevice returned 6, DeviceName: 
[2026-07-14 13:25:27] GetDeviceList: Attempt 1, Index 13, MTMICRGetDevice returned 6, DeviceName: 
[2026-07-14 13:25:27] GetDeviceList: Attempt 1, Index 14, MTMICRGetDevice returned 6, DeviceName: 
[2026-07-14 13:25:27] GetDeviceList: Attempt 1, Index 15, MTMICRGetDevice returned 6, DeviceName: 
[2026-07-14 13:25:27] GetDeviceList: Attempt 1, Index 16, MTMICRGetDevice returned 6, DeviceName: 
[2026-07-14 13:25:27] GetDeviceList: Attempt 1, Index 17, MTMICRGetDevice returned 6, DeviceName: 
[2026-07-14 13:25:27] GetDeviceList: Attempt 1, Index 18, MTMICRGetDevice returned 6, DeviceName: 
[2026-07-14 13:25:27] GetDeviceList: Attempt 1, Index 19, MTMICRGetDevice returned 6, DeviceName: 
[2026-07-14 13:25:27] GetDeviceList: Attempt 1, Index 20, MTMICRGetDevice returned 6, DeviceName: 
[2026-07-14 13:25:27] GetDeviceList: Found 1 devices on attempt 1: STX.STX001
[2026-07-14 13:25:27] GetDeviceList: Final list: STX.STX001
[2026-07-14 13:25:27] Dispose: Closing resources
[2026-07-14 13:25:27] Dispose: Closed log file handle
[2026-07-14 13:25:27] SetupLogging: Log file initialized at C:\Users\USG\Downloads\ChequeScannerApp\backend\ScannerApi\bin\Release\net6.0\win-x86\debug.log
[2026-07-14 13:25:27] Constructor: Initial DocType=CHECK
[2026-07-14 13:25:28] ConnectSpecificDevice: MTMICROpenDevice for STX.STX001 returned 0
[2026-07-14 13:25:28] ConnectSpecificDevice: Device opened successfully: STX.STX001, DocType=CHECK
[2026-07-14 13:25:28] Dispose: Closing resources
[2026-07-14 13:25:28] Dispose: Closed log file handle
[2026-07-14 13:25:28] Dispose: Closed device connection
[2026-07-14 13:25:37] SetupLogging: Log file initialized at C:\Users\USG\Downloads\ChequeScannerApp\backend\ScannerApi\bin\Release\net6.0\win-x86\debug.log
[2026-07-14 13:25:37] Constructor: Initial DocType=CHECK
[2026-07-14 13:25:37] SetDocType: Document type set to MSR
[2026-07-14 13:25:37] Dispose: Closing resources
[2026-07-14 13:25:37] Dispose: Closed log file handle
[2026-07-14 13:25:37] SetupLogging: Log file initialized at C:\Users\USG\Downloads\ChequeScannerApp\backend\ScannerApi\bin\Release\net6.0\win-x86\debug.log
[2026-07-14 13:25:37] Constructor: Initial DocType=MSR
[2026-07-14 13:25:37] ScanVoucher: Starting scan with DocType=MSR, Device=STX.STX001
[2026-07-14 13:25:37] GetFirstDevice: Attempt 1, Index 1, MTMICRGetDevice returned 0, DeviceName: STX.STX001
[2026-07-14 13:25:37] GetFirstDevice: Added device: STX.STX001
[2026-07-14 13:25:37] GetFirstDevice: Attempt 1, Index 2, MTMICRGetDevice returned 6, DeviceName: 
[2026-07-14 13:25:37] GetFirstDevice: Attempt 1, Index 3, MTMICRGetDevice returned 6, DeviceName: 
[2026-07-14 13:25:37] GetFirstDevice: Attempt 1, Index 4, MTMICRGetDevice returned 6, DeviceName: 
[2026-07-14 13:25:37] GetFirstDevice: Attempt 1, Index 5, MTMICRGetDevice returned 6, DeviceName: 
[2026-07-14 13:25:37] GetFirstDevice: Attempt 1, Index 6, MTMICRGetDevice returned 6, DeviceName: 
[2026-07-14 13:25:37] GetFirstDevice: Attempt 1, Index 7, MTMICRGetDevice returned 6, DeviceName: 
[2026-07-14 13:25:37] GetFirstDevice: Attempt 1, Index 8, MTMICRGetDevice returned 6, DeviceName: 
[2026-07-14 13:25:37] GetFirstDevice: Attempt 1, Index 9, MTMICRGetDevice returned 6, DeviceName: 
[2026-07-14 13:25:37] GetFirstDevice: Attempt 1, Index 10, MTMICRGetDevice returned 6, DeviceName: 
[2026-07-14 13:25:37] GetFirstDevice: Attempt 1, Index 11, MTMICRGetDevice returned 6, DeviceName: 
[2026-07-14 13:25:37] GetFirstDevice: Attempt 1, Index 12, MTMICRGetDevice returned 6, DeviceName: 
[2026-07-14 13:25:37] GetFirstDevice: Attempt 1, Index 13, MTMICRGetDevice returned 6, DeviceName: 
[2026-07-14 13:25:37] GetFirstDevice: Attempt 1, Index 14, MTMICRGetDevice returned 6, DeviceName: 
[2026-07-14 13:25:37] GetFirstDevice: Attempt 1, Index 15, MTMICRGetDevice returned 6, DeviceName: 
[2026-07-14 13:25:37] GetFirstDevice: Attempt 1, Index 16, MTMICRGetDevice returned 6, DeviceName: 
[2026-07-14 13:25:37] GetFirstDevice: Attempt 1, Index 17, MTMICRGetDevice returned 6, DeviceName: 
[2026-07-14 13:25:37] GetFirstDevice: Attempt 1, Index 18, MTMICRGetDevice returned 6, DeviceName: 
[2026-07-14 13:25:37] GetFirstDevice: Attempt 1, Index 19, MTMICRGetDevice returned 6, DeviceName: 
[2026-07-14 13:25:37] GetFirstDevice: Attempt 1, Index 20, MTMICRGetDevice returned 6, DeviceName: 
[2026-07-14 13:25:37] GetFirstDevice: Selected device: STX.STX001 on attempt 1, DocType=MSR
[2026-07-14 13:25:37] ScanVoucher: MTMICROpenDevice returned 0
[2026-07-14 13:25:37] ScanVoucher: Device opened successfully: STX.STX001, DocType=MSR
[2026-07-14 13:25:37] ScanVoucher: Closed device STX.STX001 for reset
[2026-07-14 13:25:38] ScanVoucher: Reopened device STX.STX001, returned 0
[2026-07-14 13:25:38] SetupOptions: Options set for MSR: <?xml version="1.0"?>
<DeviceSettings><ProcessOptions><DocFeed>MSR</DocFeed><DocFeedTimeout>15000</DocFeedTimeout><MSRFmt>ISO</MSRFmt></ProcessOptions></DeviceSettings>

[2026-07-14 13:25:38] ScanVoucher: Attempt 1 calling MTMICRProcessCheck with Options=<?xml version="1.0"?>
<DeviceSettings><ProcessOptions><DocFeed>MSR</DocFeed><DocFeedTimeout>15000</DocFeedTimeout><MSRFmt>ISO</MSRFmt></ProcessOptions></DeviceSettings>

[2026-07-14 13:25:39] ScanVoucher: Attempt 1 MTMICRProcessCheck returned 0, ResponseLength=4096, DocInfo=<?xml version="1.0" encoding="utf-8"?><DeviceInformation>
<CommandStatus>
<BadData>NONE</BadData>
<CheckDS>F</CheckDS>
<KVErrCnt>1</KVErrCnt>
<KVErrCode1>154</KVErrCode1>
<KVErrVal1>MSRFmt</KVErrVal1>
<ResponseType>MSR</ResponseType>
<ReturnCode>0</ReturnCode>
<ReturnMsg>OK</ReturnMsg>
</CommandStatus>
<DeviceStatus>
<AccessGuide>LATCHED</AccessGuide>
<AutoFeeder>NOTSUP</AutoFeeder>
<FrontInk>OK</FrontInk>
<FrontPrinter>PRESENT</FrontPrinter>
<IDFeeder>EMPTY</IDFeeder>
<Ink>OK</Ink>
<LED1>NNNN</LED1>
<LED2>GGNN</LED2>
<LED3>NNNN</LED3>
<Lamp1>OK</Lamp1>
<Lamp2>OK</Lamp2>
<ManualFeeder>EMPTY</ManualFeeder>
<Path>OK</Path>
<Printer>PRESENT</Printer>
<RTCBattery>OK</RTCBattery>
<RawSensors>0</RawSensors>
<ScanCalibStatus>FACTORY</ScanCalibStatus>
<SnsrCalibStatus>FACTORY</SnsrCalibStatus>
<StartTimeout>4000</StartTimeout>
<State>ONLINE</State>
</DeviceStatus>
<MSRInfo>
<CardType>ISO</CardType>
<DUKPTserialnumber></DUKPTserialnumber>
<DeviceSerialNumber></DeviceSerialNumber>
<EncryptedSessionID></EncryptedSessionID>
<EncryptedTrackData1></EncryptedTrackData1>
<EncryptedTrackData2></EncryptedTrackData2>
<EncryptedTrackData3></EncryptedTrackData3>
<MPData></MPData>
<MPStatus></MPStatus>
<TrackData1>%B4714747000298930^CUSTOMER/FIDELITY         ^3010226137200000000000207000000?</TrackData1>
<TrackData2>;4714747000298930=30102261372020700000?</TrackData2>
<TrackData3></TrackData3>
<TrackStatus1>OK</TrackStatus1>
<TrackStatus2>OK</TrackStatus2>
<TrackStatus3>NONE</TrackStatus3>
</MSRInfo>
</DeviceInformation>
  
[2026-07-14 13:25:39] ScanVoucher: CommandStatus ReturnCode: 0
[2026-07-14 13:25:39] ExtractVoucherData: TrackData1 retrieved: %B4714747000298930^CUSTOMER/FIDELITY         ^3010226137200000000000207000000?, RetCode=0
[2026-07-14 13:25:39] ExtractVoucherData: TrackData2 retrieved: ;4714747000298930=30102261372020700000?, RetCode=0
[2026-07-14 13:25:39] ExtractVoucherData: TrackData3 retrieved: , RetCode=0
[2026-07-14 13:25:39] ExtractVoucherData: MPData retrieved: , RetCode=0
[2026-07-14 13:25:39] ExtractVoucherData: CardType retrieved: ISO, RetCode=0
[2026-07-14 13:25:39] ExtractVoucherData: MagnePrintStatus retrieved: , RetCode=17
[2026-07-14 13:25:39] ExtractVoucherData: Track1Status retrieved: , RetCode=17
[2026-07-14 13:25:39] ExtractVoucherData: Track2Status retrieved: , RetCode=17
[2026-07-14 13:25:39] ExtractVoucherData: Track3Status retrieved: , RetCode=17
[2026-07-14 13:25:39] ExtractVoucherData: GetScore retrieved: , RetCode=17
[2026-07-14 13:25:39] ExtractVoucherData: DeviceSerialNumber retrieved: , RetCode=17
[2026-07-14 13:25:39] ExtractVoucherData: DUKPTSerialNumber retrieved: , RetCode=17
[2026-07-14 13:25:39] ExtractVoucherData: EncryptedSessionID retrieved: , RetCode=0
[2026-07-14 13:25:39] ExtractVoucherData: EncryptedTrack1 retrieved: , RetCode=17
[2026-07-14 13:25:39] ExtractVoucherData: EncryptedTrack2 retrieved: , RetCode=17
[2026-07-14 13:25:39] ExtractVoucherData: EncryptedTrack3 retrieved: , RetCode=17
[2026-07-14 13:25:39] ScanVoucher: Voucher data extracted: voucherNo=;4714747000298930=30102261372020700000?, checkNumber=, narration=
[2026-07-14 13:25:39] Dispose: Closing resources
[2026-07-14 13:25:39] Dispose: Closed log file handle
[2026-07-14 13:25:39] Dispose: Closed device connection
[2026-07-15 10:45:04] SetupLogging: Log file initialized at C:\Users\USG\Downloads\ChequeScannerApp\backend\ScannerApi\bin\Release\net6.0\win-x86\debug.log
[2026-07-15 10:45:04] Constructor: Initial DocType=CHECK
[2026-07-15 10:45:04] GetFirstDevice: Attempt 1, Index 1, MTMICRGetDevice returned 6, DeviceName: 
[2026-07-15 10:45:04] GetFirstDevice: Attempt 1, Index 2, MTMICRGetDevice returned 6, DeviceName: 
[2026-07-15 10:45:04] GetFirstDevice: Attempt 1, Index 3, MTMICRGetDevice returned 6, DeviceName: 
[2026-07-15 10:45:04] GetFirstDevice: Attempt 1, Index 4, MTMICRGetDevice returned 6, DeviceName: 
[2026-07-15 10:45:04] GetFirstDevice: Attempt 1, Index 5, MTMICRGetDevice returned 6, DeviceName: 
[2026-07-15 10:45:04] GetFirstDevice: Attempt 1, Index 6, MTMICRGetDevice returned 6, DeviceName: 
[2026-07-15 10:45:04] GetFirstDevice: Attempt 1, Index 7, MTMICRGetDevice returned 6, DeviceName: 
[2026-07-15 10:45:04] GetFirstDevice: Attempt 1, Index 8, MTMICRGetDevice returned 6, DeviceName: 
[2026-07-15 10:45:04] GetFirstDevice: Attempt 1, Index 9, MTMICRGetDevice returned 6, DeviceName: 
[2026-07-15 10:45:04] GetFirstDevice: Attempt 1, Index 10, MTMICRGetDevice returned 6, DeviceName: 
[2026-07-15 10:45:04] GetFirstDevice: Attempt 1, Index 11, MTMICRGetDevice returned 6, DeviceName: 
[2026-07-15 10:45:04] GetFirstDevice: Attempt 1, Index 12, MTMICRGetDevice returned 6, DeviceName: 
[2026-07-15 10:45:04] GetFirstDevice: Attempt 1, Index 13, MTMICRGetDevice returned 6, DeviceName: 
[2026-07-15 10:45:04] GetFirstDevice: Attempt 1, Index 14, MTMICRGetDevice returned 6, DeviceName: 
[2026-07-15 10:45:04] GetFirstDevice: Attempt 1, Index 15, MTMICRGetDevice returned 6, DeviceName: 
[2026-07-15 10:45:04] GetFirstDevice: Attempt 1, Index 16, MTMICRGetDevice returned 6, DeviceName: 
[2026-07-15 10:45:04] GetFirstDevice: Attempt 1, Index 17, MTMICRGetDevice returned 6, DeviceName: 
[2026-07-15 10:45:04] GetFirstDevice: Attempt 1, Index 18, MTMICRGetDevice returned 6, DeviceName: 
[2026-07-15 10:45:04] GetFirstDevice: Attempt 1, Index 19, MTMICRGetDevice returned 6, DeviceName: 
[2026-07-15 10:45:04] GetFirstDevice: Attempt 1, Index 20, MTMICRGetDevice returned 6, DeviceName: 
[2026-07-15 10:45:04] GetFirstDevice: No devices found on attempt 1, retrying...
[2026-07-15 10:45:06] GetFirstDevice: Attempt 2, Index 1, MTMICRGetDevice returned 6, DeviceName: 
[2026-07-15 10:45:06] GetFirstDevice: Attempt 2, Index 2, MTMICRGetDevice returned 6, DeviceName: 
[2026-07-15 10:45:06] GetFirstDevice: Attempt 2, Index 3, MTMICRGetDevice returned 6, DeviceName: 
[2026-07-15 10:45:06] GetFirstDevice: Attempt 2, Index 4, MTMICRGetDevice returned 6, DeviceName: 
[2026-07-15 10:45:06] GetFirstDevice: Attempt 2, Index 5, MTMICRGetDevice returned 6, DeviceName: 
[2026-07-15 10:45:06] GetFirstDevice: Attempt 2, Index 6, MTMICRGetDevice returned 6, DeviceName: 
[2026-07-15 10:45:06] GetFirstDevice: Attempt 2, Index 7, MTMICRGetDevice returned 6, DeviceName: 
[2026-07-15 10:45:06] GetFirstDevice: Attempt 2, Index 8, MTMICRGetDevice returned 6, DeviceName: 
[2026-07-15 10:45:06] GetFirstDevice: Attempt 2, Index 9, MTMICRGetDevice returned 6, DeviceName: 
[2026-07-15 10:45:06] GetFirstDevice: Attempt 2, Index 10, MTMICRGetDevice returned 6, DeviceName: 
[2026-07-15 10:45:06] GetFirstDevice: Attempt 2, Index 11, MTMICRGetDevice returned 6, DeviceName: 
[2026-07-15 10:45:06] GetFirstDevice: Attempt 2, Index 12, MTMICRGetDevice returned 6, DeviceName: 
[2026-07-15 10:45:06] GetFirstDevice: Attempt 2, Index 13, MTMICRGetDevice returned 6, DeviceName: 
[2026-07-15 10:45:06] GetFirstDevice: Attempt 2, Index 14, MTMICRGetDevice returned 6, DeviceName: 
[2026-07-15 10:45:06] GetFirstDevice: Attempt 2, Index 15, MTMICRGetDevice returned 6, DeviceName: 
[2026-07-15 10:45:06] GetFirstDevice: Attempt 2, Index 16, MTMICRGetDevice returned 6, DeviceName: 
[2026-07-15 10:45:06] GetFirstDevice: Attempt 2, Index 17, MTMICRGetDevice returned 6, DeviceName: 
[2026-07-15 10:45:06] GetFirstDevice: Attempt 2, Index 18, MTMICRGetDevice returned 6, DeviceName: 
[2026-07-15 10:45:06] GetFirstDevice: Attempt 2, Index 19, MTMICRGetDevice returned 6, DeviceName: 
[2026-07-15 10:45:06] GetFirstDevice: Attempt 2, Index 20, MTMICRGetDevice returned 6, DeviceName: 
[2026-07-15 10:45:06] GetFirstDevice: No devices found on attempt 2, retrying...
[2026-07-15 10:45:08] GetFirstDevice: Attempt 3, Index 1, MTMICRGetDevice returned 6, DeviceName: 
[2026-07-15 10:45:08] GetFirstDevice: Attempt 3, Index 2, MTMICRGetDevice returned 6, DeviceName: 
[2026-07-15 10:45:08] GetFirstDevice: Attempt 3, Index 3, MTMICRGetDevice returned 6, DeviceName: 
[2026-07-15 10:45:08] GetFirstDevice: Attempt 3, Index 4, MTMICRGetDevice returned 6, DeviceName: 
[2026-07-15 10:45:08] GetFirstDevice: Attempt 3, Index 5, MTMICRGetDevice returned 6, DeviceName: 
[2026-07-15 10:45:08] GetFirstDevice: Attempt 3, Index 6, MTMICRGetDevice returned 6, DeviceName: 
[2026-07-15 10:45:08] GetFirstDevice: Attempt 3, Index 7, MTMICRGetDevice returned 6, DeviceName: 
[2026-07-15 10:45:08] GetFirstDevice: Attempt 3, Index 8, MTMICRGetDevice returned 6, DeviceName: 
[2026-07-15 10:45:08] GetFirstDevice: Attempt 3, Index 9, MTMICRGetDevice returned 6, DeviceName: 
[2026-07-15 10:45:08] GetFirstDevice: Attempt 3, Index 10, MTMICRGetDevice returned 6, DeviceName: 
[2026-07-15 10:45:08] GetFirstDevice: Attempt 3, Index 11, MTMICRGetDevice returned 6, DeviceName: 
[2026-07-15 10:45:08] GetFirstDevice: Attempt 3, Index 12, MTMICRGetDevice returned 6, DeviceName: 
[2026-07-15 10:45:08] GetFirstDevice: Attempt 3, Index 13, MTMICRGetDevice returned 6, DeviceName: 
[2026-07-15 10:45:08] GetFirstDevice: Attempt 3, Index 14, MTMICRGetDevice returned 6, DeviceName: 
[2026-07-15 10:45:08] GetFirstDevice: Attempt 3, Index 15, MTMICRGetDevice returned 6, DeviceName: 
[2026-07-15 10:45:08] GetFirstDevice: Attempt 3, Index 16, MTMICRGetDevice returned 6, DeviceName: 
[2026-07-15 10:45:08] GetFirstDevice: Attempt 3, Index 17, MTMICRGetDevice returned 6, DeviceName: 
[2026-07-15 10:45:08] GetFirstDevice: Attempt 3, Index 18, MTMICRGetDevice returned 6, DeviceName: 
[2026-07-15 10:45:08] GetFirstDevice: Attempt 3, Index 19, MTMICRGetDevice returned 6, DeviceName: 
[2026-07-15 10:45:08] GetFirstDevice: Attempt 3, Index 20, MTMICRGetDevice returned 6, DeviceName: 
[2026-07-15 10:45:08] GetFirstDevice: No devices found on attempt 3, retrying...
[2026-07-15 10:45:10] GetFirstDevice: Attempt 4, Index 1, MTMICRGetDevice returned 6, DeviceName: 
[2026-07-15 10:45:10] GetFirstDevice: Attempt 4, Index 2, MTMICRGetDevice returned 6, DeviceName: 
[2026-07-15 10:45:10] GetFirstDevice: Attempt 4, Index 3, MTMICRGetDevice returned 6, DeviceName: 
[2026-07-15 10:45:10] GetFirstDevice: Attempt 4, Index 4, MTMICRGetDevice returned 6, DeviceName: 
[2026-07-15 10:45:10] GetFirstDevice: Attempt 4, Index 5, MTMICRGetDevice returned 6, DeviceName: 
[2026-07-15 10:45:10] GetFirstDevice: Attempt 4, Index 6, MTMICRGetDevice returned 6, DeviceName: 
[2026-07-15 10:45:10] GetFirstDevice: Attempt 4, Index 7, MTMICRGetDevice returned 6, DeviceName: 
[2026-07-15 10:45:10] GetFirstDevice: Attempt 4, Index 8, MTMICRGetDevice returned 6, DeviceName: 
[2026-07-15 10:45:10] GetFirstDevice: Attempt 4, Index 9, MTMICRGetDevice returned 6, DeviceName: 
[2026-07-15 10:45:10] GetFirstDevice: Attempt 4, Index 10, MTMICRGetDevice returned 6, DeviceName: 
[2026-07-15 10:45:10] GetFirstDevice: Attempt 4, Index 11, MTMICRGetDevice returned 6, DeviceName: 
[2026-07-15 10:45:10] GetFirstDevice: Attempt 4, Index 12, MTMICRGetDevice returned 6, DeviceName: 
[2026-07-15 10:45:10] GetFirstDevice: Attempt 4, Index 13, MTMICRGetDevice returned 6, DeviceName: 
[2026-07-15 10:45:10] GetFirstDevice: Attempt 4, Index 14, MTMICRGetDevice returned 6, DeviceName: 
[2026-07-15 10:45:10] GetFirstDevice: Attempt 4, Index 15, MTMICRGetDevice returned 6, DeviceName: 
[2026-07-15 10:45:10] GetFirstDevice: Attempt 4, Index 16, MTMICRGetDevice returned 6, DeviceName: 
[2026-07-15 10:45:10] GetFirstDevice: Attempt 4, Index 17, MTMICRGetDevice returned 6, DeviceName: 
[2026-07-15 10:45:10] GetFirstDevice: Attempt 4, Index 18, MTMICRGetDevice returned 6, DeviceName: 
[2026-07-15 10:45:10] GetFirstDevice: Attempt 4, Index 19, MTMICRGetDevice returned 6, DeviceName: 
[2026-07-15 10:45:10] GetFirstDevice: Attempt 4, Index 20, MTMICRGetDevice returned 6, DeviceName: 
[2026-07-15 10:45:10] GetFirstDevice: No devices found on attempt 4, retrying...
[2026-07-15 10:45:12] GetFirstDevice: Attempt 5, Index 1, MTMICRGetDevice returned 6, DeviceName: 
[2026-07-15 10:45:12] GetFirstDevice: Attempt 5, Index 2, MTMICRGetDevice returned 6, DeviceName: 
[2026-07-15 10:45:12] GetFirstDevice: Attempt 5, Index 3, MTMICRGetDevice returned 6, DeviceName: 
[2026-07-15 10:45:12] GetFirstDevice: Attempt 5, Index 4, MTMICRGetDevice returned 6, DeviceName: 
[2026-07-15 10:45:12] GetFirstDevice: Attempt 5, Index 5, MTMICRGetDevice returned 6, DeviceName: 
[2026-07-15 10:45:12] GetFirstDevice: Attempt 5, Index 6, MTMICRGetDevice returned 6, DeviceName: 
[2026-07-15 10:45:12] GetFirstDevice: Attempt 5, Index 7, MTMICRGetDevice returned 6, DeviceName: 
[2026-07-15 10:45:12] GetFirstDevice: Attempt 5, Index 8, MTMICRGetDevice returned 6, DeviceName: 
[2026-07-15 10:45:13] GetFirstDevice: Attempt 5, Index 9, MTMICRGetDevice returned 6, DeviceName: 
[2026-07-15 10:45:13] GetFirstDevice: Attempt 5, Index 10, MTMICRGetDevice returned 6, DeviceName: 
[2026-07-15 10:45:13] GetFirstDevice: Attempt 5, Index 11, MTMICRGetDevice returned 6, DeviceName: 
[2026-07-15 10:45:13] GetFirstDevice: Attempt 5, Index 12, MTMICRGetDevice returned 6, DeviceName: 
[2026-07-15 10:45:13] GetFirstDevice: Attempt 5, Index 13, MTMICRGetDevice returned 6, DeviceName: 
[2026-07-15 10:45:13] GetFirstDevice: Attempt 5, Index 14, MTMICRGetDevice returned 6, DeviceName: 
[2026-07-15 10:45:13] GetFirstDevice: Attempt 5, Index 15, MTMICRGetDevice returned 6, DeviceName: 
[2026-07-15 10:45:13] GetFirstDevice: Attempt 5, Index 16, MTMICRGetDevice returned 6, DeviceName: 
[2026-07-15 10:45:13] GetFirstDevice: Attempt 5, Index 17, MTMICRGetDevice returned 6, DeviceName: 
[2026-07-15 10:45:13] GetFirstDevice: Attempt 5, Index 18, MTMICRGetDevice returned 6, DeviceName: 
[2026-07-15 10:45:13] GetFirstDevice: Attempt 5, Index 19, MTMICRGetDevice returned 6, DeviceName: 
[2026-07-15 10:45:13] GetFirstDevice: Attempt 5, Index 20, MTMICRGetDevice returned 6, DeviceName: 
[2026-07-15 10:45:13] GetFirstDevice: No devices found on attempt 5, retrying...
[2026-07-15 10:45:15] GetFirstDevice: No devices found after all retries.
[2026-07-15 10:45:15] GetDeviceStatus: No device found.
[2026-07-15 10:45:15] Dispose: Closing resources
[2026-07-15 10:45:15] Dispose: Closed log file handle
[2026-07-15 10:45:19] SetupLogging: Log file initialized at C:\Users\USG\Downloads\ChequeScannerApp\backend\ScannerApi\bin\Release\net6.0\win-x86\debug.log
[2026-07-15 10:45:19] Constructor: Initial DocType=CHECK
[2026-07-15 10:45:19] GetFirstDevice: Attempt 1, Index 1, MTMICRGetDevice returned 6, DeviceName: 
[2026-07-15 10:45:19] GetFirstDevice: Attempt 1, Index 2, MTMICRGetDevice returned 6, DeviceName: 
[2026-07-15 10:45:19] GetFirstDevice: Attempt 1, Index 3, MTMICRGetDevice returned 6, DeviceName: 
[2026-07-15 10:45:19] GetFirstDevice: Attempt 1, Index 4, MTMICRGetDevice returned 6, DeviceName: 
[2026-07-15 10:45:19] GetFirstDevice: Attempt 1, Index 5, MTMICRGetDevice returned 6, DeviceName: 
[2026-07-15 10:45:19] GetFirstDevice: Attempt 1, Index 6, MTMICRGetDevice returned 6, DeviceName: 
[2026-07-15 10:45:19] GetFirstDevice: Attempt 1, Index 7, MTMICRGetDevice returned 6, DeviceName: 
[2026-07-15 10:45:19] GetFirstDevice: Attempt 1, Index 8, MTMICRGetDevice returned 6, DeviceName: 
[2026-07-15 10:45:19] GetFirstDevice: Attempt 1, Index 9, MTMICRGetDevice returned 6, DeviceName: 
[2026-07-15 10:45:19] GetFirstDevice: Attempt 1, Index 10, MTMICRGetDevice returned 6, DeviceName: 
[2026-07-15 10:45:19] GetFirstDevice: Attempt 1, Index 11, MTMICRGetDevice returned 6, DeviceName: 
[2026-07-15 10:45:19] GetFirstDevice: Attempt 1, Index 12, MTMICRGetDevice returned 6, DeviceName: 
[2026-07-15 10:45:19] GetFirstDevice: Attempt 1, Index 13, MTMICRGetDevice returned 6, DeviceName: 
[2026-07-15 10:45:19] GetFirstDevice: Attempt 1, Index 14, MTMICRGetDevice returned 6, DeviceName: 
[2026-07-15 10:45:19] GetFirstDevice: Attempt 1, Index 15, MTMICRGetDevice returned 6, DeviceName: 
[2026-07-15 10:45:19] GetFirstDevice: Attempt 1, Index 16, MTMICRGetDevice returned 6, DeviceName: 
[2026-07-15 10:45:19] GetFirstDevice: Attempt 1, Index 17, MTMICRGetDevice returned 6, DeviceName: 
[2026-07-15 10:45:19] GetFirstDevice: Attempt 1, Index 18, MTMICRGetDevice returned 6, DeviceName: 
[2026-07-15 10:45:19] GetFirstDevice: Attempt 1, Index 19, MTMICRGetDevice returned 6, DeviceName: 
[2026-07-15 10:45:19] GetFirstDevice: Attempt 1, Index 20, MTMICRGetDevice returned 6, DeviceName: 
[2026-07-15 10:45:19] GetFirstDevice: No devices found on attempt 1, retrying...
[2026-07-15 10:45:21] GetFirstDevice: Attempt 2, Index 1, MTMICRGetDevice returned 6, DeviceName: 
[2026-07-15 10:45:21] GetFirstDevice: Attempt 2, Index 2, MTMICRGetDevice returned 6, DeviceName: 
[2026-07-15 10:45:21] GetFirstDevice: Attempt 2, Index 3, MTMICRGetDevice returned 6, DeviceName: 
[2026-07-15 10:45:21] GetFirstDevice: Attempt 2, Index 4, MTMICRGetDevice returned 6, DeviceName: 
[2026-07-15 10:45:21] GetFirstDevice: Attempt 2, Index 5, MTMICRGetDevice returned 6, DeviceName: 
[2026-07-15 10:45:21] GetFirstDevice: Attempt 2, Index 6, MTMICRGetDevice returned 6, DeviceName: 
[2026-07-15 10:45:21] GetFirstDevice: Attempt 2, Index 7, MTMICRGetDevice returned 6, DeviceName: 
[2026-07-15 10:45:21] GetFirstDevice: Attempt 2, Index 8, MTMICRGetDevice returned 6, DeviceName: 
[2026-07-15 10:45:21] GetFirstDevice: Attempt 2, Index 9, MTMICRGetDevice returned 6, DeviceName: 
[2026-07-15 10:45:21] GetFirstDevice: Attempt 2, Index 10, MTMICRGetDevice returned 6, DeviceName: 
[2026-07-15 10:45:21] GetFirstDevice: Attempt 2, Index 11, MTMICRGetDevice returned 6, DeviceName: 
[2026-07-15 10:45:21] GetFirstDevice: Attempt 2, Index 12, MTMICRGetDevice returned 6, DeviceName: 
[2026-07-15 10:45:21] GetFirstDevice: Attempt 2, Index 13, MTMICRGetDevice returned 6, DeviceName: 
[2026-07-15 10:45:21] GetFirstDevice: Attempt 2, Index 14, MTMICRGetDevice returned 6, DeviceName: 
[2026-07-15 10:45:21] GetFirstDevice: Attempt 2, Index 15, MTMICRGetDevice returned 6, DeviceName: 
[2026-07-15 10:45:21] GetFirstDevice: Attempt 2, Index 16, MTMICRGetDevice returned 6, DeviceName: 
[2026-07-15 10:45:21] GetFirstDevice: Attempt 2, Index 17, MTMICRGetDevice returned 6, DeviceName: 
[2026-07-15 10:45:21] GetFirstDevice: Attempt 2, Index 18, MTMICRGetDevice returned 6, DeviceName: 
[2026-07-15 10:45:21] GetFirstDevice: Attempt 2, Index 19, MTMICRGetDevice returned 6, DeviceName: 
[2026-07-15 10:45:21] GetFirstDevice: Attempt 2, Index 20, MTMICRGetDevice returned 6, DeviceName: 
[2026-07-15 10:45:21] GetFirstDevice: No devices found on attempt 2, retrying...
[2026-07-15 10:45:23] GetFirstDevice: Attempt 3, Index 1, MTMICRGetDevice returned 6, DeviceName: 
[2026-07-15 10:45:23] GetFirstDevice: Attempt 3, Index 2, MTMICRGetDevice returned 6, DeviceName: 
[2026-07-15 10:45:23] GetFirstDevice: Attempt 3, Index 3, MTMICRGetDevice returned 6, DeviceName: 
[2026-07-15 10:45:23] GetFirstDevice: Attempt 3, Index 4, MTMICRGetDevice returned 6, DeviceName: 
[2026-07-15 10:45:23] GetFirstDevice: Attempt 3, Index 5, MTMICRGetDevice returned 6, DeviceName: 
[2026-07-15 10:45:23] GetFirstDevice: Attempt 3, Index 6, MTMICRGetDevice returned 6, DeviceName: 
[2026-07-15 10:45:23] GetFirstDevice: Attempt 3, Index 7, MTMICRGetDevice returned 6, DeviceName: 
[2026-07-15 10:45:23] GetFirstDevice: Attempt 3, Index 8, MTMICRGetDevice returned 6, DeviceName: 
[2026-07-15 10:45:23] GetFirstDevice: Attempt 3, Index 9, MTMICRGetDevice returned 6, DeviceName: 
[2026-07-15 10:45:23] GetFirstDevice: Attempt 3, Index 10, MTMICRGetDevice returned 6, DeviceName: 
[2026-07-15 10:45:23] GetFirstDevice: Attempt 3, Index 11, MTMICRGetDevice returned 6, DeviceName: 
[2026-07-15 10:45:23] GetFirstDevice: Attempt 3, Index 12, MTMICRGetDevice returned 6, DeviceName: 
[2026-07-15 10:45:23] GetFirstDevice: Attempt 3, Index 13, MTMICRGetDevice returned 6, DeviceName: 
[2026-07-15 10:45:23] GetFirstDevice: Attempt 3, Index 14, MTMICRGetDevice returned 6, DeviceName: 
[2026-07-15 10:45:23] GetFirstDevice: Attempt 3, Index 15, MTMICRGetDevice returned 6, DeviceName: 
[2026-07-15 10:45:23] GetFirstDevice: Attempt 3, Index 16, MTMICRGetDevice returned 6, DeviceName: 
[2026-07-15 10:45:23] GetFirstDevice: Attempt 3, Index 17, MTMICRGetDevice returned 6, DeviceName: 
[2026-07-15 10:45:23] GetFirstDevice: Attempt 3, Index 18, MTMICRGetDevice returned 6, DeviceName: 
[2026-07-15 10:45:23] GetFirstDevice: Attempt 3, Index 19, MTMICRGetDevice returned 6, DeviceName: 
[2026-07-15 10:45:23] GetFirstDevice: Attempt 3, Index 20, MTMICRGetDevice returned 6, DeviceName: 
[2026-07-15 10:45:23] GetFirstDevice: No devices found on attempt 3, retrying...
[2026-07-15 10:45:25] GetFirstDevice: Attempt 4, Index 1, MTMICRGetDevice returned 6, DeviceName: 
[2026-07-15 10:45:25] GetFirstDevice: Attempt 4, Index 2, MTMICRGetDevice returned 6, DeviceName: 
[2026-07-15 10:45:25] GetFirstDevice: Attempt 4, Index 3, MTMICRGetDevice returned 6, DeviceName: 
[2026-07-15 10:45:25] GetFirstDevice: Attempt 4, Index 4, MTMICRGetDevice returned 6, DeviceName: 
[2026-07-15 10:45:25] GetFirstDevice: Attempt 4, Index 5, MTMICRGetDevice returned 6, DeviceName: 
[2026-07-15 10:45:25] GetFirstDevice: Attempt 4, Index 6, MTMICRGetDevice returned 6, DeviceName: 
[2026-07-15 10:45:25] GetFirstDevice: Attempt 4, Index 7, MTMICRGetDevice returned 6, DeviceName: 
[2026-07-15 10:45:25] GetFirstDevice: Attempt 4, Index 8, MTMICRGetDevice returned 6, DeviceName: 
[2026-07-15 10:45:25] GetFirstDevice: Attempt 4, Index 9, MTMICRGetDevice returned 6, DeviceName: 
[2026-07-15 10:45:25] GetFirstDevice: Attempt 4, Index 10, MTMICRGetDevice returned 6, DeviceName: 
[2026-07-15 10:45:25] GetFirstDevice: Attempt 4, Index 11, MTMICRGetDevice returned 6, DeviceName: 
[2026-07-15 10:45:25] GetFirstDevice: Attempt 4, Index 12, MTMICRGetDevice returned 6, DeviceName: 
[2026-07-15 10:45:25] GetFirstDevice: Attempt 4, Index 13, MTMICRGetDevice returned 6, DeviceName: 
[2026-07-15 10:45:25] GetFirstDevice: Attempt 4, Index 14, MTMICRGetDevice returned 6, DeviceName: 
[2026-07-15 10:45:25] GetFirstDevice: Attempt 4, Index 15, MTMICRGetDevice returned 6, DeviceName: 
[2026-07-15 10:45:25] GetFirstDevice: Attempt 4, Index 16, MTMICRGetDevice returned 6, DeviceName: 
[2026-07-15 10:45:25] GetFirstDevice: Attempt 4, Index 17, MTMICRGetDevice returned 6, DeviceName: 
[2026-07-15 10:45:25] GetFirstDevice: Attempt 4, Index 18, MTMICRGetDevice returned 6, DeviceName: 
[2026-07-15 10:45:25] GetFirstDevice: Attempt 4, Index 19, MTMICRGetDevice returned 6, DeviceName: 
[2026-07-15 10:45:25] GetFirstDevice: Attempt 4, Index 20, MTMICRGetDevice returned 6, DeviceName: 
[2026-07-15 10:45:25] GetFirstDevice: No devices found on attempt 4, retrying...
[2026-07-15 10:45:27] GetFirstDevice: Attempt 5, Index 1, MTMICRGetDevice returned 6, DeviceName: 
[2026-07-15 10:45:27] GetFirstDevice: Attempt 5, Index 2, MTMICRGetDevice returned 6, DeviceName: 
[2026-07-15 10:45:27] GetFirstDevice: Attempt 5, Index 3, MTMICRGetDevice returned 6, DeviceName: 
[2026-07-15 10:45:27] GetFirstDevice: Attempt 5, Index 4, MTMICRGetDevice returned 6, DeviceName: 
[2026-07-15 10:45:27] GetFirstDevice: Attempt 5, Index 5, MTMICRGetDevice returned 6, DeviceName: 
[2026-07-15 10:45:27] GetFirstDevice: Attempt 5, Index 6, MTMICRGetDevice returned 6, DeviceName: 
[2026-07-15 10:45:27] GetFirstDevice: Attempt 5, Index 7, MTMICRGetDevice returned 6, DeviceName: 
[2026-07-15 10:45:27] GetFirstDevice: Attempt 5, Index 8, MTMICRGetDevice returned 6, DeviceName: 
[2026-07-15 10:45:27] GetFirstDevice: Attempt 5, Index 9, MTMICRGetDevice returned 6, DeviceName: 
[2026-07-15 10:45:27] GetFirstDevice: Attempt 5, Index 10, MTMICRGetDevice returned 6, DeviceName: 
[2026-07-15 10:45:27] GetFirstDevice: Attempt 5, Index 11, MTMICRGetDevice returned 6, DeviceName: 
[2026-07-15 10:45:27] GetFirstDevice: Attempt 5, Index 12, MTMICRGetDevice returned 6, DeviceName: 
[2026-07-15 10:45:27] GetFirstDevice: Attempt 5, Index 13, MTMICRGetDevice returned 6, DeviceName: 
[2026-07-15 10:45:27] GetFirstDevice: Attempt 5, Index 14, MTMICRGetDevice returned 6, DeviceName: 
[2026-07-15 10:45:27] GetFirstDevice: Attempt 5, Index 15, MTMICRGetDevice returned 6, DeviceName: 
[2026-07-15 10:45:27] GetFirstDevice: Attempt 5, Index 16, MTMICRGetDevice returned 6, DeviceName: 
[2026-07-15 10:45:27] GetFirstDevice: Attempt 5, Index 17, MTMICRGetDevice returned 6, DeviceName: 
[2026-07-15 10:45:27] GetFirstDevice: Attempt 5, Index 18, MTMICRGetDevice returned 6, DeviceName: 
[2026-07-15 10:45:27] GetFirstDevice: Attempt 5, Index 19, MTMICRGetDevice returned 6, DeviceName: 
[2026-07-15 10:45:27] GetFirstDevice: Attempt 5, Index 20, MTMICRGetDevice returned 6, DeviceName: 
[2026-07-15 10:45:27] GetFirstDevice: No devices found on attempt 5, retrying...
[2026-07-15 10:45:29] GetFirstDevice: No devices found after all retries.
[2026-07-15 10:45:29] ConnectDevice: No device found
[2026-07-15 10:45:29] Dispose: Closing resources
[2026-07-15 10:45:29] Dispose: Closed log file handle
[2026-07-15 10:45:33] SetupLogging: Log file initialized at C:\Users\USG\Downloads\ChequeScannerApp\backend\ScannerApi\bin\Release\net6.0\win-x86\debug.log
[2026-07-15 10:45:33] Constructor: Initial DocType=CHECK
[2026-07-15 10:45:33] GetFirstDevice: Attempt 1, Index 1, MTMICRGetDevice returned 6, DeviceName: 
[2026-07-15 10:45:33] GetFirstDevice: Attempt 1, Index 2, MTMICRGetDevice returned 6, DeviceName: 
[2026-07-15 10:45:33] GetFirstDevice: Attempt 1, Index 3, MTMICRGetDevice returned 6, DeviceName: 
[2026-07-15 10:45:33] GetFirstDevice: Attempt 1, Index 4, MTMICRGetDevice returned 6, DeviceName: 
[2026-07-15 10:45:33] GetFirstDevice: Attempt 1, Index 5, MTMICRGetDevice returned 6, DeviceName: 
[2026-07-15 10:45:33] GetFirstDevice: Attempt 1, Index 6, MTMICRGetDevice returned 6, DeviceName: 
[2026-07-15 10:45:33] GetFirstDevice: Attempt 1, Index 7, MTMICRGetDevice returned 6, DeviceName: 
[2026-07-15 10:45:33] GetFirstDevice: Attempt 1, Index 8, MTMICRGetDevice returned 6, DeviceName: 
[2026-07-15 10:45:33] GetFirstDevice: Attempt 1, Index 9, MTMICRGetDevice returned 6, DeviceName: 
[2026-07-15 10:45:33] GetFirstDevice: Attempt 1, Index 10, MTMICRGetDevice returned 6, DeviceName: 
[2026-07-15 10:45:33] GetFirstDevice: Attempt 1, Index 11, MTMICRGetDevice returned 6, DeviceName: 
[2026-07-15 10:45:33] GetFirstDevice: Attempt 1, Index 12, MTMICRGetDevice returned 6, DeviceName: 
[2026-07-15 10:45:33] GetFirstDevice: Attempt 1, Index 13, MTMICRGetDevice returned 6, DeviceName: 
[2026-07-15 10:45:33] GetFirstDevice: Attempt 1, Index 14, MTMICRGetDevice returned 6, DeviceName: 
[2026-07-15 10:45:33] GetFirstDevice: Attempt 1, Index 15, MTMICRGetDevice returned 6, DeviceName: 
[2026-07-15 10:45:33] GetFirstDevice: Attempt 1, Index 16, MTMICRGetDevice returned 6, DeviceName: 
[2026-07-15 10:45:33] GetFirstDevice: Attempt 1, Index 17, MTMICRGetDevice returned 6, DeviceName: 
[2026-07-15 10:45:33] GetFirstDevice: Attempt 1, Index 18, MTMICRGetDevice returned 6, DeviceName: 
[2026-07-15 10:45:33] GetFirstDevice: Attempt 1, Index 19, MTMICRGetDevice returned 6, DeviceName: 
[2026-07-15 10:45:33] GetFirstDevice: Attempt 1, Index 20, MTMICRGetDevice returned 6, DeviceName: 
[2026-07-15 10:45:33] GetFirstDevice: No devices found on attempt 1, retrying...
[2026-07-15 10:45:35] GetFirstDevice: Attempt 2, Index 1, MTMICRGetDevice returned 6, DeviceName: 
[2026-07-15 10:45:35] GetFirstDevice: Attempt 2, Index 2, MTMICRGetDevice returned 6, DeviceName: 
[2026-07-15 10:45:35] GetFirstDevice: Attempt 2, Index 3, MTMICRGetDevice returned 6, DeviceName: 
[2026-07-15 10:45:35] GetFirstDevice: Attempt 2, Index 4, MTMICRGetDevice returned 6, DeviceName: 
[2026-07-15 10:45:35] GetFirstDevice: Attempt 2, Index 5, MTMICRGetDevice returned 6, DeviceName: 
[2026-07-15 10:45:35] GetFirstDevice: Attempt 2, Index 6, MTMICRGetDevice returned 6, DeviceName: 
[2026-07-15 10:45:35] GetFirstDevice: Attempt 2, Index 7, MTMICRGetDevice returned 6, DeviceName: 
[2026-07-15 10:45:35] GetFirstDevice: Attempt 2, Index 8, MTMICRGetDevice returned 6, DeviceName: 
[2026-07-15 10:45:35] GetFirstDevice: Attempt 2, Index 9, MTMICRGetDevice returned 6, DeviceName: 
[2026-07-15 10:45:35] GetFirstDevice: Attempt 2, Index 10, MTMICRGetDevice returned 6, DeviceName: 
[2026-07-15 10:45:35] GetFirstDevice: Attempt 2, Index 11, MTMICRGetDevice returned 6, DeviceName: 
[2026-07-15 10:45:35] GetFirstDevice: Attempt 2, Index 12, MTMICRGetDevice returned 6, DeviceName: 
[2026-07-15 10:45:35] GetFirstDevice: Attempt 2, Index 13, MTMICRGetDevice returned 6, DeviceName: 
[2026-07-15 10:45:35] GetFirstDevice: Attempt 2, Index 14, MTMICRGetDevice returned 6, DeviceName: 
[2026-07-15 10:45:35] GetFirstDevice: Attempt 2, Index 15, MTMICRGetDevice returned 6, DeviceName: 
[2026-07-15 10:45:35] GetFirstDevice: Attempt 2, Index 16, MTMICRGetDevice returned 6, DeviceName: 
[2026-07-15 10:45:35] GetFirstDevice: Attempt 2, Index 17, MTMICRGetDevice returned 6, DeviceName: 
[2026-07-15 10:45:35] GetFirstDevice: Attempt 2, Index 18, MTMICRGetDevice returned 6, DeviceName: 
[2026-07-15 10:45:35] GetFirstDevice: Attempt 2, Index 19, MTMICRGetDevice returned 6, DeviceName: 
[2026-07-15 10:45:35] GetFirstDevice: Attempt 2, Index 20, MTMICRGetDevice returned 6, DeviceName: 
[2026-07-15 10:45:35] GetFirstDevice: No devices found on attempt 2, retrying...
[2026-07-15 10:45:37] GetFirstDevice: Attempt 3, Index 1, MTMICRGetDevice returned 6, DeviceName: 
[2026-07-15 10:45:37] GetFirstDevice: Attempt 3, Index 2, MTMICRGetDevice returned 6, DeviceName: 
[2026-07-15 10:45:37] GetFirstDevice: Attempt 3, Index 3, MTMICRGetDevice returned 6, DeviceName: 
[2026-07-15 10:45:37] GetFirstDevice: Attempt 3, Index 4, MTMICRGetDevice returned 6, DeviceName: 
[2026-07-15 10:45:37] GetFirstDevice: Attempt 3, Index 5, MTMICRGetDevice returned 6, DeviceName: 
[2026-07-15 10:45:37] GetFirstDevice: Attempt 3, Index 6, MTMICRGetDevice returned 6, DeviceName: 
[2026-07-15 10:45:37] GetFirstDevice: Attempt 3, Index 7, MTMICRGetDevice returned 6, DeviceName: 
[2026-07-15 10:45:37] GetFirstDevice: Attempt 3, Index 8, MTMICRGetDevice returned 6, DeviceName: 
[2026-07-15 10:45:37] GetFirstDevice: Attempt 3, Index 9, MTMICRGetDevice returned 6, DeviceName: 
[2026-07-15 10:45:37] GetFirstDevice: Attempt 3, Index 10, MTMICRGetDevice returned 6, DeviceName: 
[2026-07-15 10:45:37] GetFirstDevice: Attempt 3, Index 11, MTMICRGetDevice returned 6, DeviceName: 
[2026-07-15 10:45:37] GetFirstDevice: Attempt 3, Index 12, MTMICRGetDevice returned 6, DeviceName: 
[2026-07-15 10:45:37] GetFirstDevice: Attempt 3, Index 13, MTMICRGetDevice returned 6, DeviceName: 
[2026-07-15 10:45:37] GetFirstDevice: Attempt 3, Index 14, MTMICRGetDevice returned 6, DeviceName: 
[2026-07-15 10:45:37] GetFirstDevice: Attempt 3, Index 15, MTMICRGetDevice returned 6, DeviceName: 
[2026-07-15 10:45:37] GetFirstDevice: Attempt 3, Index 16, MTMICRGetDevice returned 6, DeviceName: 
[2026-07-15 10:45:37] GetFirstDevice: Attempt 3, Index 17, MTMICRGetDevice returned 6, DeviceName: 
[2026-07-15 10:45:37] GetFirstDevice: Attempt 3, Index 18, MTMICRGetDevice returned 6, DeviceName: 
[2026-07-15 10:45:37] GetFirstDevice: Attempt 3, Index 19, MTMICRGetDevice returned 6, DeviceName: 
[2026-07-15 10:45:37] GetFirstDevice: Attempt 3, Index 20, MTMICRGetDevice returned 6, DeviceName: 
[2026-07-15 10:45:37] GetFirstDevice: No devices found on attempt 3, retrying...
[2026-07-15 10:45:39] GetFirstDevice: Attempt 4, Index 1, MTMICRGetDevice returned 6, DeviceName: 
[2026-07-15 10:45:39] GetFirstDevice: Attempt 4, Index 2, MTMICRGetDevice returned 6, DeviceName: 
[2026-07-15 10:45:39] GetFirstDevice: Attempt 4, Index 3, MTMICRGetDevice returned 6, DeviceName: 
[2026-07-15 10:45:39] GetFirstDevice: Attempt 4, Index 4, MTMICRGetDevice returned 6, DeviceName: 
[2026-07-15 10:45:39] GetFirstDevice: Attempt 4, Index 5, MTMICRGetDevice returned 6, DeviceName: 
[2026-07-15 10:45:39] GetFirstDevice: Attempt 4, Index 6, MTMICRGetDevice returned 6, DeviceName: 
[2026-07-15 10:45:39] GetFirstDevice: Attempt 4, Index 7, MTMICRGetDevice returned 6, DeviceName: 
[2026-07-15 10:45:39] GetFirstDevice: Attempt 4, Index 8, MTMICRGetDevice returned 6, DeviceName: 
[2026-07-15 10:45:39] GetFirstDevice: Attempt 4, Index 9, MTMICRGetDevice returned 6, DeviceName: 
[2026-07-15 10:45:39] GetFirstDevice: Attempt 4, Index 10, MTMICRGetDevice returned 6, DeviceName: 
[2026-07-15 10:45:39] GetFirstDevice: Attempt 4, Index 11, MTMICRGetDevice returned 6, DeviceName: 
[2026-07-15 10:45:39] GetFirstDevice: Attempt 4, Index 12, MTMICRGetDevice returned 6, DeviceName: 
[2026-07-15 10:45:39] GetFirstDevice: Attempt 4, Index 13, MTMICRGetDevice returned 6, DeviceName: 
[2026-07-15 10:45:39] GetFirstDevice: Attempt 4, Index 14, MTMICRGetDevice returned 6, DeviceName: 
[2026-07-15 10:45:39] GetFirstDevice: Attempt 4, Index 15, MTMICRGetDevice returned 6, DeviceName: 
[2026-07-15 10:45:39] GetFirstDevice: Attempt 4, Index 16, MTMICRGetDevice returned 6, DeviceName: 
[2026-07-15 10:45:39] GetFirstDevice: Attempt 4, Index 17, MTMICRGetDevice returned 6, DeviceName: 
[2026-07-15 10:45:39] GetFirstDevice: Attempt 4, Index 18, MTMICRGetDevice returned 6, DeviceName: 
[2026-07-15 10:45:39] GetFirstDevice: Attempt 4, Index 19, MTMICRGetDevice returned 6, DeviceName: 
[2026-07-15 10:45:39] GetFirstDevice: Attempt 4, Index 20, MTMICRGetDevice returned 6, DeviceName: 
[2026-07-15 10:45:39] GetFirstDevice: No devices found on attempt 4, retrying...
[2026-07-15 10:45:41] GetFirstDevice: Attempt 5, Index 1, MTMICRGetDevice returned 6, DeviceName: 
[2026-07-15 10:45:41] GetFirstDevice: Attempt 5, Index 2, MTMICRGetDevice returned 6, DeviceName: 
[2026-07-15 10:45:41] GetFirstDevice: Attempt 5, Index 3, MTMICRGetDevice returned 6, DeviceName: 
[2026-07-15 10:45:41] GetFirstDevice: Attempt 5, Index 4, MTMICRGetDevice returned 6, DeviceName: 
[2026-07-15 10:45:41] GetFirstDevice: Attempt 5, Index 5, MTMICRGetDevice returned 6, DeviceName: 
[2026-07-15 10:45:41] GetFirstDevice: Attempt 5, Index 6, MTMICRGetDevice returned 6, DeviceName: 
[2026-07-15 10:45:41] GetFirstDevice: Attempt 5, Index 7, MTMICRGetDevice returned 6, DeviceName: 
[2026-07-15 10:45:41] GetFirstDevice: Attempt 5, Index 8, MTMICRGetDevice returned 6, DeviceName: 
[2026-07-15 10:45:41] GetFirstDevice: Attempt 5, Index 9, MTMICRGetDevice returned 6, DeviceName: 
[2026-07-15 10:45:41] GetFirstDevice: Attempt 5, Index 10, MTMICRGetDevice returned 6, DeviceName: 
[2026-07-15 10:45:41] GetFirstDevice: Attempt 5, Index 11, MTMICRGetDevice returned 6, DeviceName: 
[2026-07-15 10:45:41] GetFirstDevice: Attempt 5, Index 12, MTMICRGetDevice returned 6, DeviceName: 
[2026-07-15 10:45:41] GetFirstDevice: Attempt 5, Index 13, MTMICRGetDevice returned 6, DeviceName: 
[2026-07-15 10:45:41] GetFirstDevice: Attempt 5, Index 14, MTMICRGetDevice returned 6, DeviceName: 
[2026-07-15 10:45:41] GetFirstDevice: Attempt 5, Index 15, MTMICRGetDevice returned 6, DeviceName: 
[2026-07-15 10:45:41] GetFirstDevice: Attempt 5, Index 16, MTMICRGetDevice returned 6, DeviceName: 
[2026-07-15 10:45:41] GetFirstDevice: Attempt 5, Index 17, MTMICRGetDevice returned 6, DeviceName: 
[2026-07-15 10:45:41] GetFirstDevice: Attempt 5, Index 18, MTMICRGetDevice returned 6, DeviceName: 
[2026-07-15 10:45:41] GetFirstDevice: Attempt 5, Index 19, MTMICRGetDevice returned 6, DeviceName: 
[2026-07-15 10:45:41] GetFirstDevice: Attempt 5, Index 20, MTMICRGetDevice returned 6, DeviceName: 
[2026-07-15 10:45:41] GetFirstDevice: No devices found on attempt 5, retrying...
[2026-07-15 10:45:43] GetFirstDevice: No devices found after all retries.
[2026-07-15 10:45:43] ConnectDevice: No device found
[2026-07-15 10:45:43] Dispose: Closing resources
[2026-07-15 10:45:43] Dispose: Closed log file handle
[2026-07-15 10:48:21] SetupLogging: Log file initialized at C:\Users\USG\Downloads\ChequeScannerApp\backend\ScannerApi\bin\Release\net6.0\win-x86\debug.log
[2026-07-15 10:48:21] Constructor: Initial DocType=CHECK
[2026-07-15 10:48:21] GetDeviceList: Attempt 1, Index 1, MTMICRGetDevice returned 6, DeviceName: 
[2026-07-15 10:48:21] GetDeviceList: Attempt 1, Index 2, MTMICRGetDevice returned 6, DeviceName: 
[2026-07-15 10:48:21] GetDeviceList: Attempt 1, Index 3, MTMICRGetDevice returned 6, DeviceName: 
[2026-07-15 10:48:21] GetDeviceList: Attempt 1, Index 4, MTMICRGetDevice returned 6, DeviceName: 
[2026-07-15 10:48:21] GetDeviceList: Attempt 1, Index 5, MTMICRGetDevice returned 6, DeviceName: 
[2026-07-15 10:48:21] GetDeviceList: Attempt 1, Index 6, MTMICRGetDevice returned 6, DeviceName: 
[2026-07-15 10:48:21] GetDeviceList: Attempt 1, Index 7, MTMICRGetDevice returned 6, DeviceName: 
[2026-07-15 10:48:21] GetDeviceList: Attempt 1, Index 8, MTMICRGetDevice returned 6, DeviceName: 
[2026-07-15 10:48:21] GetDeviceList: Attempt 1, Index 9, MTMICRGetDevice returned 6, DeviceName: 
[2026-07-15 10:48:21] GetDeviceList: Attempt 1, Index 10, MTMICRGetDevice returned 6, DeviceName: 
[2026-07-15 10:48:21] GetDeviceList: Attempt 1, Index 11, MTMICRGetDevice returned 6, DeviceName: 
[2026-07-15 10:48:21] GetDeviceList: Attempt 1, Index 12, MTMICRGetDevice returned 6, DeviceName: 
[2026-07-15 10:48:21] GetDeviceList: Attempt 1, Index 13, MTMICRGetDevice returned 6, DeviceName: 
[2026-07-15 10:48:21] GetDeviceList: Attempt 1, Index 14, MTMICRGetDevice returned 6, DeviceName: 
[2026-07-15 10:48:21] GetDeviceList: Attempt 1, Index 15, MTMICRGetDevice returned 6, DeviceName: 
[2026-07-15 10:48:21] GetDeviceList: Attempt 1, Index 16, MTMICRGetDevice returned 6, DeviceName: 
[2026-07-15 10:48:21] GetDeviceList: Attempt 1, Index 17, MTMICRGetDevice returned 6, DeviceName: 
[2026-07-15 10:48:21] GetDeviceList: Attempt 1, Index 18, MTMICRGetDevice returned 6, DeviceName: 
[2026-07-15 10:48:21] GetDeviceList: Attempt 1, Index 19, MTMICRGetDevice returned 6, DeviceName: 
[2026-07-15 10:48:21] GetDeviceList: Attempt 1, Index 20, MTMICRGetDevice returned 6, DeviceName: 
[2026-07-15 10:48:21] GetDeviceList: No devices found on attempt 1, retrying...
[2026-07-15 10:48:22] GetDeviceList: Attempt 2, Index 1, MTMICRGetDevice returned 6, DeviceName: 
[2026-07-15 10:48:22] GetDeviceList: Attempt 2, Index 2, MTMICRGetDevice returned 6, DeviceName: 
[2026-07-15 10:48:22] GetDeviceList: Attempt 2, Index 3, MTMICRGetDevice returned 6, DeviceName: 
[2026-07-15 10:48:22] GetDeviceList: Attempt 2, Index 4, MTMICRGetDevice returned 6, DeviceName: 
[2026-07-15 10:48:22] GetDeviceList: Attempt 2, Index 5, MTMICRGetDevice returned 6, DeviceName: 
[2026-07-15 10:48:22] GetDeviceList: Attempt 2, Index 6, MTMICRGetDevice returned 6, DeviceName: 
[2026-07-15 10:48:22] GetDeviceList: Attempt 2, Index 7, MTMICRGetDevice returned 6, DeviceName: 
[2026-07-15 10:48:22] GetDeviceList: Attempt 2, Index 8, MTMICRGetDevice returned 6, DeviceName: 
[2026-07-15 10:48:22] GetDeviceList: Attempt 2, Index 9, MTMICRGetDevice returned 6, DeviceName: 
[2026-07-15 10:48:22] GetDeviceList: Attempt 2, Index 10, MTMICRGetDevice returned 6, DeviceName: 
[2026-07-15 10:48:22] GetDeviceList: Attempt 2, Index 11, MTMICRGetDevice returned 6, DeviceName: 
[2026-07-15 10:48:22] GetDeviceList: Attempt 2, Index 12, MTMICRGetDevice returned 6, DeviceName: 
[2026-07-15 10:48:22] GetDeviceList: Attempt 2, Index 13, MTMICRGetDevice returned 6, DeviceName: 
[2026-07-15 10:48:22] GetDeviceList: Attempt 2, Index 14, MTMICRGetDevice returned 6, DeviceName: 
[2026-07-15 10:48:22] GetDeviceList: Attempt 2, Index 15, MTMICRGetDevice returned 6, DeviceName: 
[2026-07-15 10:48:22] GetDeviceList: Attempt 2, Index 16, MTMICRGetDevice returned 6, DeviceName: 
[2026-07-15 10:48:22] GetDeviceList: Attempt 2, Index 17, MTMICRGetDevice returned 6, DeviceName: 
[2026-07-15 10:48:22] GetDeviceList: Attempt 2, Index 18, MTMICRGetDevice returned 6, DeviceName: 
[2026-07-15 10:48:22] GetDeviceList: Attempt 2, Index 19, MTMICRGetDevice returned 6, DeviceName: 
[2026-07-15 10:48:22] GetDeviceList: Attempt 2, Index 20, MTMICRGetDevice returned 6, DeviceName: 
[2026-07-15 10:48:22] GetDeviceList: No devices found on attempt 2, retrying...
[2026-07-15 10:48:23] GetDeviceList: Attempt 3, Index 1, MTMICRGetDevice returned 6, DeviceName: 
[2026-07-15 10:48:23] GetDeviceList: Attempt 3, Index 2, MTMICRGetDevice returned 6, DeviceName: 
[2026-07-15 10:48:23] GetDeviceList: Attempt 3, Index 3, MTMICRGetDevice returned 6, DeviceName: 
[2026-07-15 10:48:23] GetDeviceList: Attempt 3, Index 4, MTMICRGetDevice returned 6, DeviceName: 
[2026-07-15 10:48:23] GetDeviceList: Attempt 3, Index 5, MTMICRGetDevice returned 6, DeviceName: 
[2026-07-15 10:48:23] GetDeviceList: Attempt 3, Index 6, MTMICRGetDevice returned 6, DeviceName: 
[2026-07-15 10:48:23] GetDeviceList: Attempt 3, Index 7, MTMICRGetDevice returned 6, DeviceName: 
[2026-07-15 10:48:23] GetDeviceList: Attempt 3, Index 8, MTMICRGetDevice returned 6, DeviceName: 
[2026-07-15 10:48:23] GetDeviceList: Attempt 3, Index 9, MTMICRGetDevice returned 6, DeviceName: 
[2026-07-15 10:48:23] GetDeviceList: Attempt 3, Index 10, MTMICRGetDevice returned 6, DeviceName: 
[2026-07-15 10:48:23] GetDeviceList: Attempt 3, Index 11, MTMICRGetDevice returned 6, DeviceName: 
[2026-07-15 10:48:23] GetDeviceList: Attempt 3, Index 12, MTMICRGetDevice returned 6, DeviceName: 
[2026-07-15 10:48:23] GetDeviceList: Attempt 3, Index 13, MTMICRGetDevice returned 6, DeviceName: 
[2026-07-15 10:48:23] GetDeviceList: Attempt 3, Index 14, MTMICRGetDevice returned 6, DeviceName: 
[2026-07-15 10:48:23] GetDeviceList: Attempt 3, Index 15, MTMICRGetDevice returned 6, DeviceName: 
[2026-07-15 10:48:23] GetDeviceList: Attempt 3, Index 16, MTMICRGetDevice returned 6, DeviceName: 
[2026-07-15 10:48:23] GetDeviceList: Attempt 3, Index 17, MTMICRGetDevice returned 6, DeviceName: 
[2026-07-15 10:48:23] GetDeviceList: Attempt 3, Index 18, MTMICRGetDevice returned 6, DeviceName: 
[2026-07-15 10:48:23] GetDeviceList: Attempt 3, Index 19, MTMICRGetDevice returned 6, DeviceName: 
[2026-07-15 10:48:23] GetDeviceList: Attempt 3, Index 20, MTMICRGetDevice returned 6, DeviceName: 
[2026-07-15 10:48:23] GetDeviceList: No devices found on attempt 3, retrying...
[2026-07-15 10:48:24] GetDeviceList: No devices found after all retries.
[2026-07-15 10:48:24] Dispose: Closing resources
[2026-07-15 10:48:24] Dispose: Closed log file handle
[2026-07-15 10:48:28] SetupLogging: Log file initialized at C:\Users\USG\Downloads\ChequeScannerApp\backend\ScannerApi\bin\Release\net6.0\win-x86\debug.log
[2026-07-15 10:48:28] Constructor: Initial DocType=CHECK
[2026-07-15 10:48:28] GetDeviceList: Attempt 1, Index 1, MTMICRGetDevice returned 6, DeviceName: 
[2026-07-15 10:48:28] GetDeviceList: Attempt 1, Index 2, MTMICRGetDevice returned 6, DeviceName: 
[2026-07-15 10:48:28] GetDeviceList: Attempt 1, Index 3, MTMICRGetDevice returned 6, DeviceName: 
[2026-07-15 10:48:28] GetDeviceList: Attempt 1, Index 4, MTMICRGetDevice returned 6, DeviceName: 
[2026-07-15 10:48:28] GetDeviceList: Attempt 1, Index 5, MTMICRGetDevice returned 6, DeviceName: 
[2026-07-15 10:48:28] GetDeviceList: Attempt 1, Index 6, MTMICRGetDevice returned 6, DeviceName: 
[2026-07-15 10:48:28] GetDeviceList: Attempt 1, Index 7, MTMICRGetDevice returned 6, DeviceName: 
[2026-07-15 10:48:28] GetDeviceList: Attempt 1, Index 8, MTMICRGetDevice returned 6, DeviceName: 
[2026-07-15 10:48:28] GetDeviceList: Attempt 1, Index 9, MTMICRGetDevice returned 6, DeviceName: 
[2026-07-15 10:48:28] GetDeviceList: Attempt 1, Index 10, MTMICRGetDevice returned 6, DeviceName: 
[2026-07-15 10:48:28] GetDeviceList: Attempt 1, Index 11, MTMICRGetDevice returned 6, DeviceName: 
[2026-07-15 10:48:28] GetDeviceList: Attempt 1, Index 12, MTMICRGetDevice returned 6, DeviceName: 
[2026-07-15 10:48:28] GetDeviceList: Attempt 1, Index 13, MTMICRGetDevice returned 6, DeviceName: 
[2026-07-15 10:48:28] GetDeviceList: Attempt 1, Index 14, MTMICRGetDevice returned 6, DeviceName: 
[2026-07-15 10:48:28] GetDeviceList: Attempt 1, Index 15, MTMICRGetDevice returned 6, DeviceName: 
[2026-07-15 10:48:28] GetDeviceList: Attempt 1, Index 16, MTMICRGetDevice returned 6, DeviceName: 
[2026-07-15 10:48:28] GetDeviceList: Attempt 1, Index 17, MTMICRGetDevice returned 6, DeviceName: 
[2026-07-15 10:48:28] GetDeviceList: Attempt 1, Index 18, MTMICRGetDevice returned 6, DeviceName: 
[2026-07-15 10:48:28] GetDeviceList: Attempt 1, Index 19, MTMICRGetDevice returned 6, DeviceName: 
[2026-07-15 10:48:28] GetDeviceList: Attempt 1, Index 20, MTMICRGetDevice returned 6, DeviceName: 
[2026-07-15 10:48:28] GetDeviceList: No devices found on attempt 1, retrying...
[2026-07-15 10:48:29] GetDeviceList: Attempt 2, Index 1, MTMICRGetDevice returned 6, DeviceName: 
[2026-07-15 10:48:29] GetDeviceList: Attempt 2, Index 2, MTMICRGetDevice returned 6, DeviceName: 
[2026-07-15 10:48:29] GetDeviceList: Attempt 2, Index 3, MTMICRGetDevice returned 6, DeviceName: 
[2026-07-15 10:48:29] GetDeviceList: Attempt 2, Index 4, MTMICRGetDevice returned 6, DeviceName: 
[2026-07-15 10:48:29] GetDeviceList: Attempt 2, Index 5, MTMICRGetDevice returned 6, DeviceName: 
[2026-07-15 10:48:29] GetDeviceList: Attempt 2, Index 6, MTMICRGetDevice returned 6, DeviceName: 
[2026-07-15 10:48:29] GetDeviceList: Attempt 2, Index 7, MTMICRGetDevice returned 6, DeviceName: 
[2026-07-15 10:48:29] GetDeviceList: Attempt 2, Index 8, MTMICRGetDevice returned 6, DeviceName: 
[2026-07-15 10:48:29] GetDeviceList: Attempt 2, Index 9, MTMICRGetDevice returned 6, DeviceName: 
[2026-07-15 10:48:29] GetDeviceList: Attempt 2, Index 10, MTMICRGetDevice returned 6, DeviceName: 
[2026-07-15 10:48:29] GetDeviceList: Attempt 2, Index 11, MTMICRGetDevice returned 6, DeviceName: 
[2026-07-15 10:48:29] GetDeviceList: Attempt 2, Index 12, MTMICRGetDevice returned 6, DeviceName: 
[2026-07-15 10:48:29] GetDeviceList: Attempt 2, Index 13, MTMICRGetDevice returned 6, DeviceName: 
[2026-07-15 10:48:29] GetDeviceList: Attempt 2, Index 14, MTMICRGetDevice returned 6, DeviceName: 
[2026-07-15 10:48:29] GetDeviceList: Attempt 2, Index 15, MTMICRGetDevice returned 6, DeviceName: 
[2026-07-15 10:48:29] GetDeviceList: Attempt 2, Index 16, MTMICRGetDevice returned 6, DeviceName: 
[2026-07-15 10:48:29] GetDeviceList: Attempt 2, Index 17, MTMICRGetDevice returned 6, DeviceName: 
[2026-07-15 10:48:29] GetDeviceList: Attempt 2, Index 18, MTMICRGetDevice returned 6, DeviceName: 
[2026-07-15 10:48:29] GetDeviceList: Attempt 2, Index 19, MTMICRGetDevice returned 6, DeviceName: 
[2026-07-15 10:48:29] GetDeviceList: Attempt 2, Index 20, MTMICRGetDevice returned 6, DeviceName: 
[2026-07-15 10:48:29] GetDeviceList: No devices found on attempt 2, retrying...
[2026-07-15 10:48:30] GetDeviceList: Attempt 3, Index 1, MTMICRGetDevice returned 6, DeviceName: 
[2026-07-15 10:48:30] GetDeviceList: Attempt 3, Index 2, MTMICRGetDevice returned 6, DeviceName: 
[2026-07-15 10:48:30] GetDeviceList: Attempt 3, Index 3, MTMICRGetDevice returned 6, DeviceName: 
[2026-07-15 10:48:30] GetDeviceList: Attempt 3, Index 4, MTMICRGetDevice returned 6, DeviceName: 
[2026-07-15 10:48:30] GetDeviceList: Attempt 3, Index 5, MTMICRGetDevice returned 6, DeviceName: 
[2026-07-15 10:48:30] GetDeviceList: Attempt 3, Index 6, MTMICRGetDevice returned 6, DeviceName: 
[2026-07-15 10:48:30] GetDeviceList: Attempt 3, Index 7, MTMICRGetDevice returned 6, DeviceName: 
[2026-07-15 10:48:30] GetDeviceList: Attempt 3, Index 8, MTMICRGetDevice returned 6, DeviceName: 
[2026-07-15 10:48:30] GetDeviceList: Attempt 3, Index 9, MTMICRGetDevice returned 6, DeviceName: 
[2026-07-15 10:48:30] GetDeviceList: Attempt 3, Index 10, MTMICRGetDevice returned 6, DeviceName: 
[2026-07-15 10:48:30] GetDeviceList: Attempt 3, Index 11, MTMICRGetDevice returned 6, DeviceName: 
[2026-07-15 10:48:30] GetDeviceList: Attempt 3, Index 12, MTMICRGetDevice returned 6, DeviceName: 
[2026-07-15 10:48:30] GetDeviceList: Attempt 3, Index 13, MTMICRGetDevice returned 6, DeviceName: 
[2026-07-15 10:48:30] GetDeviceList: Attempt 3, Index 14, MTMICRGetDevice returned 6, DeviceName: 
[2026-07-15 10:48:30] GetDeviceList: Attempt 3, Index 15, MTMICRGetDevice returned 6, DeviceName: 
[2026-07-15 10:48:30] GetDeviceList: Attempt 3, Index 16, MTMICRGetDevice returned 6, DeviceName: 
[2026-07-15 10:48:30] GetDeviceList: Attempt 3, Index 17, MTMICRGetDevice returned 6, DeviceName: 
[2026-07-15 10:48:30] GetDeviceList: Attempt 3, Index 18, MTMICRGetDevice returned 6, DeviceName: 
[2026-07-15 10:48:30] GetDeviceList: Attempt 3, Index 19, MTMICRGetDevice returned 6, DeviceName: 
[2026-07-15 10:48:30] GetDeviceList: Attempt 3, Index 20, MTMICRGetDevice returned 6, DeviceName: 
[2026-07-15 10:48:30] GetDeviceList: No devices found on attempt 3, retrying...
[2026-07-15 10:48:31] GetDeviceList: No devices found after all retries.
[2026-07-15 10:48:31] Dispose: Closing resources
[2026-07-15 10:48:31] Dispose: Closed log file handle
[2026-07-15 10:48:34] SetupLogging: Log file initialized at C:\Users\USG\Downloads\ChequeScannerApp\backend\ScannerApi\bin\Release\net6.0\win-x86\debug.log
[2026-07-15 10:48:34] Constructor: Initial DocType=CHECK
[2026-07-15 10:48:34] GetFirstDevice: Attempt 1, Index 1, MTMICRGetDevice returned 6, DeviceName: 
[2026-07-15 10:48:34] GetFirstDevice: Attempt 1, Index 2, MTMICRGetDevice returned 6, DeviceName: 
[2026-07-15 10:48:34] GetFirstDevice: Attempt 1, Index 3, MTMICRGetDevice returned 6, DeviceName: 
[2026-07-15 10:48:34] GetFirstDevice: Attempt 1, Index 4, MTMICRGetDevice returned 6, DeviceName: 
[2026-07-15 10:48:34] GetFirstDevice: Attempt 1, Index 5, MTMICRGetDevice returned 6, DeviceName: 
[2026-07-15 10:48:34] GetFirstDevice: Attempt 1, Index 6, MTMICRGetDevice returned 6, DeviceName: 
[2026-07-15 10:48:34] GetFirstDevice: Attempt 1, Index 7, MTMICRGetDevice returned 6, DeviceName: 
[2026-07-15 10:48:34] GetFirstDevice: Attempt 1, Index 8, MTMICRGetDevice returned 6, DeviceName: 
[2026-07-15 10:48:34] GetFirstDevice: Attempt 1, Index 9, MTMICRGetDevice returned 6, DeviceName: 
[2026-07-15 10:48:34] GetFirstDevice: Attempt 1, Index 10, MTMICRGetDevice returned 6, DeviceName: 
[2026-07-15 10:48:34] GetFirstDevice: Attempt 1, Index 11, MTMICRGetDevice returned 6, DeviceName: 
[2026-07-15 10:48:34] GetFirstDevice: Attempt 1, Index 12, MTMICRGetDevice returned 6, DeviceName: 
[2026-07-15 10:48:34] GetFirstDevice: Attempt 1, Index 13, MTMICRGetDevice returned 6, DeviceName: 
[2026-07-15 10:48:34] GetFirstDevice: Attempt 1, Index 14, MTMICRGetDevice returned 6, DeviceName: 
[2026-07-15 10:48:34] GetFirstDevice: Attempt 1, Index 15, MTMICRGetDevice returned 6, DeviceName: 
[2026-07-15 10:48:34] GetFirstDevice: Attempt 1, Index 16, MTMICRGetDevice returned 6, DeviceName: 
[2026-07-15 10:48:34] GetFirstDevice: Attempt 1, Index 17, MTMICRGetDevice returned 6, DeviceName: 
[2026-07-15 10:48:34] GetFirstDevice: Attempt 1, Index 18, MTMICRGetDevice returned 6, DeviceName: 
[2026-07-15 10:48:34] GetFirstDevice: Attempt 1, Index 19, MTMICRGetDevice returned 6, DeviceName: 
[2026-07-15 10:48:34] GetFirstDevice: Attempt 1, Index 20, MTMICRGetDevice returned 6, DeviceName: 
[2026-07-15 10:48:34] GetFirstDevice: No devices found on attempt 1, retrying...
[2026-07-15 10:48:37] GetFirstDevice: Attempt 2, Index 1, MTMICRGetDevice returned 6, DeviceName: 
[2026-07-15 10:48:37] GetFirstDevice: Attempt 2, Index 2, MTMICRGetDevice returned 6, DeviceName: 
[2026-07-15 10:48:37] GetFirstDevice: Attempt 2, Index 3, MTMICRGetDevice returned 6, DeviceName: 
[2026-07-15 10:48:37] GetFirstDevice: Attempt 2, Index 4, MTMICRGetDevice returned 6, DeviceName: 
[2026-07-15 10:48:37] GetFirstDevice: Attempt 2, Index 5, MTMICRGetDevice returned 6, DeviceName: 
[2026-07-15 10:48:37] GetFirstDevice: Attempt 2, Index 6, MTMICRGetDevice returned 6, DeviceName: 
[2026-07-15 10:48:37] GetFirstDevice: Attempt 2, Index 7, MTMICRGetDevice returned 6, DeviceName: 
[2026-07-15 10:48:37] GetFirstDevice: Attempt 2, Index 8, MTMICRGetDevice returned 6, DeviceName: 
[2026-07-15 10:48:37] GetFirstDevice: Attempt 2, Index 9, MTMICRGetDevice returned 6, DeviceName: 
[2026-07-15 10:48:37] GetFirstDevice: Attempt 2, Index 10, MTMICRGetDevice returned 6, DeviceName: 
[2026-07-15 10:48:37] GetFirstDevice: Attempt 2, Index 11, MTMICRGetDevice returned 6, DeviceName: 
[2026-07-15 10:48:37] GetFirstDevice: Attempt 2, Index 12, MTMICRGetDevice returned 6, DeviceName: 
[2026-07-15 10:48:37] GetFirstDevice: Attempt 2, Index 13, MTMICRGetDevice returned 6, DeviceName: 
[2026-07-15 10:48:37] GetFirstDevice: Attempt 2, Index 14, MTMICRGetDevice returned 6, DeviceName: 
[2026-07-15 10:48:37] GetFirstDevice: Attempt 2, Index 15, MTMICRGetDevice returned 6, DeviceName: 
[2026-07-15 10:48:37] GetFirstDevice: Attempt 2, Index 16, MTMICRGetDevice returned 6, DeviceName: 
[2026-07-15 10:48:37] GetFirstDevice: Attempt 2, Index 17, MTMICRGetDevice returned 6, DeviceName: 
[2026-07-15 10:48:37] GetFirstDevice: Attempt 2, Index 18, MTMICRGetDevice returned 6, DeviceName: 
[2026-07-15 10:48:37] GetFirstDevice: Attempt 2, Index 19, MTMICRGetDevice returned 6, DeviceName: 
[2026-07-15 10:48:37] GetFirstDevice: Attempt 2, Index 20, MTMICRGetDevice returned 6, DeviceName: 
[2026-07-15 10:48:37] GetFirstDevice: No devices found on attempt 2, retrying...
[2026-07-15 10:48:39] GetFirstDevice: Attempt 3, Index 1, MTMICRGetDevice returned 6, DeviceName: 
[2026-07-15 10:48:39] GetFirstDevice: Attempt 3, Index 2, MTMICRGetDevice returned 6, DeviceName: 
[2026-07-15 10:48:39] GetFirstDevice: Attempt 3, Index 3, MTMICRGetDevice returned 6, DeviceName: 
[2026-07-15 10:48:39] GetFirstDevice: Attempt 3, Index 4, MTMICRGetDevice returned 6, DeviceName: 
[2026-07-15 10:48:39] GetFirstDevice: Attempt 3, Index 5, MTMICRGetDevice returned 6, DeviceName: 
[2026-07-15 10:48:39] GetFirstDevice: Attempt 3, Index 6, MTMICRGetDevice returned 6, DeviceName: 
[2026-07-15 10:48:39] GetFirstDevice: Attempt 3, Index 7, MTMICRGetDevice returned 6, DeviceName: 
[2026-07-15 10:48:39] GetFirstDevice: Attempt 3, Index 8, MTMICRGetDevice returned 6, DeviceName: 
[2026-07-15 10:48:39] GetFirstDevice: Attempt 3, Index 9, MTMICRGetDevice returned 6, DeviceName: 
[2026-07-15 10:48:39] GetFirstDevice: Attempt 3, Index 10, MTMICRGetDevice returned 6, DeviceName: 
[2026-07-15 10:48:39] GetFirstDevice: Attempt 3, Index 11, MTMICRGetDevice returned 6, DeviceName: 
[2026-07-15 10:48:39] GetFirstDevice: Attempt 3, Index 12, MTMICRGetDevice returned 6, DeviceName: 
[2026-07-15 10:48:39] GetFirstDevice: Attempt 3, Index 13, MTMICRGetDevice returned 6, DeviceName: 
[2026-07-15 10:48:39] GetFirstDevice: Attempt 3, Index 14, MTMICRGetDevice returned 6, DeviceName: 
[2026-07-15 10:48:39] GetFirstDevice: Attempt 3, Index 15, MTMICRGetDevice returned 6, DeviceName: 
[2026-07-15 10:48:39] GetFirstDevice: Attempt 3, Index 16, MTMICRGetDevice returned 6, DeviceName: 
[2026-07-15 10:48:39] GetFirstDevice: Attempt 3, Index 17, MTMICRGetDevice returned 6, DeviceName: 
[2026-07-15 10:48:39] GetFirstDevice: Attempt 3, Index 18, MTMICRGetDevice returned 6, DeviceName: 
[2026-07-15 10:48:39] GetFirstDevice: Attempt 3, Index 19, MTMICRGetDevice returned 6, DeviceName: 
[2026-07-15 10:48:39] GetFirstDevice: Attempt 3, Index 20, MTMICRGetDevice returned 6, DeviceName: 
[2026-07-15 10:48:39] GetFirstDevice: No devices found on attempt 3, retrying...
[2026-07-15 10:48:41] GetFirstDevice: Attempt 4, Index 1, MTMICRGetDevice returned 6, DeviceName: 
[2026-07-15 10:48:41] GetFirstDevice: Attempt 4, Index 2, MTMICRGetDevice returned 6, DeviceName: 
[2026-07-15 10:48:41] GetFirstDevice: Attempt 4, Index 3, MTMICRGetDevice returned 6, DeviceName: 
[2026-07-15 10:48:41] GetFirstDevice: Attempt 4, Index 4, MTMICRGetDevice returned 6, DeviceName: 
[2026-07-15 10:48:41] GetFirstDevice: Attempt 4, Index 5, MTMICRGetDevice returned 6, DeviceName: 
[2026-07-15 10:48:41] GetFirstDevice: Attempt 4, Index 6, MTMICRGetDevice returned 6, DeviceName: 
[2026-07-15 10:48:41] GetFirstDevice: Attempt 4, Index 7, MTMICRGetDevice returned 6, DeviceName: 
[2026-07-15 10:48:41] GetFirstDevice: Attempt 4, Index 8, MTMICRGetDevice returned 6, DeviceName: 
[2026-07-15 10:48:41] GetFirstDevice: Attempt 4, Index 9, MTMICRGetDevice returned 6, DeviceName: 
[2026-07-15 10:48:41] GetFirstDevice: Attempt 4, Index 10, MTMICRGetDevice returned 6, DeviceName: 
[2026-07-15 10:48:41] GetFirstDevice: Attempt 4, Index 11, MTMICRGetDevice returned 6, DeviceName: 
[2026-07-15 10:48:41] GetFirstDevice: Attempt 4, Index 12, MTMICRGetDevice returned 6, DeviceName: 
[2026-07-15 10:48:41] GetFirstDevice: Attempt 4, Index 13, MTMICRGetDevice returned 6, DeviceName: 
[2026-07-15 10:48:41] GetFirstDevice: Attempt 4, Index 14, MTMICRGetDevice returned 6, DeviceName: 
[2026-07-15 10:48:41] GetFirstDevice: Attempt 4, Index 15, MTMICRGetDevice returned 6, DeviceName: 
[2026-07-15 10:48:41] GetFirstDevice: Attempt 4, Index 16, MTMICRGetDevice returned 6, DeviceName: 
[2026-07-15 10:48:41] GetFirstDevice: Attempt 4, Index 17, MTMICRGetDevice returned 6, DeviceName: 
[2026-07-15 10:48:41] GetFirstDevice: Attempt 4, Index 18, MTMICRGetDevice returned 6, DeviceName: 
[2026-07-15 10:48:41] GetFirstDevice: Attempt 4, Index 19, MTMICRGetDevice returned 6, DeviceName: 
[2026-07-15 10:48:41] GetFirstDevice: Attempt 4, Index 20, MTMICRGetDevice returned 6, DeviceName: 
[2026-07-15 10:48:41] GetFirstDevice: No devices found on attempt 4, retrying...
[2026-07-15 10:48:43] GetFirstDevice: Attempt 5, Index 1, MTMICRGetDevice returned 6, DeviceName: 
[2026-07-15 10:48:43] GetFirstDevice: Attempt 5, Index 2, MTMICRGetDevice returned 6, DeviceName: 
[2026-07-15 10:48:43] GetFirstDevice: Attempt 5, Index 3, MTMICRGetDevice returned 6, DeviceName: 
[2026-07-15 10:48:43] GetFirstDevice: Attempt 5, Index 4, MTMICRGetDevice returned 6, DeviceName: 
[2026-07-15 10:48:43] GetFirstDevice: Attempt 5, Index 5, MTMICRGetDevice returned 6, DeviceName: 
[2026-07-15 10:48:43] GetFirstDevice: Attempt 5, Index 6, MTMICRGetDevice returned 6, DeviceName: 
[2026-07-15 10:48:43] GetFirstDevice: Attempt 5, Index 7, MTMICRGetDevice returned 6, DeviceName: 
[2026-07-15 10:48:43] GetFirstDevice: Attempt 5, Index 8, MTMICRGetDevice returned 6, DeviceName: 
[2026-07-15 10:48:43] GetFirstDevice: Attempt 5, Index 9, MTMICRGetDevice returned 6, DeviceName: 
[2026-07-15 10:48:43] GetFirstDevice: Attempt 5, Index 10, MTMICRGetDevice returned 6, DeviceName: 
[2026-07-15 10:48:43] GetFirstDevice: Attempt 5, Index 11, MTMICRGetDevice returned 6, DeviceName: 
[2026-07-15 10:48:43] GetFirstDevice: Attempt 5, Index 12, MTMICRGetDevice returned 6, DeviceName: 
[2026-07-15 10:48:43] GetFirstDevice: Attempt 5, Index 13, MTMICRGetDevice returned 6, DeviceName: 
[2026-07-15 10:48:43] GetFirstDevice: Attempt 5, Index 14, MTMICRGetDevice returned 6, DeviceName: 
[2026-07-15 10:48:43] GetFirstDevice: Attempt 5, Index 15, MTMICRGetDevice returned 6, DeviceName: 
[2026-07-15 10:48:43] GetFirstDevice: Attempt 5, Index 16, MTMICRGetDevice returned 6, DeviceName: 
[2026-07-15 10:48:43] GetFirstDevice: Attempt 5, Index 17, MTMICRGetDevice returned 6, DeviceName: 
[2026-07-15 10:48:43] GetFirstDevice: Attempt 5, Index 18, MTMICRGetDevice returned 6, DeviceName: 
[2026-07-15 10:48:43] GetFirstDevice: Attempt 5, Index 19, MTMICRGetDevice returned 6, DeviceName: 
[2026-07-15 10:48:43] GetFirstDevice: Attempt 5, Index 20, MTMICRGetDevice returned 6, DeviceName: 
[2026-07-15 10:48:43] GetFirstDevice: No devices found on attempt 5, retrying...
[2026-07-15 10:48:45] GetFirstDevice: No devices found after all retries.
[2026-07-15 10:48:45] ConnectDevice: No device found
[2026-07-15 10:48:45] Dispose: Closing resources
[2026-07-15 10:48:45] Dispose: Closed log file handle
4] GetFirstDevice: Attempt 4, Index 1, MTMICRGetDevice returned 6, DeviceName: 
[2026-07-15 10:48:44] GetFirstDevice: Attempt 4, Index 2, MTMICRGetDevice returned 6, DeviceName: 
[2026-07-15 10:48:44] GetFirstDevice: Attempt 4, Index 3, MTMICRGetDevice returned 6, DeviceName: 
[2026-07-15 10:48:44] GetFirstDevice: Attempt 4, Index 4, MTMICRGetDevice returned 6, DeviceName: 
[2026-07-15 10:48:44] GetFirstDevice: Attempt 4, Index 5, MTMICRGetDevice returned 6, DeviceName: 
[2026-07-15 10:48:44] GetFirstDevice: Attempt 4, Index 6, MTMICRGetDevice returned 6, DeviceName: 
[2026-07-15 10:48:44] GetFirstDevice: Attempt 4, Index 7, MTMICRGetDevice returned 6, DeviceName: 
[2026-07-15 10:48:44] GetFirstDevice: Attempt 4, Index 8, MTMICRGetDevice returned 6, DeviceName: 
[2026-07-15 10:48:44] GetFirstDevice: Attempt 4, Index 9, MTMICRGetDevice returned 6, DeviceName: 
[2026-07-15 10:48:44] GetFirstDevice: Attempt 4, Index 10, MTMICRGetDevice returned 6, DeviceName: 
[2026-07-15 10:48:44] GetFirstDevice: Attempt 4, Index 11, MTMICRGetDevice returned 6, DeviceName: 
[2026-07-15 10:48:44] GetFirstDevice: Attempt 4, Index 12, MTMICRGetDevice returned 6, DeviceName: 
[2026-07-15 10:48:44] GetFirstDevice: Attempt 4, Index 13, MTMICRGetDevice returned 6, DeviceName: 
[2026-07-15 10:48:44] GetFirstDevice: Attempt 4, Index 14, MTMICRGetDevice returned 6, DeviceName: 
[2026-07-15 10:48:44] GetFirstDevice: Attempt 4, Index 15, MTMICRGetDevice returned 6, DeviceName: 
[2026-07-15 10:48:44] GetFirstDevice: Attempt 4, Index 16, MTMICRGetDevice returned 6, DeviceName: 
[2026-07-15 10:48:44] GetFirstDevice: Attempt 4, Index 17, MTMICRGetDevice returned 6, DeviceName: 
[2026-07-15 10:48:44] GetFirstDevice: Attempt 4, Index 18, MTMICRGetDevice returned 6, DeviceName: 
[2026-07-15 10:48:44] GetFirstDevice: Attempt 4, Index 19, MTMICRGetDevice returned 6, DeviceName: 
[2026-07-15 10:48:44] GetFirstDevice: Attempt 4, Index 20, MTMICRGetDevice returned 6, DeviceName: 
[2026-07-15 10:48:44] GetFirstDevice: No devices found on attempt 4, retrying...
[2026-07-15 10:48:46] GetFirstDevice: Attempt 5, Index 1, MTMICRGetDevice returned 6, DeviceName: 
[2026-07-15 10:48:46] GetFirstDevice: Attempt 5, Index 2, MTMICRGetDevice returned 6, DeviceName: 
[2026-07-15 10:48:46] GetFirstDevice: Attempt 5, Index 3, MTMICRGetDevice returned 6, DeviceName: 
[2026-07-15 10:48:46] GetFirstDevice: Attempt 5, Index 4, MTMICRGetDevice returned 6, DeviceName: 
[2026-07-15 10:48:46] GetFirstDevice: Attempt 5, Index 5, MTMICRGetDevice returned 6, DeviceName: 
[2026-07-15 10:48:46] GetFirstDevice: Attempt 5, Index 6, MTMICRGetDevice returned 6, DeviceName: 
[2026-07-15 10:48:46] GetFirstDevice: Attempt 5, Index 7, MTMICRGetDevice returned 6, DeviceName: 
[2026-07-15 10:48:46] GetFirstDevice: Attempt 5, Index 8, MTMICRGetDevice returned 6, DeviceName: 
[2026-07-15 10:48:46] GetFirstDevice: Attempt 5, Index 9, MTMICRGetDevice returned 6, DeviceName: 
[2026-07-15 10:48:46] GetFirstDevice: Attempt 5, Index 10, MTMICRGetDevice returned 6, DeviceName: 
[2026-07-15 10:48:46] GetFirstDevice: Attempt 5, Index 11, MTMICRGetDevice returned 6, DeviceName: 
[2026-07-15 10:48:46] GetFirstDevice: Attempt 5, Index 12, MTMICRGetDevice returned 6, DeviceName: 
[2026-07-15 10:48:46] GetFirstDevice: Attempt 5, Index 13, MTMICRGetDevice returned 6, DeviceName: 
[2026-07-15 10:48:46] GetFirstDevice: Attempt 5, Index 14, MTMICRGetDevice returned 6, DeviceName: 
[2026-07-15 10:48:46] GetFirstDevice: Attempt 5, Index 15, MTMICRGetDevice returned 6, DeviceName: 
[2026-07-15 10:48:46] GetFirstDevice: Attempt 5, Index 16, MTMICRGetDevice returned 6, DeviceName: 
[2026-07-15 10:48:46] GetFirstDevice: Attempt 5, Index 17, MTMICRGetDevice returned 6, DeviceName: 
[2026-07-15 10:48:46] GetFirstDevice: Attempt 5, Index 18, MTMICRGetDevice returned 6, DeviceName: 
[2026-07-15 10:48:46] GetFirstDevice: Attempt 5, Index 19, MTMICRGetDevice returned 6, DeviceName: 
[2026-07-15 10:48:46] GetFirstDevice: Attempt 5, Index 20, MTMICRGetDevice returned 6, DeviceName: 
[2026-07-15 10:48:46] GetFirstDevice: No devices found on attempt 5, retrying...
[2026-07-15 10:48:48] GetFirstDevice: No devices found after all retries.
[2026-07-15 10:48:48] GetDeviceStatus: No device found.
[2026-07-15 10:48:48] Dispose: Closing resources
[2026-07-15 10:48:48] Dispose: Closed log file handle
[2026-07-15 10:48:48] SetupLogging: Log file initialized at C:\Users\USG\Downloads\ChequeScannerApp\backend\ScannerApi\bin\Release\net6.0\win-x86\debug.log
[2026-07-15 10:48:48] Constructor: Initial DocType=CHECK
[2026-07-15 10:48:48] GetFirstDevice: Attempt 1, Index 1, MTMICRGetDevice returned 6, DeviceName: 
[2026-07-15 10:48:48] GetFirstDevice: Attempt 1, Index 2, MTMICRGetDevice returned 6, DeviceName: 
[2026-07-15 10:48:48] GetFirstDevice: Attempt 1, Index 3, MTMICRGetDevice returned 6, DeviceName: 
[2026-07-15 10:48:48] GetFirstDevice: Attempt 1, Index 4, MTMICRGetDevice returned 6, DeviceName: 
[2026-07-15 10:48:48] GetFirstDevice: Attempt 1, Index 5, MTMICRGetDevice returned 6, DeviceName: 
[2026-07-15 10:48:48] GetFirstDevice: Attempt 1, Index 6, MTMICRGetDevice returned 6, DeviceName: 
[2026-07-15 10:48:48] GetFirstDevice: Attempt 1, Index 7, MTMICRGetDevice returned 6, DeviceName: 
[2026-07-15 10:48:48] GetFirstDevice: Attempt 1, Index 8, MTMICRGetDevice returned 6, DeviceName: 
[2026-07-15 10:48:48] GetFirstDevice: Attempt 1, Index 9, MTMICRGetDevice returned 6, DeviceName: 
[2026-07-15 10:48:48] GetFirstDevice: Attempt 1, Index 10, MTMICRGetDevice returned 6, DeviceName: 
[2026-07-15 10:48:48] GetFirstDevice: Attempt 1, Index 11, MTMICRGetDevice returned 6, DeviceName: 
[2026-07-15 10:48:48] GetFirstDevice: Attempt 1, Index 12, MTMICRGetDevice returned 6, DeviceName: 
[2026-07-15 10:48:48] GetFirstDevice: Attempt 1, Index 13, MTMICRGetDevice returned 6, DeviceName: 
[2026-07-15 10:48:48] GetFirstDevice: Attempt 1, Index 14, MTMICRGetDevice returned 6, DeviceName: 
[2026-07-15 10:48:48] GetFirstDevice: Attempt 1, Index 15, MTMICRGetDevice returned 6, DeviceName: 
[2026-07-15 10:48:48] GetFirstDevice: Attempt 1, Index 16, MTMICRGetDevice returned 6, DeviceName: 
[2026-07-15 10:48:48] GetFirstDevice: Attempt 1, Index 17, MTMICRGetDevice returned 6, DeviceName: 
[2026-07-15 10:48:48] GetFirstDevice: Attempt 1, Index 18, MTMICRGetDevice returned 6, DeviceName: 
[2026-07-15 10:48:48] GetFirstDevice: Attempt 1, Index 19, MTMICRGetDevice returned 6, DeviceName: 
[2026-07-15 10:48:48] GetFirstDevice: Attempt 1, Index 20, MTMICRGetDevice returned 6, DeviceName: 
[2026-07-15 10:48:48] GetFirstDevice: No devices found on attempt 1, retrying...
[2026-07-15 10:48:50] GetFirstDevice: Attempt 2, Index 1, MTMICRGetDevice returned 6, DeviceName: 
[2026-07-15 10:48:50] GetFirstDevice: Attempt 2, Index 2, MTMICRGetDevice returned 6, DeviceName: 
[2026-07-15 10:48:50] GetFirstDevice: Attempt 2, Index 3, MTMICRGetDevice returned 6, DeviceName: 
[2026-07-15 10:48:50] GetFirstDevice: Attempt 2, Index 4, MTMICRGetDevice returned 6, DeviceName: 
[2026-07-15 10:48:50] GetFirstDevice: Attempt 2, Index 5, MTMICRGetDevice returned 6, DeviceName: 
[2026-07-15 10:48:50] GetFirstDevice: Attempt 2, Index 6, MTMICRGetDevice returned 6, DeviceName: 
[2026-07-15 10:48:50] GetFirstDevice: Attempt 2, Index 7, MTMICRGetDevice returned 6, DeviceName: 
[2026-07-15 10:48:50] GetFirstDevice: Attempt 2, Index 8, MTMICRGetDevice returned 6, DeviceName: 
[2026-07-15 10:48:50] GetFirstDevice: Attempt 2, Index 9, MTMICRGetDevice returned 6, DeviceName: 
[2026-07-15 10:48:50] GetFirstDevice: Attempt 2, Index 10, MTMICRGetDevice returned 6, DeviceName: 
[2026-07-15 10:48:50] GetFirstDevice: Attempt 2, Index 11, MTMICRGetDevice returned 6, DeviceName: 
[2026-07-15 10:48:50] GetFirstDevice: Attempt 2, Index 12, MTMICRGetDevice returned 6, DeviceName: 
[2026-07-15 10:48:50] GetFirstDevice: Attempt 2, Index 13, MTMICRGetDevice returned 6, DeviceName: 
[2026-07-15 10:48:50] GetFirstDevice: Attempt 2, Index 14, MTMICRGetDevice returned 6, DeviceName: 
[2026-07-15 10:48:50] GetFirstDevice: Attempt 2, Index 15, MTMICRGetDevice returned 6, DeviceName: 
[2026-07-15 10:48:50] GetFirstDevice: Attempt 2, Index 16, MTMICRGetDevice returned 6, DeviceName: 
[2026-07-15 10:48:50] GetFirstDevice: Attempt 2, Index 17, MTMICRGetDevice returned 6, DeviceName: 
[2026-07-15 10:48:50] GetFirstDevice: Attempt 2, Index 18, MTMICRGetDevice returned 6, DeviceName: 
[2026-07-15 10:48:50] GetFirstDevice: Attempt 2, Index 19, MTMICRGetDevice returned 6, DeviceName: 
[2026-07-15 10:48:50] GetFirstDevice: Attempt 2, Index 20, MTMICRGetDevice returned 6, DeviceName: 
[2026-07-15 10:48:50] GetFirstDevice: No devices found on attempt 2, retrying...
[2026-07-15 10:48:52] GetFirstDevice: Attempt 3, Index 1, MTMICRGetDevice returned 6, DeviceName: 
[2026-07-15 10:48:52] GetFirstDevice: Attempt 3, Index 2, MTMICRGetDevice returned 6, DeviceName: 
[2026-07-15 10:48:52] GetFirstDevice: Attempt 3, Index 3, MTMICRGetDevice returned 6, DeviceName: 
[2026-07-15 10:48:52] GetFirstDevice: Attempt 3, Index 4, MTMICRGetDevice returned 6, DeviceName: 
[2026-07-15 10:48:52] GetFirstDevice: Attempt 3, Index 5, MTMICRGetDevice returned 6, DeviceName: 
[2026-07-15 10:48:52] GetFirstDevice: Attempt 3, Index 6, MTMICRGetDevice returned 6, DeviceName: 
[2026-07-15 10:48:52] GetFirstDevice: Attempt 3, Index 7, MTMICRGetDevice returned 6, DeviceName: 
[2026-07-15 10:48:52] GetFirstDevice: Attempt 3, Index 8, MTMICRGetDevice returned 6, DeviceName: 
[2026-07-15 10:48:52] GetFirstDevice: Attempt 3, Index 9, MTMICRGetDevice returned 6, DeviceName: 
[2026-07-15 10:48:52] GetFirstDevice: Attempt 3, Index 10, MTMICRGetDevice returned 6, DeviceName: 
[2026-07-15 10:48:52] GetFirstDevice: Attempt 3, Index 11, MTMICRGetDevice returned 6, DeviceName: 
[2026-07-15 10:48:52] GetFirstDevice: Attempt 3, Index 12, MTMICRGetDevice returned 6, DeviceName: 
[2026-07-15 10:48:52] GetFirstDevice: Attempt 3, Index 13, MTMICRGetDevice returned 6, DeviceName: 
[2026-07-15 10:48:52] GetFirstDevice: Attempt 3, Index 14, MTMICRGetDevice returned 6, DeviceName: 
[2026-07-15 10:48:52] GetFirstDevice: Attempt 3, Index 15, MTMICRGetDevice returned 6, DeviceName: 
[2026-07-15 10:48:52] GetFirstDevice: Attempt 3, Index 16, MTMICRGetDevice returned 6, DeviceName: 
[2026-07-15 10:48:52] GetFirstDevice: Attempt 3, Index 17, MTMICRGetDevice returned 6, DeviceName: 
[2026-07-15 10:48:52] GetFirstDevice: Attempt 3, Index 18, MTMICRGetDevice returned 6, DeviceName: 
[2026-07-15 10:48:52] GetFirstDevice: Attempt 3, Index 19, MTMICRGetDevice returned 6, DeviceName: 
[2026-07-15 10:48:52] GetFirstDevice: Attempt 3, Index 20, MTMICRGetDevice returned 6, DeviceName: 
[2026-07-15 10:48:52] GetFirstDevice: No devices found on attempt 3, retrying...
[2026-07-15 10:48:54] GetFirstDevice: Attempt 4, Index 1, MTMICRGetDevice returned 6, DeviceName: 
[2026-07-15 10:48:54] GetFirstDevice: Attempt 4, Index 2, MTMICRGetDevice returned 6, DeviceName: 
[2026-07-15 10:48:54] GetFirstDevice: Attempt 4, Index 3, MTMICRGetDevice returned 6, DeviceName: 
[2026-07-15 10:48:54] GetFirstDevice: Attempt 4, Index 4, MTMICRGetDevice returned 6, DeviceName: 
[2026-07-15 10:48:54] GetFirstDevice: Attempt 4, Index 5, MTMICRGetDevice returned 6, DeviceName: 
[2026-07-15 10:48:54] GetFirstDevice: Attempt 4, Index 6, MTMICRGetDevice returned 6, DeviceName: 
[2026-07-15 10:48:54] GetFirstDevice: Attempt 4, Index 7, MTMICRGetDevice returned 6, DeviceName: 
[2026-07-15 10:48:54] GetFirstDevice: Attempt 4, Index 8, MTMICRGetDevice returned 6, DeviceName: 
[2026-07-15 10:48:54] GetFirstDevice: Attempt 4, Index 9, MTMICRGetDevice returned 6, DeviceName: 
[2026-07-15 10:48:54] GetFirstDevice: Attempt 4, Index 10, MTMICRGetDevice returned 6, DeviceName: 
[2026-07-15 10:48:54] GetFirstDevice: Attempt 4, Index 11, MTMICRGetDevice returned 6, DeviceName: 
[2026-07-15 10:48:54] GetFirstDevice: Attempt 4, Index 12, MTMICRGetDevice returned 6, DeviceName: 
[2026-07-15 10:48:54] GetFirstDevice: Attempt 4, Index 13, MTMICRGetDevice returned 6, DeviceName: 
[2026-07-15 10:48:54] GetFirstDevice: Attempt 4, Index 14, MTMICRGetDevice returned 6, DeviceName: 
[2026-07-15 10:48:54] GetFirstDevice: Attempt 4, Index 15, MTMICRGetDevice returned 6, DeviceName: 
[2026-07-15 10:48:54] GetFirstDevice: Attempt 4, Index 16, MTMICRGetDevice returned 6, DeviceName: 
[2026-07-15 10:48:54] GetFirstDevice: Attempt 4, Index 17, MTMICRGetDevice returned 6, DeviceName: 
[2026-07-15 10:48:54] GetFirstDevice: Attempt 4, Index 18, MTMICRGetDevice returned 6, DeviceName: 
[2026-07-15 10:48:54] GetFirstDevice: Attempt 4, Index 19, MTMICRGetDevice returned 6, DeviceName: 
[2026-07-15 10:48:54] GetFirstDevice: Attempt 4, Index 20, MTMICRGetDevice returned 6, DeviceName: 
[2026-07-15 10:48:54] GetFirstDevice: No devices found on attempt 4, retrying...
[2026-07-15 10:48:56] GetFirstDevice: Attempt 5, Index 1, MTMICRGetDevice returned 6, DeviceName: 
[2026-07-15 10:48:56] GetFirstDevice: Attempt 5, Index 2, MTMICRGetDevice returned 6, DeviceName: 
[2026-07-15 10:48:56] GetFirstDevice: Attempt 5, Index 3, MTMICRGetDevice returned 6, DeviceName: 
[2026-07-15 10:48:56] GetFirstDevice: Attempt 5, Index 4, MTMICRGetDevice returned 6, DeviceName: 
[2026-07-15 10:48:56] GetFirstDevice: Attempt 5, Index 5, MTMICRGetDevice returned 6, DeviceName: 
[2026-07-15 10:48:56] GetFirstDevice: Attempt 5, Index 6, MTMICRGetDevice returned 6, DeviceName: 
[2026-07-15 10:48:56] GetFirstDevice: Attempt 5, Index 7, MTMICRGetDevice returned 6, DeviceName: 
[2026-07-15 10:48:56] GetFirstDevice: Attempt 5, Index 8, MTMICRGetDevice returned 6, DeviceName: 
[2026-07-15 10:48:56] GetFirstDevice: Attempt 5, Index 9, MTMICRGetDevice returned 6, DeviceName: 
[2026-07-15 10:48:56] GetFirstDevice: Attempt 5, Index 10, MTMICRGetDevice returned 6, DeviceName: 
[2026-07-15 10:48:56] GetFirstDevice: Attempt 5, Index 11, MTMICRGetDevice returned 6, DeviceName: 
[2026-07-15 10:48:56] GetFirstDevice: Attempt 5, Index 12, MTMICRGetDevice returned 6, DeviceName: 
[2026-07-15 10:48:56] GetFirstDevice: Attempt 5, Index 13, MTMICRGetDevice returned 6, DeviceName: 
[2026-07-15 10:48:56] GetFirstDevice: Attempt 5, Index 14, MTMICRGetDevice returned 6, DeviceName: 
[2026-07-15 10:48:56] GetFirstDevice: Attempt 5, Index 15, MTMICRGetDevice returned 6, DeviceName: 
[2026-07-15 10:48:56] GetFirstDevice: Attempt 5, Index 16, MTMICRGetDevice returned 6, DeviceName: 
[2026-07-15 10:48:56] GetFirstDevice: Attempt 5, Index 17, MTMICRGetDevice returned 6, DeviceName: 
[2026-07-15 10:48:56] GetFirstDevice: Attempt 5, Index 18, MTMICRGetDevice returned 6, DeviceName: 
[2026-07-15 10:48:56] GetFirstDevice: Attempt 5, Index 19, MTMICRGetDevice returned 6, DeviceName: 
[2026-07-15 10:48:56] GetFirstDevice: Attempt 5, Index 20, MTMICRGetDevice returned 6, DeviceName: 
[2026-07-15 10:48:56] GetFirstDevice: No devices found on attempt 5, retrying...
[2026-07-15 10:48:58] GetFirstDevice: No devices found after all retries.
[2026-07-15 10:48:58] GetDeviceStatus: No device found.
[2026-07-15 10:48:58] Dispose: Closing resources
[2026-07-15 10:48:58] Dispose: Closed log file handle
[2026-07-15 10:48:58] SetupLogging: Log file initialized at C:\Users\USG\Downloads\ChequeScannerApp\backend\ScannerApi\bin\Release\net6.0\win-x86\debug.log
[2026-07-15 10:48:58] Constructor: Initial DocType=CHECK
[2026-07-15 10:48:58] GetFirstDevice: Attempt 1, Index 1, MTMICRGetDevice returned 6, DeviceName: 
[2026-07-15 10:48:58] GetFirstDevice: Attempt 1, Index 2, MTMICRGetDevice returned 6, DeviceName: 
[2026-07-15 10:48:58] GetFirstDevice: Attempt 1, Index 3, MTMICRGetDevice returned 6, DeviceName: 
[2026-07-15 10:48:58] GetFirstDevice: Attempt 1, Index 4, MTMICRGetDevice returned 6, DeviceName: 
[2026-07-15 10:48:58] GetFirstDevice: Attempt 1, Index 5, MTMICRGetDevice returned 6, DeviceName: 
[2026-07-15 10:48:58] GetFirstDevice: Attempt 1, Index 6, MTMICRGetDevice returned 6, DeviceName: 
[2026-07-15 10:48:58] GetFirstDevice: Attempt 1, Index 7, MTMICRGetDevice returned 6, DeviceName: 
[2026-07-15 10:48:58] GetFirstDevice: Attempt 1, Index 8, MTMICRGetDevice returned 6, DeviceName: 
[2026-07-15 10:48:58] GetFirstDevice: Attempt 1, Index 9, MTMICRGetDevice returned 6, DeviceName: 
[2026-07-15 10:48:58] GetFirstDevice: Attempt 1, Index 10, MTMICRGetDevice returned 6, DeviceName: 
[2026-07-15 10:48:58] GetFirstDevice: Attempt 1, Index 11, MTMICRGetDevice returned 6, DeviceName: 
[2026-07-15 10:48:58] GetFirstDevice: Attempt 1, Index 12, MTMICRGetDevice returned 6, DeviceName: 
[2026-07-15 10:48:58] GetFirstDevice: Attempt 1, Index 13, MTMICRGetDevice returned 6, DeviceName: 
[2026-07-15 10:48:58] GetFirstDevice: Attempt 1, Index 14, MTMICRGetDevice returned 6, DeviceName: 
[2026-07-15 10:48:58] GetFirstDevice: Attempt 1, Index 15, MTMICRGetDevice returned 6, DeviceName: 
[2026-07-15 10:48:58] GetFirstDevice: Attempt 1, Index 16, MTMICRGetDevice returned 6, DeviceName: 
[2026-07-15 10:48:58] GetFirstDevice: Attempt 1, Index 17, MTMICRGetDevice returned 6, DeviceName: 
[2026-07-15 10:48:58] GetFirstDevice: Attempt 1, Index 18, MTMICRGetDevice returned 6, DeviceName: 
[2026-07-15 10:48:58] GetFirstDevice: Attempt 1, Index 19, MTMICRGetDevice returned 6, DeviceName: 
[2026-07-15 10:48:58] GetFirstDevice: Attempt 1, Index 20, MTMICRGetDevice returned 6, DeviceName: 
[2026-07-15 10:48:58] GetFirstDevice: No devices found on attempt 1, retrying...
[2026-07-15 10:49:00] GetFirstDevice: Attempt 2, Index 1, MTMICRGetDevice returned 6, DeviceName: 
[2026-07-15 10:49:00] GetFirstDevice: Attempt 2, Index 2, MTMICRGetDevice returned 6, DeviceName: 
[2026-07-15 10:49:00] GetFirstDevice: Attempt 2, Index 3, MTMICRGetDevice returned 6, DeviceName: 
[2026-07-15 10:49:00] GetFirstDevice: Attempt 2, Index 4, MTMICRGetDevice returned 6, DeviceName: 
[2026-07-15 10:49:00] GetFirstDevice: Attempt 2, Index 5, MTMICRGetDevice returned 6, DeviceName: 
[2026-07-15 10:49:00] GetFirstDevice: Attempt 2, Index 6, MTMICRGetDevice returned 6, DeviceName: 
[2026-07-15 10:49:00] GetFirstDevice: Attempt 2, Index 7, MTMICRGetDevice returned 6, DeviceName: 
[2026-07-15 10:49:00] GetFirstDevice: Attempt 2, Index 8, MTMICRGetDevice returned 6, DeviceName: 
[2026-07-15 10:49:00] GetFirstDevice: Attempt 2, Index 9, MTMICRGetDevice returned 6, DeviceName: 
[2026-07-15 10:49:00] GetFirstDevice: Attempt 2, Index 10, MTMICRGetDevice returned 6, DeviceName: 
[2026-07-15 10:49:00] GetFirstDevice: Attempt 2, Index 11, MTMICRGetDevice returned 6, DeviceName: 
[2026-07-15 10:49:00] GetFirstDevice: Attempt 2, Index 12, MTMICRGetDevice returned 6, DeviceName: 
[2026-07-15 10:49:00] GetFirstDevice: Attempt 2, Index 13, MTMICRGetDevice returned 6, DeviceName: 
[2026-07-15 10:49:00] GetFirstDevice: Attempt 2, Index 14, MTMICRGetDevice returned 6, DeviceName: 
[2026-07-15 10:49:00] GetFirstDevice: Attempt 2, Index 15, MTMICRGetDevice returned 6, DeviceName: 
[2026-07-15 10:49:00] GetFirstDevice: Attempt 2, Index 16, MTMICRGetDevice returned 6, DeviceName: 
[2026-07-15 10:49:00] GetFirstDevice: Attempt 2, Index 17, MTMICRGetDevice returned 6, DeviceName: 
[2026-07-15 10:49:00] GetFirstDevice: Attempt 2, Index 18, MTMICRGetDevice returned 6, DeviceName: 
[2026-07-15 10:49:00] GetFirstDevice: Attempt 2, Index 19, MTMICRGetDevice returned 6, DeviceName: 
[2026-07-15 10:49:00] GetFirstDevice: Attempt 2, Index 20, MTMICRGetDevice returned 6, DeviceName: 
[2026-07-15 10:49:00] GetFirstDevice: No devices found on attempt 2, retrying...
[2026-07-15 10:49:02] GetFirstDevice: Attempt 3, Index 1, MTMICRGetDevice returned 6, DeviceName: 
[2026-07-15 10:49:02] GetFirstDevice: Attempt 3, Index 2, MTMICRGetDevice returned 6, DeviceName: 
[2026-07-15 10:49:02] GetFirstDevice: Attempt 3, Index 3, MTMICRGetDevice returned 6, DeviceName: 
[2026-07-15 10:49:02] GetFirstDevice: Attempt 3, Index 4, MTMICRGetDevice returned 6, DeviceName: 
[2026-07-15 10:49:02] GetFirstDevice: Attempt 3, Index 5, MTMICRGetDevice returned 6, DeviceName: 
[2026-07-15 10:49:02] GetFirstDevice: Attempt 3, Index 6, MTMICRGetDevice returned 6, DeviceName: 
[2026-07-15 10:49:02] GetFirstDevice: Attempt 3, Index 7, MTMICRGetDevice returned 6, DeviceName: 
[2026-07-15 10:49:02] GetFirstDevice: Attempt 3, Index 8, MTMICRGetDevice returned 6, DeviceName: 
[2026-07-15 10:49:02] GetFirstDevice: Attempt 3, Index 9, MTMICRGetDevice returned 6, DeviceName: 
[2026-07-15 10:49:02] GetFirstDevice: Attempt 3, Index 10, MTMICRGetDevice returned 6, DeviceName: 
[2026-07-15 10:49:02] GetFirstDevice: Attempt 3, Index 11, MTMICRGetDevice returned 6, DeviceName: 
[2026-07-15 10:49:02] GetFirstDevice: Attempt 3, Index 12, MTMICRGetDevice returned 6, DeviceName: 
[2026-07-15 10:49:02] GetFirstDevice: Attempt 3, Index 13, MTMICRGetDevice returned 6, DeviceName: 
[2026-07-15 10:49:02] GetFirstDevice: Attempt 3, Index 14, MTMICRGetDevice returned 6, DeviceName: 
[2026-07-15 10:49:02] GetFirstDevice: Attempt 3, Index 15, MTMICRGetDevice returned 6, DeviceName: 
[2026-07-15 10:49:02] GetFirstDevice: Attempt 3, Index 16, MTMICRGetDevice returned 6, DeviceName: 
[2026-07-15 10:49:02] GetFirstDevice: Attempt 3, Index 17, MTMICRGetDevice returned 6, DeviceName: 
[2026-07-15 10:49:02] GetFirstDevice: Attempt 3, Index 18, MTMICRGetDevice returned 6, DeviceName: 
[2026-07-15 10:49:02] GetFirstDevice: Attempt 3, Index 19, MTMICRGetDevice returned 6, DeviceName: 
[2026-07-15 10:49:02] GetFirstDevice: Attempt 3, Index 20, MTMICRGetDevice returned 6, DeviceName: 
[2026-07-15 10:49:02] GetFirstDevice: No devices found on attempt 3, retrying...
[2026-07-15 10:49:04] GetFirstDevice: Attempt 4, Index 1, MTMICRGetDevice returned 6, DeviceName: 
[2026-07-15 10:49:04] GetFirstDevice: Attempt 4, Index 2, MTMICRGetDevice returned 6, DeviceName: 
[2026-07-15 10:49:04] GetFirstDevice: Attempt 4, Index 3, MTMICRGetDevice returned 6, DeviceName: 
[2026-07-15 10:49:04] GetFirstDevice: Attempt 4, Index 4, MTMICRGetDevice returned 6, DeviceName: 
[2026-07-15 10:49:04] GetFirstDevice: Attempt 4, Index 5, MTMICRGetDevice returned 6, DeviceName: 
[2026-07-15 10:49:04] GetFirstDevice: Attempt 4, Index 6, MTMICRGetDevice returned 6, DeviceName: 
[2026-07-15 10:49:04] GetFirstDevice: Attempt 4, Index 7, MTMICRGetDevice returned 6, DeviceName: 
[2026-07-15 10:49:04] GetFirstDevice: Attempt 4, Index 8, MTMICRGetDevice returned 6, DeviceName: 
[2026-07-15 10:49:04] GetFirstDevice: Attempt 4, Index 9, MTMICRGetDevice returned 6, DeviceName: 
[2026-07-15 10:49:04] GetFirstDevice: Attempt 4, Index 10, MTMICRGetDevice returned 6, DeviceName: 
[2026-07-15 10:49:04] GetFirstDevice: Attempt 4, Index 11, MTMICRGetDevice returned 6, DeviceName: 
[2026-07-15 10:49:04] GetFirstDevice: Attempt 4, Index 12, MTMICRGetDevice returned 6, DeviceName: 
[2026-07-15 10:49:04] GetFirstDevice: Attempt 4, Index 13, MTMICRGetDevice returned 6, DeviceName: 
[2026-07-15 10:49:04] GetFirstDevice: Attempt 4, Index 14, MTMICRGetDevice returned 6, DeviceName: 
[2026-07-15 10:49:04] GetFirstDevice: Attempt 4, Index 15, MTMICRGetDevice returned 6, DeviceName: 
[2026-07-15 10:49:04] GetFirstDevice: Attempt 4, Index 16, MTMICRGetDevice returned 6, DeviceName: 
[2026-07-15 10:49:04] GetFirstDevice: Attempt 4, Index 17, MTMICRGetDevice returned 6, DeviceName: 
[2026-07-15 10:49:04] GetFirstDevice: Attempt 4, Index 18, MTMICRGetDevice returned 6, DeviceName: 
[2026-07-15 10:49:04] GetFirstDevice: Attempt 4, Index 19, MTMICRGetDevice returned 6, DeviceName: 
[2026-07-15 10:49:04] GetFirstDevice: Attempt 4, Index 20, MTMICRGetDevice returned 6, DeviceName: 
[2026-07-15 10:49:04] GetFirstDevice: No devices found on attempt 4, retrying...
[2026-07-15 10:49:06] GetFirstDevice: Attempt 5, Index 1, MTMICRGetDevice returned 6, DeviceName: 
[2026-07-15 10:49:06] GetFirstDevice: Attempt 5, Index 2, MTMICRGetDevice returned 6, DeviceName: 
[2026-07-15 10:49:06] GetFirstDevice: Attempt 5, Index 3, MTMICRGetDevice returned 6, DeviceName: 
[2026-07-15 10:49:06] GetFirstDevice: Attempt 5, Index 4, MTMICRGetDevice returned 6, DeviceName: 
[2026-07-15 10:49:06] GetFirstDevice: Attempt 5, Index 5, MTMICRGetDevice returned 6, DeviceName: 
[2026-07-15 10:49:06] GetFirstDevice: Attempt 5, Index 6, MTMICRGetDevice returned 6, DeviceName: 
[2026-07-15 10:49:06] GetFirstDevice: Attempt 5, Index 7, MTMICRGetDevice returned 6, DeviceName: 
[2026-07-15 10:49:06] GetFirstDevice: Attempt 5, Index 8, MTMICRGetDevice returned 6, DeviceName: 
[2026-07-15 10:49:06] GetFirstDevice: Attempt 5, Index 9, MTMICRGetDevice returned 6, DeviceName: 
[2026-07-15 10:49:06] GetFirstDevice: Attempt 5, Index 10, MTMICRGetDevice returned 6, DeviceName: 
[2026-07-15 10:49:06] GetFirstDevice: Attempt 5, Index 11, MTMICRGetDevice returned 6, DeviceName: 
[2026-07-15 10:49:06] GetFirstDevice: Attempt 5, Index 12, MTMICRGetDevice returned 6, DeviceName: 
[2026-07-15 10:49:06] GetFirstDevice: Attempt 5, Index 13, MTMICRGetDevice returned 6, DeviceName: 
[2026-07-15 10:49:06] GetFirstDevice: Attempt 5, Index 14, MTMICRGetDevice returned 6, DeviceName: 
[2026-07-15 10:49:06] GetFirstDevice: Attempt 5, Index 15, MTMICRGetDevice returned 6, DeviceName: 
[2026-07-15 10:49:06] GetFirstDevice: Attempt 5, Index 16, MTMICRGetDevice returned 6, DeviceName: 
[2026-07-15 10:49:06] GetFirstDevice: Attempt 5, Index 17, MTMICRGetDevice returned 6, DeviceName: 
[2026-07-15 10:49:06] GetFirstDevice: Attempt 5, Index 18, MTMICRGetDevice returned 6, DeviceName: 
[2026-07-15 10:49:06] GetFirstDevice: Attempt 5, Index 19, MTMICRGetDevice returned 6, DeviceName: 
[2026-07-15 10:49:06] GetFirstDevice: Attempt 5, Index 20, MTMICRGetDevice returned 6, DeviceName: 
[2026-07-15 10:49:06] GetFirstDevice: No devices found on attempt 5, retrying...
[2026-07-15 10:49:08] GetFirstDevice: No devices found after all retries.
[2026-07-15 10:49:08] GetDeviceStatus: No device found.
[2026-07-15 10:49:08] Dispose: Closing resources
[2026-07-15 10:49:08] Dispose: Closed log file handle
[2026-07-15 10:49:10] SetupLogging: Log file initialized at C:\Users\USG\Downloads\ChequeScannerApp\backend\ScannerApi\bin\Release\net6.0\win-x86\debug.log
[2026-07-15 10:49:10] Constructor: Initial DocType=CHECK
[2026-07-15 10:49:10] GetFirstDevice: Attempt 1, Index 1, MTMICRGetDevice returned 6, DeviceName: 
[2026-07-15 10:49:10] GetFirstDevice: Attempt 1, Index 2, MTMICRGetDevice returned 6, DeviceName: 
[2026-07-15 10:49:10] GetFirstDevice: Attempt 1, Index 3, MTMICRGetDevice returned 6, DeviceName: 
[2026-07-15 10:49:10] GetFirstDevice: Attempt 1, Index 4, MTMICRGetDevice returned 6, DeviceName: 
[2026-07-15 10:49:10] GetFirstDevice: Attempt 1, Index 5, MTMICRGetDevice returned 6, DeviceName: 
[2026-07-15 10:49:10] GetFirstDevice: Attempt 1, Index 6, MTMICRGetDevice returned 6, DeviceName: 
[2026-07-15 10:49:10] GetFirstDevice: Attempt 1, Index 7, MTMICRGetDevice returned 6, DeviceName: 
[2026-07-15 10:49:10] GetFirstDevice: Attempt 1, Index 8, MTMICRGetDevice returned 6, DeviceName: 
[2026-07-15 10:49:10] GetFirstDevice: Attempt 1, Index 9, MTMICRGetDevice returned 6, DeviceName: 
[2026-07-15 10:49:10] GetFirstDevice: Attempt 1, Index 10, MTMICRGetDevice returned 6, DeviceName: 
[2026-07-15 10:49:10] GetFirstDevice: Attempt 1, Index 11, MTMICRGetDevice returned 6, DeviceName: 
[2026-07-15 10:49:10] GetFirstDevice: Attempt 1, Index 12, MTMICRGetDevice returned 6, DeviceName: 
[2026-07-15 10:49:10] GetFirstDevice: Attempt 1, Index 13, MTMICRGetDevice returned 6, DeviceName: 
[2026-07-15 10:49:10] GetFirstDevice: Attempt 1, Index 14, MTMICRGetDevice returned 6, DeviceName: 
[2026-07-15 10:49:10] GetFirstDevice: Attempt 1, Index 15, MTMICRGetDevice returned 6, DeviceName: 
[2026-07-15 10:49:10] GetFirstDevice: Attempt 1, Index 16, MTMICRGetDevice returned 6, DeviceName: 
[2026-07-15 10:49:10] GetFirstDevice: Attempt 1, Index 17, MTMICRGetDevice returned 6, DeviceName: 
[2026-07-15 10:49:10] GetFirstDevice: Attempt 1, Index 18, MTMICRGetDevice returned 6, DeviceName: 
[2026-07-15 10:49:10] GetFirstDevice: Attempt 1, Index 19, MTMICRGetDevice returned 6, DeviceName: 
[2026-07-15 10:49:10] GetFirstDevice: Attempt 1, Index 20, MTMICRGetDevice returned 6, DeviceName: 
[2026-07-15 10:49:10] GetFirstDevice: No devices found on attempt 1, retrying...
[2026-07-15 10:49:12] GetFirstDevice: Attempt 2, Index 1, MTMICRGetDevice returned 6, DeviceName: 
[2026-07-15 10:49:12] GetFirstDevice: Attempt 2, Index 2, MTMICRGetDevice returned 6, DeviceName: 
[2026-07-15 10:49:12] GetFirstDevice: Attempt 2, Index 3, MTMICRGetDevice returned 6, DeviceName: 
[2026-07-15 10:49:12] GetFirstDevice: Attempt 2, Index 4, MTMICRGetDevice returned 6, DeviceName: 
[2026-07-15 10:49:12] GetFirstDevice: Attempt 2, Index 5, MTMICRGetDevice returned 6, DeviceName: 
[2026-07-15 10:49:12] GetFirstDevice: Attempt 2, Index 6, MTMICRGetDevice returned 6, DeviceName: 
[2026-07-15 10:49:12] GetFirstDevice: Attempt 2, Index 7, MTMICRGetDevice returned 6, DeviceName: 
[2026-07-15 10:49:12] GetFirstDevice: Attempt 2, Index 8, MTMICRGetDevice returned 6, DeviceName: 
[2026-07-15 10:49:12] GetFirstDevice: Attempt 2, Index 9, MTMICRGetDevice returned 6, DeviceName: 
[2026-07-15 10:49:12] GetFirstDevice: Attempt 2, Index 10, MTMICRGetDevice returned 6, DeviceName: 
[2026-07-15 10:49:12] GetFirstDevice: Attempt 2, Index 11, MTMICRGetDevice returned 6, DeviceName: 
[2026-07-15 10:49:12] GetFirstDevice: Attempt 2, Index 12, MTMICRGetDevice returned 6, DeviceName: 
[2026-07-15 10:49:12] GetFirstDevice: Attempt 2, Index 13, MTMICRGetDevice returned 6, DeviceName: 
[2026-07-15 10:49:12] GetFirstDevice: Attempt 2, Index 14, MTMICRGetDevice returned 6, DeviceName: 
[2026-07-15 10:49:12] GetFirstDevice: Attempt 2, Index 15, MTMICRGetDevice returned 6, DeviceName: 
[2026-07-15 10:49:12] GetFirstDevice: Attempt 2, Index 16, MTMICRGetDevice returned 6, DeviceName: 
[2026-07-15 10:49:12] GetFirstDevice: Attempt 2, Index 17, MTMICRGetDevice returned 6, DeviceName: 
[2026-07-15 10:49:12] GetFirstDevice: Attempt 2, Index 18, MTMICRGetDevice returned 6, DeviceName: 
[2026-07-15 10:49:12] GetFirstDevice: Attempt 2, Index 19, MTMICRGetDevice returned 6, DeviceName: 
[2026-07-15 10:49:12] GetFirstDevice: Attempt 2, Index 20, MTMICRGetDevice returned 6, DeviceName: 
[2026-07-15 10:49:12] GetFirstDevice: No devices found on attempt 2, retrying...
[2026-07-15 10:49:14] GetFirstDevice: Attempt 3, Index 1, MTMICRGetDevice returned 6, DeviceName: 
[2026-07-15 10:49:14] GetFirstDevice: Attempt 3, Index 2, MTMICRGetDevice returned 6, DeviceName: 
[2026-07-15 10:49:14] GetFirstDevice: Attempt 3, Index 3, MTMICRGetDevice returned 6, DeviceName: 
[2026-07-15 10:49:14] GetFirstDevice: Attempt 3, Index 4, MTMICRGetDevice returned 6, DeviceName: 
[2026-07-15 10:49:14] GetFirstDevice: Attempt 3, Index 5, MTMICRGetDevice returned 6, DeviceName: 
[2026-07-15 10:49:14] GetFirstDevice: Attempt 3, Index 6, MTMICRGetDevice returned 6, DeviceName: 
[2026-07-15 10:49:14] GetFirstDevice: Attempt 3, Index 7, MTMICRGetDevice returned 6, DeviceName: 
[2026-07-15 10:49:14] GetFirstDevice: Attempt 3, Index 8, MTMICRGetDevice returned 6, DeviceName: 
[2026-07-15 10:49:14] GetFirstDevice: Attempt 3, Index 9, MTMICRGetDevice returned 6, DeviceName: 
[2026-07-15 10:49:14] GetFirstDevice: Attempt 3, Index 10, MTMICRGetDevice returned 6, DeviceName: 
[2026-07-15 10:49:14] GetFirstDevice: Attempt 3, Index 11, MTMICRGetDevice returned 6, DeviceName: 
[2026-07-15 10:49:14] GetFirstDevice: Attempt 3, Index 12, MTMICRGetDevice returned 6, DeviceName: 
[2026-07-15 10:49:14] GetFirstDevice: Attempt 3, Index 13, MTMICRGetDevice returned 6, DeviceName: 
[2026-07-15 10:49:14] GetFirstDevice: Attempt 3, Index 14, MTMICRGetDevice returned 6, DeviceName: 
[2026-07-15 10:49:14] GetFirstDevice: Attempt 3, Index 15, MTMICRGetDevice returned 6, DeviceName: 
[2026-07-15 10:49:14] GetFirstDevice: Attempt 3, Index 16, MTMICRGetDevice returned 6, DeviceName: 
[2026-07-15 10:49:14] GetFirstDevice: Attempt 3, Index 17, MTMICRGetDevice returned 6, DeviceName: 
[2026-07-15 10:49:14] GetFirstDevice: Attempt 3, Index 18, MTMICRGetDevice returned 6, DeviceName: 
[2026-07-15 10:49:14] GetFirstDevice: Attempt 3, Index 19, MTMICRGetDevice returned 6, DeviceName: 
[2026-07-15 10:49:14] GetFirstDevice: Attempt 3, Index 20, MTMICRGetDevice returned 6, DeviceName: 
[2026-07-15 10:49:14] GetFirstDevice: No devices found on attempt 3, retrying...
[2026-07-15 10:49:16] GetFirstDevice: Attempt 4, Index 1, MTMICRGetDevice returned 6, DeviceName: 
[2026-07-15 10:49:16] GetFirstDevice: Attempt 4, Index 2, MTMICRGetDevice returned 6, DeviceName: 
[2026-07-15 10:49:16] GetFirstDevice: Attempt 4, Index 3, MTMICRGetDevice returned 6, DeviceName: 
[2026-07-15 10:49:16] GetFirstDevice: Attempt 4, Index 4, MTMICRGetDevice returned 6, DeviceName: 
[2026-07-15 10:49:16] GetFirstDevice: Attempt 4, Index 5, MTMICRGetDevice returned 6, DeviceName: 
[2026-07-15 10:49:16] GetFirstDevice: Attempt 4, Index 6, MTMICRGetDevice returned 6, DeviceName: 
[2026-07-15 10:49:16] GetFirstDevice: Attempt 4, Index 7, MTMICRGetDevice returned 6, DeviceName: 
[2026-07-15 10:49:16] GetFirstDevice: Attempt 4, Index 8, MTMICRGetDevice returned 6, DeviceName: 
[2026-07-15 10:49:16] GetFirstDevice: Attempt 4, Index 9, MTMICRGetDevice returned 6, DeviceName: 
[2026-07-15 10:49:16] GetFirstDevice: Attempt 4, Index 10, MTMICRGetDevice returned 6, DeviceName: 
[2026-07-15 10:49:16] GetFirstDevice: Attempt 4, Index 11, MTMICRGetDevice returned 6, DeviceName: 
[2026-07-15 10:49:16] GetFirstDevice: Attempt 4, Index 12, MTMICRGetDevice returned 6, DeviceName: 
[2026-07-15 10:49:16] GetFirstDevice: Attempt 4, Index 13, MTMICRGetDevice returned 6, DeviceName: 
[2026-07-15 10:49:16] GetFirstDevice: Attempt 4, Index 14, MTMICRGetDevice returned 6, DeviceName: 
[2026-07-15 10:49:16] GetFirstDevice: Attempt 4, Index 15, MTMICRGetDevice returned 6, DeviceName: 
[2026-07-15 10:49:16] GetFirstDevice: Attempt 4, Index 16, MTMICRGetDevice returned 6, DeviceName: 
[2026-07-15 10:49:16] GetFirstDevice: Attempt 4, Index 17, MTMICRGetDevice returned 6, DeviceName: 
[2026-07-15 10:49:16] GetFirstDevice: Attempt 4, Index 18, MTMICRGetDevice returned 6, DeviceName: 
[2026-07-15 10:49:16] GetFirstDevice: Attempt 4, Index 19, MTMICRGetDevice returned 6, DeviceName: 
[2026-07-15 10:49:16] GetFirstDevice: Attempt 4, Index 20, MTMICRGetDevice returned 6, DeviceName: 
[2026-07-15 10:49:16] GetFirstDevice: No devices found on attempt 4, retrying...
[2026-07-15 10:49:18] GetFirstDevice: Attempt 5, Index 1, MTMICRGetDevice returned 6, DeviceName: 
[2026-07-15 10:49:18] GetFirstDevice: Attempt 5, Index 2, MTMICRGetDevice returned 6, DeviceName: 
[2026-07-15 10:49:18] GetFirstDevice: Attempt 5, Index 3, MTMICRGetDevice returned 6, DeviceName: 
[2026-07-15 10:49:18] GetFirstDevice: Attempt 5, Index 4, MTMICRGetDevice returned 6, DeviceName: 
[2026-07-15 10:49:18] GetFirstDevice: Attempt 5, Index 5, MTMICRGetDevice returned 6, DeviceName: 
[2026-07-15 10:49:18] GetFirstDevice: Attempt 5, Index 6, MTMICRGetDevice returned 6, DeviceName: 
[2026-07-15 10:49:18] GetFirstDevice: Attempt 5, Index 7, MTMICRGetDevice returned 6, DeviceName: 
[2026-07-15 10:49:18] GetFirstDevice: Attempt 5, Index 8, MTMICRGetDevice returned 6, DeviceName: 
[2026-07-15 10:49:18] GetFirstDevice: Attempt 5, Index 9, MTMICRGetDevice returned 6, DeviceName: 
[2026-07-15 10:49:18] GetFirstDevice: Attempt 5, Index 10, MTMICRGetDevice returned 6, DeviceName: 
[2026-07-15 10:49:18] GetFirstDevice: Attempt 5, Index 11, MTMICRGetDevice returned 6, DeviceName: 
[2026-07-15 10:49:18] GetFirstDevice: Attempt 5, Index 12, MTMICRGetDevice returned 6, DeviceName: 
[2026-07-15 10:49:18] GetFirstDevice: Attempt 5, Index 13, MTMICRGetDevice returned 6, DeviceName: 
[2026-07-15 10:49:18] GetFirstDevice: Attempt 5, Index 14, MTMICRGetDevice returned 6, DeviceName: 
[2026-07-15 10:49:18] GetFirstDevice: Attempt 5, Index 15, MTMICRGetDevice returned 6, DeviceName: 
[2026-07-15 10:49:18] GetFirstDevice: Attempt 5, Index 16, MTMICRGetDevice returned 6, DeviceName: 
[2026-07-15 10:49:18] GetFirstDevice: Attempt 5, Index 17, MTMICRGetDevice returned 6, DeviceName: 
[2026-07-15 10:49:18] GetFirstDevice: Attempt 5, Index 18, MTMICRGetDevice returned 6, DeviceName: 
[2026-07-15 10:49:18] GetFirstDevice: Attempt 5, Index 19, MTMICRGetDevice returned 6, DeviceName: 
[2026-07-15 10:49:18] GetFirstDevice: Attempt 5, Index 20, MTMICRGetDevice returned 6, DeviceName: 
[2026-07-15 10:49:18] GetFirstDevice: No devices found on attempt 5, retrying...
[2026-07-15 10:49:20] GetFirstDevice: No devices found after all retries.
[2026-07-15 10:49:20] GetDeviceStatus: No device found.
[2026-07-15 10:49:20] Dispose: Closing resources
[2026-07-15 10:49:20] Dispose: Closed log file handle
[2026-07-15 10:49:20] SetupLogging: Log file initialized at C:\Users\USG\Downloads\ChequeScannerApp\backend\ScannerApi\bin\Release\net6.0\win-x86\debug.log
[2026-07-15 10:49:20] Constructor: Initial DocType=CHECK
[2026-07-15 10:49:20] GetFirstDevice: Attempt 1, Index 1, MTMICRGetDevice returned 6, DeviceName: 
[2026-07-15 10:49:20] GetFirstDevice: Attempt 1, Index 2, MTMICRGetDevice returned 6, DeviceName: 
[2026-07-15 10:49:20] GetFirstDevice: Attempt 1, Index 3, MTMICRGetDevice returned 6, DeviceName: 
[2026-07-15 10:49:20] GetFirstDevice: Attempt 1, Index 4, MTMICRGetDevice returned 6, DeviceName: 
[2026-07-15 10:49:20] GetFirstDevice: Attempt 1, Index 5, MTMICRGetDevice returned 6, DeviceName: 
[2026-07-15 10:49:20] GetFirstDevice: Attempt 1, Index 6, MTMICRGetDevice returned 6, DeviceName: 
[2026-07-15 10:49:20] GetFirstDevice: Attempt 1, Index 7, MTMICRGetDevice returned 6, DeviceName: 
[2026-07-15 10:49:20] GetFirstDevice: Attempt 1, Index 8, MTMICRGetDevice returned 6, DeviceName: 
[2026-07-15 10:49:20] GetFirstDevice: Attempt 1, Index 9, MTMICRGetDevice returned 6, DeviceName: 
[2026-07-15 10:49:20] GetFirstDevice: Attempt 1, Index 10, MTMICRGetDevice returned 6, DeviceName: 
[2026-07-15 10:49:20] GetFirstDevice: Attempt 1, Index 11, MTMICRGetDevice returned 6, DeviceName: 
[2026-07-15 10:49:20] GetFirstDevice: Attempt 1, Index 12, MTMICRGetDevice returned 6, DeviceName: 
[2026-07-15 10:49:20] GetFirstDevice: Attempt 1, Index 13, MTMICRGetDevice returned 6, DeviceName: 
[2026-07-15 10:49:20] GetFirstDevice: Attempt 1, Index 14, MTMICRGetDevice returned 6, DeviceName: 
[2026-07-15 10:49:20] GetFirstDevice: Attempt 1, Index 15, MTMICRGetDevice returned 6, DeviceName: 
[2026-07-15 10:49:20] GetFirstDevice: Attempt 1, Index 16, MTMICRGetDevice returned 6, DeviceName: 
[2026-07-15 10:49:20] GetFirstDevice: Attempt 1, Index 17, MTMICRGetDevice returned 6, DeviceName: 
[2026-07-15 10:49:20] GetFirstDevice: Attempt 1, Index 18, MTMICRGetDevice returned 6, DeviceName: 
[2026-07-15 10:49:20] GetFirstDevice: Attempt 1, Index 19, MTMICRGetDevice returned 6, DeviceName: 
[2026-07-15 10:49:20] GetFirstDevice: Attempt 1, Index 20, MTMICRGetDevice returned 6, DeviceName: 
[2026-07-15 10:49:20] GetFirstDevice: No devices found on attempt 1, retrying...
[2026-07-15 10:49:22] GetFirstDevice: Attempt 2, Index 1, MTMICRGetDevice returned 6, DeviceName: 
[2026-07-15 10:49:22] GetFirstDevice: Attempt 2, Index 2, MTMICRGetDevice returned 6, DeviceName: 
[2026-07-15 10:49:22] GetFirstDevice: Attempt 2, Index 3, MTMICRGetDevice returned 6, DeviceName: 
[2026-07-15 10:49:22] GetFirstDevice: Attempt 2, Index 4, MTMICRGetDevice returned 6, DeviceName: 
[2026-07-15 10:49:22] GetFirstDevice: Attempt 2, Index 5, MTMICRGetDevice returned 6, DeviceName: 
[2026-07-15 10:49:22] GetFirstDevice: Attempt 2, Index 6, MTMICRGetDevice returned 6, DeviceName: 
[2026-07-15 10:49:22] GetFirstDevice: Attempt 2, Index 7, MTMICRGetDevice returned 6, DeviceName: 
[2026-07-15 10:49:22] GetFirstDevice: Attempt 2, Index 8, MTMICRGetDevice returned 6, DeviceName: 
[2026-07-15 10:49:22] GetFirstDevice: Attempt 2, Index 9, MTMICRGetDevice returned 6, DeviceName: 
[2026-07-15 10:49:22] GetFirstDevice: Attempt 2, Index 10, MTMICRGetDevice returned 6, DeviceName: 
[2026-07-15 10:49:22] GetFirstDevice: Attempt 2, Index 11, MTMICRGetDevice returned 6, DeviceName: 
[2026-07-15 10:49:22] GetFirstDevice: Attempt 2, Index 12, MTMICRGetDevice returned 6, DeviceName: 
[2026-07-15 10:49:22] GetFirstDevice: Attempt 2, Index 13, MTMICRGetDevice returned 6, DeviceName: 
[2026-07-15 10:49:22] GetFirstDevice: Attempt 2, Index 14, MTMICRGetDevice returned 6, DeviceName: 
[2026-07-15 10:49:22] GetFirstDevice: Attempt 2, Index 15, MTMICRGetDevice returned 6, DeviceName: 
[2026-07-15 10:49:22] GetFirstDevice: Attempt 2, Index 16, MTMICRGetDevice returned 6, DeviceName: 
[2026-07-15 10:49:22] GetFirstDevice: Attempt 2, Index 17, MTMICRGetDevice returned 6, DeviceName: 
[2026-07-15 10:49:22] GetFirstDevice: Attempt 2, Index 18, MTMICRGetDevice returned 6, DeviceName: 
[2026-07-15 10:49:22] GetFirstDevice: Attempt 2, Index 19, MTMICRGetDevice returned 6, DeviceName: 
[2026-07-15 10:49:22] GetFirstDevice: Attempt 2, Index 20, MTMICRGetDevice returned 6, DeviceName: 
[2026-07-15 10:49:22] GetFirstDevice: No devices found on attempt 2, retrying...
[2026-07-15 10:49:24] GetFirstDevice: Attempt 3, Index 1, MTMICRGetDevice returned 6, DeviceName: 
[2026-07-15 10:49:24] GetFirstDevice: Attempt 3, Index 2, MTMICRGetDevice returned 6, DeviceName: 
[2026-07-15 10:49:24] GetFirstDevice: Attempt 3, Index 3, MTMICRGetDevice returned 6, DeviceName: 
[2026-07-15 10:49:24] GetFirstDevice: Attempt 3, Index 4, MTMICRGetDevice returned 6, DeviceName: 
[2026-07-15 10:49:24] GetFirstDevice: Attempt 3, Index 5, MTMICRGetDevice returned 6, DeviceName: 
[2026-07-15 10:49:24] GetFirstDevice: Attempt 3, Index 6, MTMICRGetDevice returned 6, DeviceName: 
[2026-07-15 10:49:24] GetFirstDevice: Attempt 3, Index 7, MTMICRGetDevice returned 6, DeviceName: 
[2026-07-15 10:49:24] GetFirstDevice: Attempt 3, Index 8, MTMICRGetDevice returned 6, DeviceName: 
[2026-07-15 10:49:24] GetFirstDevice: Attempt 3, Index 9, MTMICRGetDevice returned 6, DeviceName: 
[2026-07-15 10:49:24] GetFirstDevice: Attempt 3, Index 10, MTMICRGetDevice returned 6, DeviceName: 
[2026-07-15 10:49:24] GetFirstDevice: Attempt 3, Index 11, MTMICRGetDevice returned 6, DeviceName: 
[2026-07-15 10:49:24] GetFirstDevice: Attempt 3, Index 12, MTMICRGetDevice returned 6, DeviceName: 
[2026-07-15 10:49:24] GetFirstDevice: Attempt 3, Index 13, MTMICRGetDevice returned 6, DeviceName: 
[2026-07-15 10:49:24] GetFirstDevice: Attempt 3, Index 14, MTMICRGetDevice returned 6, DeviceName: 
[2026-07-15 10:49:24] GetFirstDevice: Attempt 3, Index 15, MTMICRGetDevice returned 6, DeviceName: 
[2026-07-15 10:49:24] GetFirstDevice: Attempt 3, Index 16, MTMICRGetDevice returned 6, DeviceName: 
[2026-07-15 10:49:24] GetFirstDevice: Attempt 3, Index 17, MTMICRGetDevice returned 6, DeviceName: 
[2026-07-15 10:49:24] GetFirstDevice: Attempt 3, Index 18, MTMICRGetDevice returned 6, DeviceName: 
[2026-07-15 10:49:24] GetFirstDevice: Attempt 3, Index 19, MTMICRGetDevice returned 6, DeviceName: 
[2026-07-15 10:49:24] GetFirstDevice: Attempt 3, Index 20, MTMICRGetDevice returned 6, DeviceName: 
[2026-07-15 10:49:24] GetFirstDevice: No devices found on attempt 3, retrying...
[2026-07-15 10:49:26] GetFirstDevice: Attempt 4, Index 1, MTMICRGetDevice returned 6, DeviceName: 
[2026-07-15 10:49:26] GetFirstDevice: Attempt 4, Index 2, MTMICRGetDevice returned 6, DeviceName: 
[2026-07-15 10:49:26] GetFirstDevice: Attempt 4, Index 3, MTMICRGetDevice returned 6, DeviceName: 
[2026-07-15 10:49:26] GetFirstDevice: Attempt 4, Index 4, MTMICRGetDevice returned 6, DeviceName: 
[2026-07-15 10:49:26] GetFirstDevice: Attempt 4, Index 5, MTMICRGetDevice returned 6, DeviceName: 
[2026-07-15 10:49:26] GetFirstDevice: Attempt 4, Index 6, MTMICRGetDevice returned 6, DeviceName: 
[2026-07-15 10:49:26] GetFirstDevice: Attempt 4, Index 7, MTMICRGetDevice returned 6, DeviceName: 
[2026-07-15 10:49:26] GetFirstDevice: Attempt 4, Index 8, MTMICRGetDevice returned 6, DeviceName: 
[2026-07-15 10:49:26] GetFirstDevice: Attempt 4, Index 9, MTMICRGetDevice returned 6, DeviceName: 
[2026-07-15 10:49:26] GetFirstDevice: Attempt 4, Index 10, MTMICRGetDevice returned 6, DeviceName: 
[2026-07-15 10:49:26] GetFirstDevice: Attempt 4, Index 11, MTMICRGetDevice returned 6, DeviceName: 
[2026-07-15 10:49:26] GetFirstDevice: Attempt 4, Index 12, MTMICRGetDevice returned 6, DeviceName: 
[2026-07-15 10:49:26] GetFirstDevice: Attempt 4, Index 13, MTMICRGetDevice returned 6, DeviceName: 
[2026-07-15 10:49:26] GetFirstDevice: Attempt 4, Index 14, MTMICRGetDevice returned 6, DeviceName: 
[2026-07-15 10:49:26] GetFirstDevice: Attempt 4, Index 15, MTMICRGetDevice returned 6, DeviceName: 
[2026-07-15 10:49:26] GetFirstDevice: Attempt 4, Index 16, MTMICRGetDevice returned 6, DeviceName: 
[2026-07-15 10:49:26] GetFirstDevice: Attempt 4, Index 17, MTMICRGetDevice returned 6, DeviceName: 
[2026-07-15 10:49:26] GetFirstDevice: Attempt 4, Index 18, MTMICRGetDevice returned 6, DeviceName: 
[2026-07-15 10:49:26] GetFirstDevice: Attempt 4, Index 19, MTMICRGetDevice returned 6, DeviceName: 
[2026-07-15 10:49:26] GetFirstDevice: Attempt 4, Index 20, MTMICRGetDevice returned 6, DeviceName: 
[2026-07-15 10:49:26] GetFirstDevice: No devices found on attempt 4, retrying...
[2026-07-15 10:49:28] GetFirstDevice: Attempt 5, Index 1, MTMICRGetDevice returned 6, DeviceName: 
[2026-07-15 10:49:28] GetFirstDevice: Attempt 5, Index 2, MTMICRGetDevice returned 6, DeviceName: 
[2026-07-15 10:49:28] GetFirstDevice: Attempt 5, Index 3, MTMICRGetDevice returned 6, DeviceName: 
[2026-07-15 10:49:28] GetFirstDevice: Attempt 5, Index 4, MTMICRGetDevice returned 6, DeviceName: 
[2026-07-15 10:49:28] GetFirstDevice: Attempt 5, Index 5, MTMICRGetDevice returned 6, DeviceName: 
[2026-07-15 10:49:28] GetFirstDevice: Attempt 5, Index 6, MTMICRGetDevice returned 6, DeviceName: 
[2026-07-15 10:49:28] GetFirstDevice: Attempt 5, Index 7, MTMICRGetDevice returned 6, DeviceName: 
[2026-07-15 10:49:28] GetFirstDevice: Attempt 5, Index 8, MTMICRGetDevice returned 6, DeviceName: 
[2026-07-15 10:49:28] GetFirstDevice: Attempt 5, Index 9, MTMICRGetDevice returned 6, DeviceName: 
[2026-07-15 10:49:28] GetFirstDevice: Attempt 5, Index 10, MTMICRGetDevice returned 6, DeviceName: 
[2026-07-15 10:49:28] GetFirstDevice: Attempt 5, Index 11, MTMICRGetDevice returned 6, DeviceName: 
[2026-07-15 10:49:28] GetFirstDevice: Attempt 5, Index 12, MTMICRGetDevice returned 6, DeviceName: 
[2026-07-15 10:49:28] GetFirstDevice: Attempt 5, Index 13, MTMICRGetDevice returned 6, DeviceName: 
[2026-07-15 10:49:28] GetFirstDevice: Attempt 5, Index 14, MTMICRGetDevice returned 6, DeviceName: 
[2026-07-15 10:49:28] GetFirstDevice: Attempt 5, Index 15, MTMICRGetDevice returned 6, DeviceName: 
[2026-07-15 10:49:28] GetFirstDevice: Attempt 5, Index 16, MTMICRGetDevice returned 6, DeviceName: 
[2026-07-15 10:49:28] GetFirstDevice: Attempt 5, Index 17, MTMICRGetDevice returned 6, DeviceName: 
[2026-07-15 10:49:28] GetFirstDevice: Attempt 5, Index 18, MTMICRGetDevice returned 6, DeviceName: 
[2026-07-15 10:49:28] GetFirstDevice: Attempt 5, Index 19, MTMICRGetDevice returned 6, DeviceName: 
[2026-07-15 10:49:28] GetFirstDevice: Attempt 5, Index 20, MTMICRGetDevice returned 6, DeviceName: 
[2026-07-15 10:49:28] GetFirstDevice: No devices found on attempt 5, retrying...
[2026-07-15 10:49:30] GetFirstDevice: No devices found after all retries.
[2026-07-15 10:49:30] GetDeviceStatus: No device found.
[2026-07-15 10:49:30] Dispose: Closing resources
[2026-07-15 10:49:30] Dispose: Closed log file handle
[2026-07-15 10:49:30] SetupLogging: Log file initialized at C:\Users\USG\Downloads\ChequeScannerApp\backend\ScannerApi\bin\Release\net6.0\win-x86\debug.log
[2026-07-15 10:49:30] Constructor: Initial DocType=CHECK
[2026-07-15 10:49:30] GetFirstDevice: Attempt 1, Index 1, MTMICRGetDevice returned 6, DeviceName: 
[2026-07-15 10:49:30] GetFirstDevice: Attempt 1, Index 2, MTMICRGetDevice returned 6, DeviceName: 
[2026-07-15 10:49:30] GetFirstDevice: Attempt 1, Index 3, MTMICRGetDevice returned 6, DeviceName: 
[2026-07-15 10:49:30] GetFirstDevice: Attempt 1, Index 4, MTMICRGetDevice returned 6, DeviceName: 
[2026-07-15 10:49:30] GetFirstDevice: Attempt 1, Index 5, MTMICRGetDevice returned 6, DeviceName: 
[2026-07-15 10:49:30] GetFirstDevice: Attempt 1, Index 6, MTMICRGetDevice returned 6, DeviceName: 
[2026-07-15 10:49:30] GetFirstDevice: Attempt 1, Index 7, MTMICRGetDevice returned 6, DeviceName: 
[2026-07-15 10:49:30] GetFirstDevice: Attempt 1, Index 8, MTMICRGetDevice returned 6, DeviceName: 
[2026-07-15 10:49:30] GetFirstDevice: Attempt 1, Index 9, MTMICRGetDevice returned 6, DeviceName: 
[2026-07-15 10:49:30] GetFirstDevice: Attempt 1, Index 10, MTMICRGetDevice returned 6, DeviceName: 
[2026-07-15 10:49:30] GetFirstDevice: Attempt 1, Index 11, MTMICRGetDevice returned 6, DeviceName: 
[2026-07-15 10:49:30] GetFirstDevice: Attempt 1, Index 12, MTMICRGetDevice returned 6, DeviceName: 
[2026-07-15 10:49:30] GetFirstDevice: Attempt 1, Index 13, MTMICRGetDevice returned 6, DeviceName: 
[2026-07-15 10:49:30] GetFirstDevice: Attempt 1, Index 14, MTMICRGetDevice returned 6, DeviceName: 
[2026-07-15 10:49:30] GetFirstDevice: Attempt 1, Index 15, MTMICRGetDevice returned 6, DeviceName: 
[2026-07-15 10:49:30] GetFirstDevice: Attempt 1, Index 16, MTMICRGetDevice returned 6, DeviceName: 
[2026-07-15 10:49:30] GetFirstDevice: Attempt 1, Index 17, MTMICRGetDevice returned 6, DeviceName: 
[2026-07-15 10:49:30] GetFirstDevice: Attempt 1, Index 18, MTMICRGetDevice returned 6, DeviceName: 
[2026-07-15 10:49:30] GetFirstDevice: Attempt 1, Index 19, MTMICRGetDevice returned 6, DeviceName: 
[2026-07-15 10:49:30] GetFirstDevice: Attempt 1, Index 20, MTMICRGetDevice returned 6, DeviceName: 
[2026-07-15 10:49:30] GetFirstDevice: No devices found on attempt 1, retrying...
[2026-07-15 10:49:32] GetFirstDevice: Attempt 2, Index 1, MTMICRGetDevice returned 6, DeviceName: 
[2026-07-15 10:49:32] GetFirstDevice: Attempt 2, Index 2, MTMICRGetDevice returned 6, DeviceName: 
[2026-07-15 10:49:32] GetFirstDevice: Attempt 2, Index 3, MTMICRGetDevice returned 6, DeviceName: 
[2026-07-15 10:49:32] GetFirstDevice: Attempt 2, Index 4, MTMICRGetDevice returned 6, DeviceName: 
[2026-07-15 10:49:32] GetFirstDevice: Attempt 2, Index 5, MTMICRGetDevice returned 6, DeviceName: 
[2026-07-15 10:49:32] GetFirstDevice: Attempt 2, Index 6, MTMICRGetDevice returned 6, DeviceName: 
[2026-07-15 10:49:32] GetFirstDevice: Attempt 2, Index 7, MTMICRGetDevice returned 6, DeviceName: 
[2026-07-15 10:49:32] GetFirstDevice: Attempt 2, Index 8, MTMICRGetDevice returned 6, DeviceName: 
[2026-07-15 10:49:32] GetFirstDevice: Attempt 2, Index 9, MTMICRGetDevice returned 6, DeviceName: 
[2026-07-15 10:49:32] GetFirstDevice: Attempt 2, Index 10, MTMICRGetDevice returned 6, DeviceName: 
[2026-07-15 10:49:32] GetFirstDevice: Attempt 2, Index 11, MTMICRGetDevice returned 6, DeviceName: 
[2026-07-15 10:49:32] GetFirstDevice: Attempt 2, Index 12, MTMICRGetDevice returned 6, DeviceName: 
[2026-07-15 10:49:32] GetFirstDevice: Attempt 2, Index 13, MTMICRGetDevice returned 6, DeviceName: 
[2026-07-15 10:49:32] GetFirstDevice: Attempt 2, Index 14, MTMICRGetDevice returned 6, DeviceName: 
[2026-07-15 10:49:32] GetFirstDevice: Attempt 2, Index 15, MTMICRGetDevice returned 6, DeviceName: 
[2026-07-15 10:49:32] GetFirstDevice: Attempt 2, Index 16, MTMICRGetDevice returned 6, DeviceName: 
[2026-07-15 10:49:32] GetFirstDevice: Attempt 2, Index 17, MTMICRGetDevice returned 6, DeviceName: 
[2026-07-15 10:49:32] GetFirstDevice: Attempt 2, Index 18, MTMICRGetDevice returned 6, DeviceName: 
[2026-07-15 10:49:32] GetFirstDevice: Attempt 2, Index 19, MTMICRGetDevice returned 6, DeviceName: 
[2026-07-15 10:49:32] GetFirstDevice: Attempt 2, Index 20, MTMICRGetDevice returned 6, DeviceName: 
[2026-07-15 10:49:32] GetFirstDevice: No devices found on attempt 2, retrying...
[2026-07-15 10:49:34] GetFirstDevice: Attempt 3, Index 1, MTMICRGetDevice returned 6, DeviceName: 
[2026-07-15 10:49:34] GetFirstDevice: Attempt 3, Index 2, MTMICRGetDevice returned 6, DeviceName: 
[2026-07-15 10:49:34] GetFirstDevice: Attempt 3, Index 3, MTMICRGetDevice returned 6, DeviceName: 
[2026-07-15 10:49:34] GetFirstDevice: Attempt 3, Index 4, MTMICRGetDevice returned 6, DeviceName: 
[2026-07-15 10:49:34] GetFirstDevice: Attempt 3, Index 5, MTMICRGetDevice returned 6, DeviceName: 
[2026-07-15 10:49:34] GetFirstDevice: Attempt 3, Index 6, MTMICRGetDevice returned 6, DeviceName: 
[2026-07-15 10:49:34] GetFirstDevice: Attempt 3, Index 7, MTMICRGetDevice returned 6, DeviceName: 
[2026-07-15 10:49:34] GetFirstDevice: Attempt 3, Index 8, MTMICRGetDevice returned 6, DeviceName: 
[2026-07-15 10:49:34] GetFirstDevice: Attempt 3, Index 9, MTMICRGetDevice returned 6, DeviceName: 
[2026-07-15 10:49:34] GetFirstDevice: Attempt 3, Index 10, MTMICRGetDevice returned 6, DeviceName: 
[2026-07-15 10:49:34] GetFirstDevice: Attempt 3, Index 11, MTMICRGetDevice returned 6, DeviceName: 
[2026-07-15 10:49:34] GetFirstDevice: Attempt 3, Index 12, MTMICRGetDevice returned 6, DeviceName: 
[2026-07-15 10:49:34] GetFirstDevice: Attempt 3, Index 13, MTMICRGetDevice returned 6, DeviceName: 
[2026-07-15 10:49:34] GetFirstDevice: Attempt 3, Index 14, MTMICRGetDevice returned 6, DeviceName: 
[2026-07-15 10:49:34] GetFirstDevice: Attempt 3, Index 15, MTMICRGetDevice returned 6, DeviceName: 
[2026-07-15 10:49:34] GetFirstDevice: Attempt 3, Index 16, MTMICRGetDevice returned 6, DeviceName: 
[2026-07-15 10:49:34] GetFirstDevice: Attempt 3, Index 17, MTMICRGetDevice returned 6, DeviceName: 
[2026-07-15 10:49:34] GetFirstDevice: Attempt 3, Index 18, MTMICRGetDevice returned 6, DeviceName: 
[2026-07-15 10:49:34] GetFirstDevice: Attempt 3, Index 19, MTMICRGetDevice returned 6, DeviceName: 
[2026-07-15 10:49:34] GetFirstDevice: Attempt 3, Index 20, MTMICRGetDevice returned 6, DeviceName: 
[2026-07-15 10:49:34] GetFirstDevice: No devices found on attempt 3, retrying...
[2026-07-15 10:49:36] GetFirstDevice: Attempt 4, Index 1, MTMICRGetDevice returned 6, DeviceName: 
[2026-07-15 10:49:36] GetFirstDevice: Attempt 4, Index 2, MTMICRGetDevice returned 6, DeviceName: 
[2026-07-15 10:49:36] GetFirstDevice: Attempt 4, Index 3, MTMICRGetDevice returned 6, DeviceName: 
[2026-07-15 10:49:36] GetFirstDevice: Attempt 4, Index 4, MTMICRGetDevice returned 6, DeviceName: 
[2026-07-15 10:49:36] GetFirstDevice: Attempt 4, Index 5, MTMICRGetDevice returned 6, DeviceName: 
[2026-07-15 10:49:36] GetFirstDevice: Attempt 4, Index 6, MTMICRGetDevice returned 6, DeviceName: 
[2026-07-15 10:49:36] GetFirstDevice: Attempt 4, Index 7, MTMICRGetDevice returned 6, DeviceName: 
[2026-07-15 10:49:36] GetFirstDevice: Attempt 4, Index 8, MTMICRGetDevice returned 6, DeviceName: 
[2026-07-15 10:49:36] GetFirstDevice: Attempt 4, Index 9, MTMICRGetDevice returned 6, DeviceName: 
[2026-07-15 10:49:36] GetFirstDevice: Attempt 4, Index 10, MTMICRGetDevice returned 6, DeviceName: 
[2026-07-15 10:49:36] GetFirstDevice: Attempt 4, Index 11, MTMICRGetDevice returned 6, DeviceName: 
[2026-07-15 10:49:36] GetFirstDevice: Attempt 4, Index 12, MTMICRGetDevice returned 6, DeviceName: 
[2026-07-15 10:49:36] GetFirstDevice: Attempt 4, Index 13, MTMICRGetDevice returned 6, DeviceName: 
[2026-07-15 10:49:36] GetFirstDevice: Attempt 4, Index 14, MTMICRGetDevice returned 6, DeviceName: 
[2026-07-15 10:49:36] GetFirstDevice: Attempt 4, Index 15, MTMICRGetDevice returned 6, DeviceName: 
[2026-07-15 10:49:36] GetFirstDevice: Attempt 4, Index 16, MTMICRGetDevice returned 6, DeviceName: 
[2026-07-15 10:49:36] GetFirstDevice: Attempt 4, Index 17, MTMICRGetDevice returned 6, DeviceName: 
[2026-07-15 10:49:36] GetFirstDevice: Attempt 4, Index 18, MTMICRGetDevice returned 6, DeviceName: 
[2026-07-15 10:49:36] GetFirstDevice: Attempt 4, Index 19, MTMICRGetDevice returned 6, DeviceName: 
[2026-07-15 10:49:36] GetFirstDevice: Attempt 4, Index 20, MTMICRGetDevice returned 6, DeviceName: 
[2026-07-15 10:49:36] GetFirstDevice: No devices found on attempt 4, retrying...
[2026-07-15 10:49:38] GetFirstDevice: Attempt 5, Index 1, MTMICRGetDevice returned 6, DeviceName: 
[2026-07-15 10:49:38] GetFirstDevice: Attempt 5, Index 2, MTMICRGetDevice returned 6, DeviceName: 
[2026-07-15 10:49:38] GetFirstDevice: Attempt 5, Index 3, MTMICRGetDevice returned 6, DeviceName: 
[2026-07-15 10:49:38] GetFirstDevice: Attempt 5, Index 4, MTMICRGetDevice returned 6, DeviceName: 
[2026-07-15 10:49:38] GetFirstDevice: Attempt 5, Index 5, MTMICRGetDevice returned 6, DeviceName: 
[2026-07-15 10:49:38] GetFirstDevice: Attempt 5, Index 6, MTMICRGetDevice returned 6, DeviceName: 
[2026-07-15 10:49:38] GetFirstDevice: Attempt 5, Index 7, MTMICRGetDevice returned 6, DeviceName: 
[2026-07-15 10:49:38] GetFirstDevice: Attempt 5, Index 8, MTMICRGetDevice returned 6, DeviceName: 
[2026-07-15 10:49:38] GetFirstDevice: Attempt 5, Index 9, MTMICRGetDevice returned 6, DeviceName: 
[2026-07-15 10:49:38] GetFirstDevice: Attempt 5, Index 10, MTMICRGetDevice returned 6, DeviceName: 
[2026-07-15 10:49:38] GetFirstDevice: Attempt 5, Index 11, MTMICRGetDevice returned 6, DeviceName: 
[2026-07-15 10:49:38] GetFirstDevice: Attempt 5, Index 12, MTMICRGetDevice returned 6, DeviceName: 
[2026-07-15 10:49:38] GetFirstDevice: Attempt 5, Index 13, MTMICRGetDevice returned 6, DeviceName: 
[2026-07-15 10:49:38] GetFirstDevice: Attempt 5, Index 14, MTMICRGetDevice returned 6, DeviceName: 
[2026-07-15 10:49:38] GetFirstDevice: Attempt 5, Index 15, MTMICRGetDevice returned 6, DeviceName: 
[2026-07-15 10:49:38] GetFirstDevice: Attempt 5, Index 16, MTMICRGetDevice returned 6, DeviceName: 
[2026-07-15 10:49:38] GetFirstDevice: Attempt 5, Index 17, MTMICRGetDevice returned 6, DeviceName: 
[2026-07-15 10:49:38] GetFirstDevice: Attempt 5, Index 18, MTMICRGetDevice returned 6, DeviceName: 
[2026-07-15 10:49:38] GetFirstDevice: Attempt 5, Index 19, MTMICRGetDevice returned 6, DeviceName: 
[2026-07-15 10:49:38] GetFirstDevice: Attempt 5, Index 20, MTMICRGetDevice returned 6, DeviceName: 
[2026-07-15 10:49:38] GetFirstDevice: No devices found on attempt 5, retrying...
[2026-07-15 10:49:40] GetFirstDevice: No devices found after all retries.
[2026-07-15 10:49:40] GetDeviceStatus: No device found.
[2026-07-15 10:49:40] Dispose: Closing resources
[2026-07-15 10:49:40] Dispose: Closed log file handle
[2026-07-15 10:49:40] SetupLogging: Log file initialized at C:\Users\USG\Downloads\ChequeScannerApp\backend\ScannerApi\bin\Release\net6.0\win-x86\debug.log
[2026-07-15 10:49:40] Constructor: Initial DocType=CHECK
[2026-07-15 10:49:40] GetFirstDevice: Attempt 1, Index 1, MTMICRGetDevice returned 6, DeviceName: 
[2026-07-15 10:49:40] GetFirstDevice: Attempt 1, Index 2, MTMICRGetDevice returned 6, DeviceName: 
[2026-07-15 10:49:40] GetFirstDevice: Attempt 1, Index 3, MTMICRGetDevice returned 6, DeviceName: 
[2026-07-15 10:49:40] GetFirstDevice: Attempt 1, Index 4, MTMICRGetDevice returned 6, DeviceName: 
[2026-07-15 10:49:40] GetFirstDevice: Attempt 1, Index 5, MTMICRGetDevice returned 6, DeviceName: 
[2026-07-15 10:49:40] GetFirstDevice: Attempt 1, Index 6, MTMICRGetDevice returned 6, DeviceName: 
[2026-07-15 10:49:40] GetFirstDevice: Attempt 1, Index 7, MTMICRGetDevice returned 6, DeviceName: 
[2026-07-15 10:49:40] GetFirstDevice: Attempt 1, Index 8, MTMICRGetDevice returned 6, DeviceName: 
[2026-07-15 10:49:40] GetFirstDevice: Attempt 1, Index 9, MTMICRGetDevice returned 6, DeviceName: 
[2026-07-15 10:49:40] GetFirstDevice: Attempt 1, Index 10, MTMICRGetDevice returned 6, DeviceName: 
[2026-07-15 10:49:40] GetFirstDevice: Attempt 1, Index 11, MTMICRGetDevice returned 6, DeviceName: 
[2026-07-15 10:49:40] GetFirstDevice: Attempt 1, Index 12, MTMICRGetDevice returned 6, DeviceName: 
[2026-07-15 10:49:40] GetFirstDevice: Attempt 1, Index 13, MTMICRGetDevice returned 6, DeviceName: 
[2026-07-15 10:49:40] GetFirstDevice: Attempt 1, Index 14, MTMICRGetDevice returned 6, DeviceName: 
[2026-07-15 10:49:40] GetFirstDevice: Attempt 1, Index 15, MTMICRGetDevice returned 6, DeviceName: 
[2026-07-15 10:49:40] GetFirstDevice: Attempt 1, Index 16, MTMICRGetDevice returned 6, DeviceName: 
[2026-07-15 10:49:40] GetFirstDevice: Attempt 1, Index 17, MTMICRGetDevice returned 6, DeviceName: 
[2026-07-15 10:49:40] GetFirstDevice: Attempt 1, Index 18, MTMICRGetDevice returned 6, DeviceName: 
[2026-07-15 10:49:40] GetFirstDevice: Attempt 1, Index 19, MTMICRGetDevice returned 6, DeviceName: 
[2026-07-15 10:49:40] GetFirstDevice: Attempt 1, Index 20, MTMICRGetDevice returned 6, DeviceName: 
[2026-07-15 10:49:40] GetFirstDevice: No devices found on attempt 1, retrying...
[2026-07-15 10:49:42] GetFirstDevice: Attempt 2, Index 1, MTMICRGetDevice returned 6, DeviceName: 
[2026-07-15 10:49:42] GetFirstDevice: Attempt 2, Index 2, MTMICRGetDevice returned 6, DeviceName: 
[2026-07-15 10:49:42] GetFirstDevice: Attempt 2, Index 3, MTMICRGetDevice returned 6, DeviceName: 
[2026-07-15 10:49:42] GetFirstDevice: Attempt 2, Index 4, MTMICRGetDevice returned 6, DeviceName: 
[2026-07-15 10:49:42] GetFirstDevice: Attempt 2, Index 5, MTMICRGetDevice returned 6, DeviceName: 
[2026-07-15 10:49:42] GetFirstDevice: Attempt 2, Index 6, MTMICRGetDevice returned 6, DeviceName: 
[2026-07-15 10:49:42] GetFirstDevice: Attempt 2, Index 7, MTMICRGetDevice returned 6, DeviceName: 
[2026-07-15 10:49:42] GetFirstDevice: Attempt 2, Index 8, MTMICRGetDevice returned 6, DeviceName: 
[2026-07-15 10:49:42] GetFirstDevice: Attempt 2, Index 9, MTMICRGetDevice returned 6, DeviceName: 
[2026-07-15 10:49:42] GetFirstDevice: Attempt 2, Index 10, MTMICRGetDevice returned 6, DeviceName: 
[2026-07-15 10:49:42] GetFirstDevice: Attempt 2, Index 11, MTMICRGetDevice returned 6, DeviceName: 
[2026-07-15 10:49:42] GetFirstDevice: Attempt 2, Index 12, MTMICRGetDevice returned 6, DeviceName: 
[2026-07-15 10:49:42] GetFirstDevice: Attempt 2, Index 13, MTMICRGetDevice returned 6, DeviceName: 
[2026-07-15 10:49:42] GetFirstDevice: Attempt 2, Index 14, MTMICRGetDevice returned 6, DeviceName: 
[2026-07-15 10:49:42] GetFirstDevice: Attempt 2, Index 15, MTMICRGetDevice returned 6, DeviceName: 
[2026-07-15 10:49:42] GetFirstDevice: Attempt 2, Index 16, MTMICRGetDevice returned 6, DeviceName: 
[2026-07-15 10:49:42] GetFirstDevice: Attempt 2, Index 17, MTMICRGetDevice returned 6, DeviceName: 
[2026-07-15 10:49:42] GetFirstDevice: Attempt 2, Index 18, MTMICRGetDevice returned 6, DeviceName: 
[2026-07-15 10:49:42] GetFirstDevice: Attempt 2, Index 19, MTMICRGetDevice returned 6, DeviceName: 
[2026-07-15 10:49:42] GetFirstDevice: Attempt 2, Index 20, MTMICRGetDevice returned 6, DeviceName: 
[2026-07-15 10:49:42] GetFirstDevice: No devices found on attempt 2, retrying...
[2026-07-15 10:49:44] GetFirstDevice: Attempt 3, Index 1, MTMICRGetDevice returned 6, DeviceName: 
[2026-07-15 10:49:44] GetFirstDevice: Attempt 3, Index 2, MTMICRGetDevice returned 6, DeviceName: 
[2026-07-15 10:49:44] GetFirstDevice: Attempt 3, Index 3, MTMICRGetDevice returned 6, DeviceName: 
[2026-07-15 10:49:44] GetFirstDevice: Attempt 3, Index 4, MTMICRGetDevice returned 6, DeviceName: 
[2026-07-15 10:49:44] GetFirstDevice: Attempt 3, Index 5, MTMICRGetDevice returned 6, DeviceName: 
[2026-07-15 10:49:44] GetFirstDevice: Attempt 3, Index 6, MTMICRGetDevice returned 6, DeviceName: 
[2026-07-15 10:49:44] GetFirstDevice: Attempt 3, Index 7, MTMICRGetDevice returned 6, DeviceName: 
[2026-07-15 10:49:44] GetFirstDevice: Attempt 3, Index 8, MTMICRGetDevice returned 6, DeviceName: 
[2026-07-15 10:49:44] GetFirstDevice: Attempt 3, Index 9, MTMICRGetDevice returned 6, DeviceName: 
[2026-07-15 10:49:44] GetFirstDevice: Attempt 3, Index 10, MTMICRGetDevice returned 6, DeviceName: 
[2026-07-15 10:49:44] GetFirstDevice: Attempt 3, Index 11, MTMICRGetDevice returned 6, DeviceName: 
[2026-07-15 10:49:44] GetFirstDevice: Attempt 3, Index 12, MTMICRGetDevice returned 6, DeviceName: 
[2026-07-15 10:49:44] GetFirstDevice: Attempt 3, Index 13, MTMICRGetDevice returned 6, DeviceName: 
[2026-07-15 10:49:44] GetFirstDevice: Attempt 3, Index 14, MTMICRGetDevice returned 6, DeviceName: 
[2026-07-15 10:49:44] GetFirstDevice: Attempt 3, Index 15, MTMICRGetDevice returned 6, DeviceName: 
[2026-07-15 10:49:44] GetFirstDevice: Attempt 3, Index 16, MTMICRGetDevice returned 6, DeviceName: 
[2026-07-15 10:49:44] GetFirstDevice: Attempt 3, Index 17, MTMICRGetDevice returned 6, DeviceName: 
[2026-07-15 10:49:44] GetFirstDevice: Attempt 3, Index 18, MTMICRGetDevice returned 6, DeviceName: 
[2026-07-15 10:49:44] GetFirstDevice: Attempt 3, Index 19, MTMICRGetDevice returned 6, DeviceName: 
[2026-07-15 10:49:44] GetFirstDevice: Attempt 3, Index 20, MTMICRGetDevice returned 6, DeviceName: 
[2026-07-15 10:49:44] GetFirstDevice: No devices found on attempt 3, retrying...
[2026-07-15 10:49:46] GetFirstDevice: Attempt 4, Index 1, MTMICRGetDevice returned 6, DeviceName: 
[2026-07-15 10:49:46] GetFirstDevice: Attempt 4, Index 2, MTMICRGetDevice returned 6, DeviceName: 
[2026-07-15 10:49:46] GetFirstDevice: Attempt 4, Index 3, MTMICRGetDevice returned 6, DeviceName: 
[2026-07-15 10:49:46] GetFirstDevice: Attempt 4, Index 4, MTMICRGetDevice returned 6, DeviceName: 
[2026-07-15 10:49:46] GetFirstDevice: Attempt 4, Index 5, MTMICRGetDevice returned 6, DeviceName: 
[2026-07-15 10:49:46] GetFirstDevice: Attempt 4, Index 6, MTMICRGetDevice returned 6, DeviceName: 
[2026-07-15 10:49:46] GetFirstDevice: Attempt 4, Index 7, MTMICRGetDevice returned 6, DeviceName: 
[2026-07-15 10:49:46] GetFirstDevice: Attempt 4, Index 8, MTMICRGetDevice returned 6, DeviceName: 
[2026-07-15 10:49:46] GetFirstDevice: Attempt 4, Index 9, MTMICRGetDevice returned 6, DeviceName: 
[2026-07-15 10:49:46] GetFirstDevice: Attempt 4, Index 10, MTMICRGetDevice returned 6, DeviceName: 
[2026-07-15 10:49:46] GetFirstDevice: Attempt 4, Index 11, MTMICRGetDevice returned 6, DeviceName: 
[2026-07-15 10:49:46] GetFirstDevice: Attempt 4, Index 12, MTMICRGetDevice returned 6, DeviceName: 
[2026-07-15 10:49:46] GetFirstDevice: Attempt 4, Index 13, MTMICRGetDevice returned 6, DeviceName: 
[2026-07-15 10:49:46] GetFirstDevice: Attempt 4, Index 14, MTMICRGetDevice returned 6, DeviceName: 
[2026-07-15 10:49:46] GetFirstDevice: Attempt 4, Index 15, MTMICRGetDevice returned 6, DeviceName: 
[2026-07-15 10:49:46] GetFirstDevice: Attempt 4, Index 16, MTMICRGetDevice returned 6, DeviceName: 
[2026-07-15 10:49:46] GetFirstDevice: Attempt 4, Index 17, MTMICRGetDevice returned 6, DeviceName: 
[2026-07-15 10:49:46] GetFirstDevice: Attempt 4, Index 18, MTMICRGetDevice returned 6, DeviceName: 
[2026-07-15 10:49:46] GetFirstDevice: Attempt 4, Index 19, MTMICRGetDevice returned 6, DeviceName: 
[2026-07-15 10:49:46] GetFirstDevice: Attempt 4, Index 20, MTMICRGetDevice returned 6, DeviceName: 
[2026-07-15 10:49:46] GetFirstDevice: No devices found on attempt 4, retrying...
[2026-07-15 10:49:48] GetFirstDevice: Attempt 5, Index 1, MTMICRGetDevice returned 6, DeviceName: 
[2026-07-15 10:49:48] GetFirstDevice: Attempt 5, Index 2, MTMICRGetDevice returned 6, DeviceName: 
[2026-07-15 10:49:48] GetFirstDevice: Attempt 5, Index 3, MTMICRGetDevice returned 6, DeviceName: 
[2026-07-15 10:49:48] GetFirstDevice: Attempt 5, Index 4, MTMICRGetDevice returned 6, DeviceName: 
[2026-07-15 10:49:48] GetFirstDevice: Attempt 5, Index 5, MTMICRGetDevice returned 6, DeviceName: 
[2026-07-15 10:49:48] GetFirstDevice: Attempt 5, Index 6, MTMICRGetDevice returned 6, DeviceName: 
[2026-07-15 10:49:48] GetFirstDevice: Attempt 5, Index 7, MTMICRGetDevice returned 6, DeviceName: 
[2026-07-15 10:49:48] GetFirstDevice: Attempt 5, Index 8, MTMICRGetDevice returned 6, DeviceName: 
[2026-07-15 10:49:48] GetFirstDevice: Attempt 5, Index 9, MTMICRGetDevice returned 6, DeviceName: 
[2026-07-15 10:49:48] GetFirstDevice: Attempt 5, Index 10, MTMICRGetDevice returned 6, DeviceName: 
[2026-07-15 10:49:48] GetFirstDevice: Attempt 5, Index 11, MTMICRGetDevice returned 6, DeviceName: 
[2026-07-15 10:49:48] GetFirstDevice: Attempt 5, Index 12, MTMICRGetDevice returned 6, DeviceName: 
[2026-07-15 10:49:48] GetFirstDevice: Attempt 5, Index 13, MTMICRGetDevice returned 6, DeviceName: 
[2026-07-15 10:49:48] GetFirstDevice: Attempt 5, Index 14, MTMICRGetDevice returned 6, DeviceName: 
[2026-07-15 10:49:48] GetFirstDevice: Attempt 5, Index 15, MTMICRGetDevice returned 6, DeviceName: 
[2026-07-15 10:49:48] GetFirstDevice: Attempt 5, Index 16, MTMICRGetDevice returned 6, DeviceName: 
[2026-07-15 10:49:48] GetFirstDevice: Attempt 5, Index 17, MTMICRGetDevice returned 6, DeviceName: 
[2026-07-15 10:49:48] GetFirstDevice: Attempt 5, Index 18, MTMICRGetDevice returned 6, DeviceName: 
[2026-07-15 10:49:48] GetFirstDevice: Attempt 5, Index 19, MTMICRGetDevice returned 6, DeviceName: 
[2026-07-15 10:49:48] GetFirstDevice: Attempt 5, Index 20, MTMICRGetDevice returned 6, DeviceName: 
[2026-07-15 10:49:48] GetFirstDevice: No devices found on attempt 5, retrying...
[2026-07-15 10:49:50] GetFirstDevice: No devices found after all retries.
[2026-07-15 10:49:50] GetDeviceStatus: No device found.
[2026-07-15 10:49:50] Dispose: Closing resources
[2026-07-15 10:49:50] Dispose: Closed log file handle
[2026-07-15 10:49:50] SetupLogging: Log file initialized at C:\Users\USG\Downloads\ChequeScannerApp\backend\ScannerApi\bin\Release\net6.0\win-x86\debug.log
[2026-07-15 10:49:50] Constructor: Initial DocType=CHECK
[2026-07-15 10:49:50] GetFirstDevice: Attempt 1, Index 1, MTMICRGetDevice returned 6, DeviceName: 
[2026-07-15 10:49:50] GetFirstDevice: Attempt 1, Index 2, MTMICRGetDevice returned 6, DeviceName: 
[2026-07-15 10:49:50] GetFirstDevice: Attempt 1, Index 3, MTMICRGetDevice returned 6, DeviceName: 
[2026-07-15 10:49:50] GetFirstDevice: Attempt 1, Index 4, MTMICRGetDevice returned 6, DeviceName: 
[2026-07-15 10:49:50] GetFirstDevice: Attempt 1, Index 5, MTMICRGetDevice returned 6, DeviceName: 
[2026-07-15 10:49:50] GetFirstDevice: Attempt 1, Index 6, MTMICRGetDevice returned 6, DeviceName: 
[2026-07-15 10:49:50] GetFirstDevice: Attempt 1, Index 7, MTMICRGetDevice returned 6, DeviceName: 
[2026-07-15 10:49:50] GetFirstDevice: Attempt 1, Index 8, MTMICRGetDevice returned 6, DeviceName: 
[2026-07-15 10:49:50] GetFirstDevice: Attempt 1, Index 9, MTMICRGetDevice returned 6, DeviceName: 
[2026-07-15 10:49:50] GetFirstDevice: Attempt 1, Index 10, MTMICRGetDevice returned 6, DeviceName: 
[2026-07-15 10:49:50] GetFirstDevice: Attempt 1, Index 11, MTMICRGetDevice returned 6, DeviceName: 
[2026-07-15 10:49:50] GetFirstDevice: Attempt 1, Index 12, MTMICRGetDevice returned 6, DeviceName: 
[2026-07-15 10:49:50] GetFirstDevice: Attempt 1, Index 13, MTMICRGetDevice returned 6, DeviceName: 
[2026-07-15 10:49:50] GetFirstDevice: Attempt 1, Index 14, MTMICRGetDevice returned 6, DeviceName: 
[2026-07-15 10:49:50] GetFirstDevice: Attempt 1, Index 15, MTMICRGetDevice returned 6, DeviceName: 
[2026-07-15 10:49:50] GetFirstDevice: Attempt 1, Index 16, MTMICRGetDevice returned 6, DeviceName: 
[2026-07-15 10:49:50] GetFirstDevice: Attempt 1, Index 17, MTMICRGetDevice returned 6, DeviceName: 
[2026-07-15 10:49:50] GetFirstDevice: Attempt 1, Index 18, MTMICRGetDevice returned 6, DeviceName: 
[2026-07-15 10:49:50] GetFirstDevice: Attempt 1, Index 19, MTMICRGetDevice returned 6, DeviceName: 
[2026-07-15 10:49:50] GetFirstDevice: Attempt 1, Index 20, MTMICRGetDevice returned 6, DeviceName: 
[2026-07-15 10:49:50] GetFirstDevice: No devices found on attempt 1, retrying...
[2026-07-15 10:49:52] GetFirstDevice: Attempt 2, Index 1, MTMICRGetDevice returned 6, DeviceName: 
[2026-07-15 10:49:52] GetFirstDevice: Attempt 2, Index 2, MTMICRGetDevice returned 6, DeviceName: 
[2026-07-15 10:49:52] GetFirstDevice: Attempt 2, Index 3, MTMICRGetDevice returned 6, DeviceName: 
[2026-07-15 10:49:52] GetFirstDevice: Attempt 2, Index 4, MTMICRGetDevice returned 6, DeviceName: 
[2026-07-15 10:49:52] GetFirstDevice: Attempt 2, Index 5, MTMICRGetDevice returned 6, DeviceName: 
[2026-07-15 10:49:52] GetFirstDevice: Attempt 2, Index 6, MTMICRGetDevice returned 6, DeviceName: 
[2026-07-15 10:49:52] GetFirstDevice: Attempt 2, Index 7, MTMICRGetDevice returned 6, DeviceName: 
[2026-07-15 10:49:52] GetFirstDevice: Attempt 2, Index 8, MTMICRGetDevice returned 6, DeviceName: 
[2026-07-15 10:49:52] GetFirstDevice: Attempt 2, Index 9, MTMICRGetDevice returned 6, DeviceName: 
[2026-07-15 10:49:52] GetFirstDevice: Attempt 2, Index 10, MTMICRGetDevice returned 6, DeviceName: 
[2026-07-15 10:49:52] GetFirstDevice: Attempt 2, Index 11, MTMICRGetDevice returned 6, DeviceName: 
[2026-07-15 10:49:52] GetFirstDevice: Attempt 2, Index 12, MTMICRGetDevice returned 6, DeviceName: 
[2026-07-15 10:49:52] GetFirstDevice: Attempt 2, Index 13, MTMICRGetDevice returned 6, DeviceName: 
[2026-07-15 10:49:52] GetFirstDevice: Attempt 2, Index 14, MTMICRGetDevice returned 6, DeviceName: 
[2026-07-15 10:49:52] GetFirstDevice: Attempt 2, Index 15, MTMICRGetDevice returned 6, DeviceName: 
[2026-07-15 10:49:52] GetFirstDevice: Attempt 2, Index 16, MTMICRGetDevice returned 6, DeviceName: 
[2026-07-15 10:49:52] GetFirstDevice: Attempt 2, Index 17, MTMICRGetDevice returned 6, DeviceName: 
[2026-07-15 10:49:52] GetFirstDevice: Attempt 2, Index 18, MTMICRGetDevice returned 6, DeviceName: 
[2026-07-15 10:49:52] GetFirstDevice: Attempt 2, Index 19, MTMICRGetDevice returned 6, DeviceName: 
[2026-07-15 10:49:52] GetFirstDevice: Attempt 2, Index 20, MTMICRGetDevice returned 6, DeviceName: 
[2026-07-15 10:49:52] GetFirstDevice: No devices found on attempt 2, retrying...
[2026-07-15 10:49:54] GetFirstDevice: Attempt 3, Index 1, MTMICRGetDevice returned 6, DeviceName: 
[2026-07-15 10:49:54] GetFirstDevice: Attempt 3, Index 2, MTMICRGetDevice returned 6, DeviceName: 
[2026-07-15 10:49:54] GetFirstDevice: Attempt 3, Index 3, MTMICRGetDevice returned 6, DeviceName: 
[2026-07-15 10:49:54] GetFirstDevice: Attempt 3, Index 4, MTMICRGetDevice returned 6, DeviceName: 
[2026-07-15 10:49:54] GetFirstDevice: Attempt 3, Index 5, MTMICRGetDevice returned 6, DeviceName: 
[2026-07-15 10:49:54] GetFirstDevice: Attempt 3, Index 6, MTMICRGetDevice returned 6, DeviceName: 
[2026-07-15 10:49:54] GetFirstDevice: Attempt 3, Index 7, MTMICRGetDevice returned 6, DeviceName: 
[2026-07-15 10:49:54] GetFirstDevice: Attempt 3, Index 8, MTMICRGetDevice returned 6, DeviceName: 
[2026-07-15 10:49:54] GetFirstDevice: Attempt 3, Index 9, MTMICRGetDevice returned 6, DeviceName: 
[2026-07-15 10:49:54] GetFirstDevice: Attempt 3, Index 10, MTMICRGetDevice returned 6, DeviceName: 
[2026-07-15 10:49:54] GetFirstDevice: Attempt 3, Index 11, MTMICRGetDevice returned 6, DeviceName: 
[2026-07-15 10:49:54] GetFirstDevice: Attempt 3, Index 12, MTMICRGetDevice returned 6, DeviceName: 
[2026-07-15 10:49:54] GetFirstDevice: Attempt 3, Index 13, MTMICRGetDevice returned 6, DeviceName: 
[2026-07-15 10:49:54] GetFirstDevice: Attempt 3, Index 14, MTMICRGetDevice returned 6, DeviceName: 
[2026-07-15 10:49:54] GetFirstDevice: Attempt 3, Index 15, MTMICRGetDevice returned 6, DeviceName: 
[2026-07-15 10:49:54] GetFirstDevice: Attempt 3, Index 16, MTMICRGetDevice returned 6, DeviceName: 
[2026-07-15 10:49:54] GetFirstDevice: Attempt 3, Index 17, MTMICRGetDevice returned 6, DeviceName: 
[2026-07-15 10:49:54] GetFirstDevice: Attempt 3, Index 18, MTMICRGetDevice returned 6, DeviceName: 
[2026-07-15 10:49:54] GetFirstDevice: Attempt 3, Index 19, MTMICRGetDevice returned 6, DeviceName: 
[2026-07-15 10:49:54] GetFirstDevice: Attempt 3, Index 20, MTMICRGetDevice returned 6, DeviceName: 
[2026-07-15 10:49:54] GetFirstDevice: No devices found on attempt 3, retrying...
[2026-07-15 10:49:56] GetFirstDevice: Attempt 4, Index 1, MTMICRGetDevice returned 6, DeviceName: 
[2026-07-15 10:49:56] GetFirstDevice: Attempt 4, Index 2, MTMICRGetDevice returned 6, DeviceName: 
[2026-07-15 10:49:56] GetFirstDevice: Attempt 4, Index 3, MTMICRGetDevice returned 6, DeviceName: 
[2026-07-15 10:49:56] GetFirstDevice: Attempt 4, Index 4, MTMICRGetDevice returned 6, DeviceName: 
[2026-07-15 10:49:56] GetFirstDevice: Attempt 4, Index 5, MTMICRGetDevice returned 6, DeviceName: 
[2026-07-15 10:49:56] GetFirstDevice: Attempt 4, Index 6, MTMICRGetDevice returned 6, DeviceName: 
[2026-07-15 10:49:56] GetFirstDevice: Attempt 4, Index 7, MTMICRGetDevice returned 6, DeviceName: 
[2026-07-15 10:49:56] GetFirstDevice: Attempt 4, Index 8, MTMICRGetDevice returned 6, DeviceName: 
[2026-07-15 10:49:56] GetFirstDevice: Attempt 4, Index 9, MTMICRGetDevice returned 6, DeviceName: 
[2026-07-15 10:49:56] GetFirstDevice: Attempt 4, Index 10, MTMICRGetDevice returned 6, DeviceName: 
[2026-07-15 10:49:56] GetFirstDevice: Attempt 4, Index 11, MTMICRGetDevice returned 6, DeviceName: 
[2026-07-15 10:49:56] GetFirstDevice: Attempt 4, Index 12, MTMICRGetDevice returned 6, DeviceName: 
[2026-07-15 10:49:56] GetFirstDevice: Attempt 4, Index 13, MTMICRGetDevice returned 6, DeviceName: 
[2026-07-15 10:49:56] GetFirstDevice: Attempt 4, Index 14, MTMICRGetDevice returned 6, DeviceName: 
[2026-07-15 10:49:56] GetFirstDevice: Attempt 4, Index 15, MTMICRGetDevice returned 6, DeviceName: 
[2026-07-15 10:49:56] GetFirstDevice: Attempt 4, Index 16, MTMICRGetDevice returned 6, DeviceName: 
[2026-07-15 10:49:56] GetFirstDevice: Attempt 4, Index 17, MTMICRGetDevice returned 6, DeviceName: 
[2026-07-15 10:49:56] GetFirstDevice: Attempt 4, Index 18, MTMICRGetDevice returned 6, DeviceName: 
[2026-07-15 10:49:56] GetFirstDevice: Attempt 4, Index 19, MTMICRGetDevice returned 6, DeviceName: 
[2026-07-15 10:49:56] GetFirstDevice: Attempt 4, Index 20, MTMICRGetDevice returned 6, DeviceName: 
[2026-07-15 10:49:56] GetFirstDevice: No devices found on attempt 4, retrying...
[2026-07-15 10:49:58] GetFirstDevice: Attempt 5, Index 1, MTMICRGetDevice returned 6, DeviceName: 
[2026-07-15 10:49:58] GetFirstDevice: Attempt 5, Index 2, MTMICRGetDevice returned 6, DeviceName: 
[2026-07-15 10:49:58] GetFirstDevice: Attempt 5, Index 3, MTMICRGetDevice returned 6, DeviceName: 
[2026-07-15 10:49:58] GetFirstDevice: Attempt 5, Index 4, MTMICRGetDevice returned 6, DeviceName: 
[2026-07-15 10:49:58] GetFirstDevice: Attempt 5, Index 5, MTMICRGetDevice returned 6, DeviceName: 
[2026-07-15 10:49:58] GetFirstDevice: Attempt 5, Index 6, MTMICRGetDevice returned 6, DeviceName: 
[2026-07-15 10:49:58] GetFirstDevice: Attempt 5, Index 7, MTMICRGetDevice returned 6, DeviceName: 
[2026-07-15 10:49:58] GetFirstDevice: Attempt 5, Index 8, MTMICRGetDevice returned 6, DeviceName: 
[2026-07-15 10:49:58] GetFirstDevice: Attempt 5, Index 9, MTMICRGetDevice returned 6, DeviceName: 
[2026-07-15 10:49:58] GetFirstDevice: Attempt 5, Index 10, MTMICRGetDevice returned 6, DeviceName: 
[2026-07-15 10:49:58] GetFirstDevice: Attempt 5, Index 11, MTMICRGetDevice returned 6, DeviceName: 
[2026-07-15 10:49:58] GetFirstDevice: Attempt 5, Index 12, MTMICRGetDevice returned 6, DeviceName: 
[2026-07-15 10:49:58] GetFirstDevice: Attempt 5, Index 13, MTMICRGetDevice returned 6, DeviceName: 
[2026-07-15 10:49:58] GetFirstDevice: Attempt 5, Index 14, MTMICRGetDevice returned 6, DeviceName: 
[2026-07-15 10:49:58] GetFirstDevice: Attempt 5, Index 15, MTMICRGetDevice returned 6, DeviceName: 
[2026-07-15 10:49:58] GetFirstDevice: Attempt 5, Index 16, MTMICRGetDevice returned 6, DeviceName: 
[2026-07-15 10:49:58] GetFirstDevice: Attempt 5, Index 17, MTMICRGetDevice returned 6, DeviceName: 
[2026-07-15 10:49:58] GetFirstDevice: Attempt 5, Index 18, MTMICRGetDevice returned 6, DeviceName: 
[2026-07-15 10:49:58] GetFirstDevice: Attempt 5, Index 19, MTMICRGetDevice returned 6, DeviceName: 
[2026-07-15 10:49:58] GetFirstDevice: Attempt 5, Index 20, MTMICRGetDevice returned 6, DeviceName: 
[2026-07-15 10:49:58] GetFirstDevice: No devices found on attempt 5, retrying...
[2026-07-15 10:50:00] GetFirstDevice: No devices found after all retries.
[2026-07-15 10:50:00] GetDeviceStatus: No device found.
[2026-07-15 10:50:00] Dispose: Closing resources
[2026-07-15 10:50:00] Dispose: Closed log file handle
[2026-07-15 10:50:00] SetupLogging: Log file initialized at C:\Users\USG\Downloads\ChequeScannerApp\backend\ScannerApi\bin\Release\net6.0\win-x86\debug.log
[2026-07-15 10:50:00] Constructor: Initial DocType=CHECK
[2026-07-15 10:50:00] GetFirstDevice: Attempt 1, Index 1, MTMICRGetDevice returned 6, DeviceName: 
[2026-07-15 10:50:00] GetFirstDevice: Attempt 1, Index 2, MTMICRGetDevice returned 6, DeviceName: 
[2026-07-15 10:50:00] GetFirstDevice: Attempt 1, Index 3, MTMICRGetDevice returned 6, DeviceName: 
[2026-07-15 10:50:00] GetFirstDevice: Attempt 1, Index 4, MTMICRGetDevice returned 6, DeviceName: 
[2026-07-15 10:50:00] GetFirstDevice: Attempt 1, Index 5, MTMICRGetDevice returned 6, DeviceName: 
[2026-07-15 10:50:00] GetFirstDevice: Attempt 1, Index 6, MTMICRGetDevice returned 6, DeviceName: 
[2026-07-15 10:50:00] GetFirstDevice: Attempt 1, Index 7, MTMICRGetDevice returned 6, DeviceName: 
[2026-07-15 10:50:00] GetFirstDevice: Attempt 1, Index 8, MTMICRGetDevice returned 6, DeviceName: 
[2026-07-15 10:50:00] GetFirstDevice: Attempt 1, Index 9, MTMICRGetDevice returned 6, DeviceName: 
[2026-07-15 10:50:00] GetFirstDevice: Attempt 1, Index 10, MTMICRGetDevice returned 6, DeviceName: 
[2026-07-15 10:50:00] GetFirstDevice: Attempt 1, Index 11, MTMICRGetDevice returned 6, DeviceName: 
[2026-07-15 10:50:00] GetFirstDevice: Attempt 1, Index 12, MTMICRGetDevice returned 6, DeviceName: 
[2026-07-15 10:50:00] GetFirstDevice: Attempt 1, Index 13, MTMICRGetDevice returned 6, DeviceName: 
[2026-07-15 10:50:00] GetFirstDevice: Attempt 1, Index 14, MTMICRGetDevice returned 6, DeviceName: 
[2026-07-15 10:50:00] GetFirstDevice: Attempt 1, Index 15, MTMICRGetDevice returned 6, DeviceName: 
[2026-07-15 10:50:00] GetFirstDevice: Attempt 1, Index 16, MTMICRGetDevice returned 6, DeviceName: 
[2026-07-15 10:50:00] GetFirstDevice: Attempt 1, Index 17, MTMICRGetDevice returned 6, DeviceName: 
[2026-07-15 10:50:00] GetFirstDevice: Attempt 1, Index 18, MTMICRGetDevice returned 6, DeviceName: 
[2026-07-15 10:50:00] GetFirstDevice: Attempt 1, Index 19, MTMICRGetDevice returned 6, DeviceName: 
[2026-07-15 10:50:00] GetFirstDevice: Attempt 1, Index 20, MTMICRGetDevice returned 6, DeviceName: 
[2026-07-15 10:50:00] GetFirstDevice: No devices found on attempt 1, retrying...
[2026-07-15 10:50:02] GetFirstDevice: Attempt 2, Index 1, MTMICRGetDevice returned 6, DeviceName: 
[2026-07-15 10:50:02] GetFirstDevice: Attempt 2, Index 2, MTMICRGetDevice returned 6, DeviceName: 
[2026-07-15 10:50:02] GetFirstDevice: Attempt 2, Index 3, MTMICRGetDevice returned 6, DeviceName: 
[2026-07-15 10:50:02] GetFirstDevice: Attempt 2, Index 4, MTMICRGetDevice returned 6, DeviceName: 
[2026-07-15 10:50:02] GetFirstDevice: Attempt 2, Index 5, MTMICRGetDevice returned 6, DeviceName: 
[2026-07-15 10:50:02] GetFirstDevice: Attempt 2, Index 6, MTMICRGetDevice returned 6, DeviceName: 
[2026-07-15 10:50:02] GetFirstDevice: Attempt 2, Index 7, MTMICRGetDevice returned 6, DeviceName: 
[2026-07-15 10:50:02] GetFirstDevice: Attempt 2, Index 8, MTMICRGetDevice returned 6, DeviceName: 
[2026-07-15 10:50:02] GetFirstDevice: Attempt 2, Index 9, MTMICRGetDevice returned 6, DeviceName: 
[2026-07-15 10:50:02] GetFirstDevice: Attempt 2, Index 10, MTMICRGetDevice returned 6, DeviceName: 
[2026-07-15 10:50:02] GetFirstDevice: Attempt 2, Index 11, MTMICRGetDevice returned 6, DeviceName: 
[2026-07-15 10:50:02] GetFirstDevice: Attempt 2, Index 12, MTMICRGetDevice returned 6, DeviceName: 
[2026-07-15 10:50:02] GetFirstDevice: Attempt 2, Index 13, MTMICRGetDevice returned 6, DeviceName: 
[2026-07-15 10:50:02] GetFirstDevice: Attempt 2, Index 14, MTMICRGetDevice returned 6, DeviceName: 
[2026-07-15 10:50:02] GetFirstDevice: Attempt 2, Index 15, MTMICRGetDevice returned 6, DeviceName: 
[2026-07-15 10:50:02] GetFirstDevice: Attempt 2, Index 16, MTMICRGetDevice returned 6, DeviceName: 
[2026-07-15 10:50:02] GetFirstDevice: Attempt 2, Index 17, MTMICRGetDevice returned 6, DeviceName: 
[2026-07-15 10:50:02] GetFirstDevice: Attempt 2, Index 18, MTMICRGetDevice returned 6, DeviceName: 
[2026-07-15 10:50:02] GetFirstDevice: Attempt 2, Index 19, MTMICRGetDevice returned 6, DeviceName: 
[2026-07-15 10:50:02] GetFirstDevice: Attempt 2, Index 20, MTMICRGetDevice returned 6, DeviceName: 
[2026-07-15 10:50:02] GetFirstDevice: No devices found on attempt 2, retrying...
[2026-07-15 10:50:04] GetFirstDevice: Attempt 3, Index 1, MTMICRGetDevice returned 6, DeviceName: 
[2026-07-15 10:50:04] GetFirstDevice: Attempt 3, Index 2, MTMICRGetDevice returned 6, DeviceName: 
[2026-07-15 10:50:04] GetFirstDevice: Attempt 3, Index 3, MTMICRGetDevice returned 6, DeviceName: 
[2026-07-15 10:50:04] GetFirstDevice: Attempt 3, Index 4, MTMICRGetDevice returned 6, DeviceName: 
[2026-07-15 10:50:04] GetFirstDevice: Attempt 3, Index 5, MTMICRGetDevice returned 6, DeviceName: 
[2026-07-15 10:50:04] GetFirstDevice: Attempt 3, Index 6, MTMICRGetDevice returned 6, DeviceName: 
[2026-07-15 10:50:04] GetFirstDevice: Attempt 3, Index 7, MTMICRGetDevice returned 6, DeviceName: 
[2026-07-15 10:50:04] GetFirstDevice: Attempt 3, Index 8, MTMICRGetDevice returned 6, DeviceName: 
[2026-07-15 10:50:04] GetFirstDevice: Attempt 3, Index 9, MTMICRGetDevice returned 6, DeviceName: 
[2026-07-15 10:50:04] GetFirstDevice: Attempt 3, Index 10, MTMICRGetDevice returned 6, DeviceName: 
[2026-07-15 10:50:04] GetFirstDevice: Attempt 3, Index 11, MTMICRGetDevice returned 6, DeviceName: 
[2026-07-15 10:50:04] GetFirstDevice: Attempt 3, Index 12, MTMICRGetDevice returned 6, DeviceName: 
[2026-07-15 10:50:04] GetFirstDevice: Attempt 3, Index 13, MTMICRGetDevice returned 6, DeviceName: 
[2026-07-15 10:50:04] GetFirstDevice: Attempt 3, Index 14, MTMICRGetDevice returned 6, DeviceName: 
[2026-07-15 10:50:04] GetFirstDevice: Attempt 3, Index 15, MTMICRGetDevice returned 6, DeviceName: 
[2026-07-15 10:50:04] GetFirstDevice: Attempt 3, Index 16, MTMICRGetDevice returned 6, DeviceName: 
[2026-07-15 10:50:04] GetFirstDevice: Attempt 3, Index 17, MTMICRGetDevice returned 6, DeviceName: 
[2026-07-15 10:50:04] GetFirstDevice: Attempt 3, Index 18, MTMICRGetDevice returned 6, DeviceName: 
[2026-07-15 10:50:04] GetFirstDevice: Attempt 3, Index 19, MTMICRGetDevice returned 6, DeviceName: 
[2026-07-15 10:50:04] GetFirstDevice: Attempt 3, Index 20, MTMICRGetDevice returned 6, DeviceName: 
[2026-07-15 10:50:04] GetFirstDevice: No devices found on attempt 3, retrying...
[2026-07-15 10:50:06] GetFirstDevice: Attempt 4, Index 1, MTMICRGetDevice returned 6, DeviceName: 
[2026-07-15 10:50:06] GetFirstDevice: Attempt 4, Index 2, MTMICRGetDevice returned 6, DeviceName: 
[2026-07-15 10:50:06] GetFirstDevice: Attempt 4, Index 3, MTMICRGetDevice returned 6, DeviceName: 
[2026-07-15 10:50:06] GetFirstDevice: Attempt 4, Index 4, MTMICRGetDevice returned 6, DeviceName: 
[2026-07-15 10:50:06] GetFirstDevice: Attempt 4, Index 5, MTMICRGetDevice returned 6, DeviceName: 
[2026-07-15 10:50:06] GetFirstDevice: Attempt 4, Index 6, MTMICRGetDevice returned 6, DeviceName: 
[2026-07-15 10:50:06] GetFirstDevice: Attempt 4, Index 7, MTMICRGetDevice returned 6, DeviceName: 
[2026-07-15 10:50:06] GetFirstDevice: Attempt 4, Index 8, MTMICRGetDevice returned 6, DeviceName: 
[2026-07-15 10:50:06] GetFirstDevice: Attempt 4, Index 9, MTMICRGetDevice returned 6, DeviceName: 
[2026-07-15 10:50:06] GetFirstDevice: Attempt 4, Index 10, MTMICRGetDevice returned 6, DeviceName: 
[2026-07-15 10:50:06] GetFirstDevice: Attempt 4, Index 11, MTMICRGetDevice returned 6, DeviceName: 
[2026-07-15 10:50:06] GetFirstDevice: Attempt 4, Index 12, MTMICRGetDevice returned 6, DeviceName: 
[2026-07-15 10:50:06] GetFirstDevice: Attempt 4, Index 13, MTMICRGetDevice returned 6, DeviceName: 
[2026-07-15 10:50:06] GetFirstDevice: Attempt 4, Index 14, MTMICRGetDevice returned 6, DeviceName: 
[2026-07-15 10:50:06] GetFirstDevice: Attempt 4, Index 15, MTMICRGetDevice returned 6, DeviceName: 
[2026-07-15 10:50:06] GetFirstDevice: Attempt 4, Index 16, MTMICRGetDevice returned 6, DeviceName: 
[2026-07-15 10:50:06] GetFirstDevice: Attempt 4, Index 17, MTMICRGetDevice returned 6, DeviceName: 
[2026-07-15 10:50:06] GetFirstDevice: Attempt 4, Index 18, MTMICRGetDevice returned 6, DeviceName: 
[2026-07-15 10:50:06] GetFirstDevice: Attempt 4, Index 19, MTMICRGetDevice returned 6, DeviceName: 
[2026-07-15 10:50:06] GetFirstDevice: Attempt 4, Index 20, MTMICRGetDevice returned 6, DeviceName: 
[2026-07-15 10:50:06] GetFirstDevice: No devices found on attempt 4, retrying...
[2026-07-15 10:50:08] GetFirstDevice: Attempt 5, Index 1, MTMICRGetDevice returned 6, DeviceName: 
[2026-07-15 10:50:08] GetFirstDevice: Attempt 5, Index 2, MTMICRGetDevice returned 6, DeviceName: 
[2026-07-15 10:50:08] GetFirstDevice: Attempt 5, Index 3, MTMICRGetDevice returned 6, DeviceName: 
[2026-07-15 10:50:08] GetFirstDevice: Attempt 5, Index 4, MTMICRGetDevice returned 6, DeviceName: 
[2026-07-15 10:50:08] GetFirstDevice: Attempt 5, Index 5, MTMICRGetDevice returned 6, DeviceName: 
[2026-07-15 10:50:08] GetFirstDevice: Attempt 5, Index 6, MTMICRGetDevice returned 6, DeviceName: 
[2026-07-15 10:50:08] GetFirstDevice: Attempt 5, Index 7, MTMICRGetDevice returned 6, DeviceName: 
[2026-07-15 10:50:08] GetFirstDevice: Attempt 5, Index 8, MTMICRGetDevice returned 6, DeviceName: 
[2026-07-15 10:50:08] GetFirstDevice: Attempt 5, Index 9, MTMICRGetDevice returned 6, DeviceName: 
[2026-07-15 10:50:08] GetFirstDevice: Attempt 5, Index 10, MTMICRGetDevice returned 6, DeviceName: 
[2026-07-15 10:50:08] GetFirstDevice: Attempt 5, Index 11, MTMICRGetDevice returned 6, DeviceName: 
[2026-07-15 10:50:08] GetFirstDevice: Attempt 5, Index 12, MTMICRGetDevice returned 6, DeviceName: 
[2026-07-15 10:50:08] GetFirstDevice: Attempt 5, Index 13, MTMICRGetDevice returned 6, DeviceName: 
[2026-07-15 10:50:08] GetFirstDevice: Attempt 5, Index 14, MTMICRGetDevice returned 6, DeviceName: 
[2026-07-15 10:50:08] GetFirstDevice: Attempt 5, Index 15, MTMICRGetDevice returned 6, DeviceName: 
[2026-07-15 10:50:08] GetFirstDevice: Attempt 5, Index 16, MTMICRGetDevice returned 6, DeviceName: 
[2026-07-15 10:50:08] GetFirstDevice: Attempt 5, Index 17, MTMICRGetDevice returned 6, DeviceName: 
[2026-07-15 10:50:08] GetFirstDevice: Attempt 5, Index 18, MTMICRGetDevice returned 6, DeviceName: 
[2026-07-15 10:50:08] GetFirstDevice: Attempt 5, Index 19, MTMICRGetDevice returned 6, DeviceName: 
[2026-07-15 10:50:08] GetFirstDevice: Attempt 5, Index 20, MTMICRGetDevice returned 6, DeviceName: 
[2026-07-15 10:50:08] GetFirstDevice: No devices found on attempt 5, retrying...
[2026-07-15 10:50:10] GetFirstDevice: No devices found after all retries.
[2026-07-15 10:50:10] GetDeviceStatus: No device found.
[2026-07-15 10:50:10] Dispose: Closing resources
[2026-07-15 10:50:10] Dispose: Closed log file handle
[2026-07-15 10:50:37] SetupLogging: Log file initialized at C:\Users\USG\Downloads\ChequeScannerApp\backend\ScannerApi\bin\Release\net6.0\win-x86\debug.log
[2026-07-15 10:50:37] Constructor: Initial DocType=CHECK
[2026-07-15 10:50:37] GetFirstDevice: Attempt 1, Index 1, MTMICRGetDevice returned 6, DeviceName: 
[2026-07-15 10:50:37] GetFirstDevice: Attempt 1, Index 2, MTMICRGetDevice returned 6, DeviceName: 
[2026-07-15 10:50:37] GetFirstDevice: Attempt 1, Index 3, MTMICRGetDevice returned 6, DeviceName: 
[2026-07-15 10:50:37] GetFirstDevice: Attempt 1, Index 4, MTMICRGetDevice returned 6, DeviceName: 
[2026-07-15 10:50:37] GetFirstDevice: Attempt 1, Index 5, MTMICRGetDevice returned 6, DeviceName: 
[2026-07-15 10:50:37] GetFirstDevice: Attempt 1, Index 6, MTMICRGetDevice returned 6, DeviceName: 
[2026-07-15 10:50:37] GetFirstDevice: Attempt 1, Index 7, MTMICRGetDevice returned 6, DeviceName: 
[2026-07-15 10:50:37] GetFirstDevice: Attempt 1, Index 8, MTMICRGetDevice returned 6, DeviceName: 
[2026-07-15 10:50:37] GetFirstDevice: Attempt 1, Index 9, MTMICRGetDevice returned 6, DeviceName: 
[2026-07-15 10:50:37] GetFirstDevice: Attempt 1, Index 10, MTMICRGetDevice returned 6, DeviceName: 
[2026-07-15 10:50:37] GetFirstDevice: Attempt 1, Index 11, MTMICRGetDevice returned 6, DeviceName: 
[2026-07-15 10:50:37] GetFirstDevice: Attempt 1, Index 12, MTMICRGetDevice returned 6, DeviceName: 
[2026-07-15 10:50:37] GetFirstDevice: Attempt 1, Index 13, MTMICRGetDevice returned 6, DeviceName: 
[2026-07-15 10:50:37] GetFirstDevice: Attempt 1, Index 14, MTMICRGetDevice returned 6, DeviceName: 
[2026-07-15 10:50:37] GetFirstDevice: Attempt 1, Index 15, MTMICRGetDevice returned 6, DeviceName: 
[2026-07-15 10:50:37] GetFirstDevice: Attempt 1, Index 16, MTMICRGetDevice returned 6, DeviceName: 
[2026-07-15 10:50:37] GetFirstDevice: Attempt 1, Index 17, MTMICRGetDevice returned 6, DeviceName: 
[2026-07-15 10:50:37] GetFirstDevice: Attempt 1, Index 18, MTMICRGetDevice returned 6, DeviceName: 
[2026-07-15 10:50:37] GetFirstDevice: Attempt 1, Index 19, MTMICRGetDevice returned 6, DeviceName: 
[2026-07-15 10:50:37] GetFirstDevice: Attempt 1, Index 20, MTMICRGetDevice returned 6, DeviceName: 
[2026-07-15 10:50:37] GetFirstDevice: No devices found on attempt 1, retrying...
[2026-07-15 10:50:39] GetFirstDevice: Attempt 2, Index 1, MTMICRGetDevice returned 6, DeviceName: 
[2026-07-15 10:50:39] GetFirstDevice: Attempt 2, Index 2, MTMICRGetDevice returned 6, DeviceName: 
[2026-07-15 10:50:39] GetFirstDevice: Attempt 2, Index 3, MTMICRGetDevice returned 6, DeviceName: 
[2026-07-15 10:50:39] GetFirstDevice: Attempt 2, Index 4, MTMICRGetDevice returned 6, DeviceName: 
[2026-07-15 10:50:39] GetFirstDevice: Attempt 2, Index 5, MTMICRGetDevice returned 6, DeviceName: 
[2026-07-15 10:50:39] GetFirstDevice: Attempt 2, Index 6, MTMICRGetDevice returned 6, DeviceName: 
[2026-07-15 10:50:39] GetFirstDevice: Attempt 2, Index 7, MTMICRGetDevice returned 6, DeviceName: 
[2026-07-15 10:50:39] GetFirstDevice: Attempt 2, Index 8, MTMICRGetDevice returned 6, DeviceName: 
[2026-07-15 10:50:39] GetFirstDevice: Attempt 2, Index 9, MTMICRGetDevice returned 6, DeviceName: 
[2026-07-15 10:50:39] GetFirstDevice: Attempt 2, Index 10, MTMICRGetDevice returned 6, DeviceName: 
[2026-07-15 10:50:39] GetFirstDevice: Attempt 2, Index 11, MTMICRGetDevice returned 6, DeviceName: 
[2026-07-15 10:50:39] GetFirstDevice: Attempt 2, Index 12, MTMICRGetDevice returned 6, DeviceName: 
[2026-07-15 10:50:39] GetFirstDevice: Attempt 2, Index 13, MTMICRGetDevice returned 6, DeviceName: 
[2026-07-15 10:50:39] GetFirstDevice: Attempt 2, Index 14, MTMICRGetDevice returned 6, DeviceName: 
[2026-07-15 10:50:39] GetFirstDevice: Attempt 2, Index 15, MTMICRGetDevice returned 6, DeviceName: 
[2026-07-15 10:50:39] GetFirstDevice: Attempt 2, Index 16, MTMICRGetDevice returned 6, DeviceName: 
[2026-07-15 10:50:39] GetFirstDevice: Attempt 2, Index 17, MTMICRGetDevice returned 6, DeviceName: 
[2026-07-15 10:50:39] GetFirstDevice: Attempt 2, Index 18, MTMICRGetDevice returned 6, DeviceName: 
[2026-07-15 10:50:39] GetFirstDevice: Attempt 2, Index 19, MTMICRGetDevice returned 6, DeviceName: 
[2026-07-15 10:50:39] GetFirstDevice: Attempt 2, Index 20, MTMICRGetDevice returned 6, DeviceName: 
[2026-07-15 10:50:39] GetFirstDevice: No devices found on attempt 2, retrying...
[2026-07-15 10:50:41] GetFirstDevice: Attempt 3, Index 1, MTMICRGetDevice returned 6, DeviceName: 
[2026-07-15 10:50:41] GetFirstDevice: Attempt 3, Index 2, MTMICRGetDevice returned 6, DeviceName: 
[2026-07-15 10:50:41] GetFirstDevice: Attempt 3, Index 3, MTMICRGetDevice returned 6, DeviceName: 
[2026-07-15 10:50:41] GetFirstDevice: Attempt 3, Index 4, MTMICRGetDevice returned 6, DeviceName: 
[2026-07-15 10:50:41] GetFirstDevice: Attempt 3, Index 5, MTMICRGetDevice returned 6, DeviceName: 
[2026-07-15 10:50:41] GetFirstDevice: Attempt 3, Index 6, MTMICRGetDevice returned 6, DeviceName: 
[2026-07-15 10:50:41] GetFirstDevice: Attempt 3, Index 7, MTMICRGetDevice returned 6, DeviceName: 
[2026-07-15 10:50:41] GetFirstDevice: Attempt 3, Index 8, MTMICRGetDevice returned 6, DeviceName: 
[2026-07-15 10:50:41] GetFirstDevice: Attempt 3, Index 9, MTMICRGetDevice returned 6, DeviceName: 
[2026-07-15 10:50:41] GetFirstDevice: Attempt 3, Index 10, MTMICRGetDevice returned 6, DeviceName: 
[2026-07-15 10:50:41] GetFirstDevice: Attempt 3, Index 11, MTMICRGetDevice returned 6, DeviceName: 
[2026-07-15 10:50:41] GetFirstDevice: Attempt 3, Index 12, MTMICRGetDevice returned 6, DeviceName: 
[2026-07-15 10:50:41] GetFirstDevice: Attempt 3, Index 13, MTMICRGetDevice returned 6, DeviceName: 
[2026-07-15 10:50:41] GetFirstDevice: Attempt 3, Index 14, MTMICRGetDevice returned 6, DeviceName: 
[2026-07-15 10:50:41] GetFirstDevice: Attempt 3, Index 15, MTMICRGetDevice returned 6, DeviceName: 
[2026-07-15 10:50:41] GetFirstDevice: Attempt 3, Index 16, MTMICRGetDevice returned 6, DeviceName: 
[2026-07-15 10:50:41] GetFirstDevice: Attempt 3, Index 17, MTMICRGetDevice returned 6, DeviceName: 
[2026-07-15 10:50:41] GetFirstDevice: Attempt 3, Index 18, MTMICRGetDevice returned 6, DeviceName: 
[2026-07-15 10:50:41] GetFirstDevice: Attempt 3, Index 19, MTMICRGetDevice returned 6, DeviceName: 
[2026-07-15 10:50:41] GetFirstDevice: Attempt 3, Index 20, MTMICRGetDevice returned 6, DeviceName: 
[2026-07-15 10:50:41] GetFirstDevice: No devices found on attempt 3, retrying...
[2026-07-15 10:50:43] GetFirstDevice: Attempt 4, Index 1, MTMICRGetDevice returned 6, DeviceName: 
[2026-07-15 10:50:43] GetFirstDevice: Attempt 4, Index 2, MTMICRGetDevice returned 6, DeviceName: 
[2026-07-15 10:50:43] GetFirstDevice: Attempt 4, Index 3, MTMICRGetDevice returned 6, DeviceName: 
[2026-07-15 10:50:43] GetFirstDevice: Attempt 4, Index 4, MTMICRGetDevice returned 6, DeviceName: 
[2026-07-15 10:50:43] GetFirstDevice: Attempt 4, Index 5, MTMICRGetDevice returned 6, DeviceName: 
[2026-07-15 10:50:43] GetFirstDevice: Attempt 4, Index 6, MTMICRGetDevice returned 6, DeviceName: 
[2026-07-15 10:50:43] GetFirstDevice: Attempt 4, Index 7, MTMICRGetDevice returned 6, DeviceName: 
[2026-07-15 10:50:43] GetFirstDevice: Attempt 4, Index 8, MTMICRGetDevice returned 6, DeviceName: 
[2026-07-15 10:50:43] GetFirstDevice: Attempt 4, Index 9, MTMICRGetDevice returned 6, DeviceName: 
[2026-07-15 10:50:43] GetFirstDevice: Attempt 4, Index 10, MTMICRGetDevice returned 6, DeviceName: 
[2026-07-15 10:50:43] GetFirstDevice: Attempt 4, Index 11, MTMICRGetDevice returned 6, DeviceName: 
[2026-07-15 10:50:43] GetFirstDevice: Attempt 4, Index 12, MTMICRGetDevice returned 6, DeviceName: 
[2026-07-15 10:50:43] GetFirstDevice: Attempt 4, Index 13, MTMICRGetDevice returned 6, DeviceName: 
[2026-07-15 10:50:43] GetFirstDevice: Attempt 4, Index 14, MTMICRGetDevice returned 6, DeviceName: 
[2026-07-15 10:50:43] GetFirstDevice: Attempt 4, Index 15, MTMICRGetDevice returned 6, DeviceName: 
[2026-07-15 10:50:43] GetFirstDevice: Attempt 4, Index 16, MTMICRGetDevice returned 6, DeviceName: 
[2026-07-15 10:50:43] GetFirstDevice: Attempt 4, Index 17, MTMICRGetDevice returned 6, DeviceName: 
[2026-07-15 10:50:43] GetFirstDevice: Attempt 4, Index 18, MTMICRGetDevice returned 6, DeviceName: 
[2026-07-15 10:50:43] GetFirstDevice: Attempt 4, Index 19, MTMICRGetDevice returned 6, DeviceName: 
[2026-07-15 10:50:43] GetFirstDevice: Attempt 4, Index 20, MTMICRGetDevice returned 6, DeviceName: 
[2026-07-15 10:50:43] GetFirstDevice: No devices found on attempt 4, retrying...
[2026-07-15 10:50:45] GetFirstDevice: Attempt 5, Index 1, MTMICRGetDevice returned 6, DeviceName: 
[2026-07-15 10:50:45] GetFirstDevice: Attempt 5, Index 2, MTMICRGetDevice returned 6, DeviceName: 
[2026-07-15 10:50:45] GetFirstDevice: Attempt 5, Index 3, MTMICRGetDevice returned 6, DeviceName: 
[2026-07-15 10:50:45] GetFirstDevice: Attempt 5, Index 4, MTMICRGetDevice returned 6, DeviceName: 
[2026-07-15 10:50:45] GetFirstDevice: Attempt 5, Index 5, MTMICRGetDevice returned 6, DeviceName: 
[2026-07-15 10:50:45] GetFirstDevice: Attempt 5, Index 6, MTMICRGetDevice returned 6, DeviceName: 
[2026-07-15 10:50:45] GetFirstDevice: Attempt 5, Index 7, MTMICRGetDevice returned 6, DeviceName: 
[2026-07-15 10:50:45] GetFirstDevice: Attempt 5, Index 8, MTMICRGetDevice returned 6, DeviceName: 
[2026-07-15 10:50:45] GetFirstDevice: Attempt 5, Index 9, MTMICRGetDevice returned 6, DeviceName: 
[2026-07-15 10:50:45] GetFirstDevice: Attempt 5, Index 10, MTMICRGetDevice returned 6, DeviceName: 
[2026-07-15 10:50:45] GetFirstDevice: Attempt 5, Index 11, MTMICRGetDevice returned 6, DeviceName: 
[2026-07-15 10:50:45] GetFirstDevice: Attempt 5, Index 12, MTMICRGetDevice returned 6, DeviceName: 
[2026-07-15 10:50:45] GetFirstDevice: Attempt 5, Index 13, MTMICRGetDevice returned 6, DeviceName: 
[2026-07-15 10:50:45] GetFirstDevice: Attempt 5, Index 14, MTMICRGetDevice returned 6, DeviceName: 
[2026-07-15 10:50:45] GetFirstDevice: Attempt 5, Index 15, MTMICRGetDevice returned 6, DeviceName: 
[2026-07-15 10:50:45] GetFirstDevice: Attempt 5, Index 16, MTMICRGetDevice returned 6, DeviceName: 
[2026-07-15 10:50:45] GetFirstDevice: Attempt 5, Index 17, MTMICRGetDevice returned 6, DeviceName: 
[2026-07-15 10:50:45] GetFirstDevice: Attempt 5, Index 18, MTMICRGetDevice returned 6, DeviceName: 
[2026-07-15 10:50:45] GetFirstDevice: Attempt 5, Index 19, MTMICRGetDevice returned 6, DeviceName: 
[2026-07-15 10:50:45] GetFirstDevice: Attempt 5, Index 20, MTMICRGetDevice returned 6, DeviceName: 
[2026-07-15 10:50:45] GetFirstDevice: No devices found on attempt 5, retrying...
[2026-07-15 10:50:47] GetFirstDevice: No devices found after all retries.
[2026-07-15 10:50:47] GetDeviceStatus: No device found.
[2026-07-15 10:50:47] Dispose: Closing resources
[2026-07-15 10:50:47] Dispose: Closed log file handle
[2026-07-15 10:51:37] SetupLogging: Log file initialized at C:\Users\USG\Downloads\ChequeScannerApp\backend\ScannerApi\bin\Release\net6.0\win-x86\debug.log
[2026-07-15 10:51:37] Constructor: Initial DocType=CHECK
[2026-07-15 10:51:37] GetFirstDevice: Attempt 1, Index 1, MTMICRGetDevice returned 6, DeviceName: 
[2026-07-15 10:51:37] GetFirstDevice: Attempt 1, Index 2, MTMICRGetDevice returned 6, DeviceName: 
[2026-07-15 10:51:37] GetFirstDevice: Attempt 1, Index 3, MTMICRGetDevice returned 6, DeviceName: 
[2026-07-15 10:51:37] GetFirstDevice: Attempt 1, Index 4, MTMICRGetDevice returned 6, DeviceName: 
[2026-07-15 10:51:37] GetFirstDevice: Attempt 1, Index 5, MTMICRGetDevice returned 6, DeviceName: 
[2026-07-15 10:51:37] GetFirstDevice: Attempt 1, Index 6, MTMICRGetDevice returned 6, DeviceName: 
[2026-07-15 10:51:37] GetFirstDevice: Attempt 1, Index 7, MTMICRGetDevice returned 6, DeviceName: 
[2026-07-15 10:51:37] GetFirstDevice: Attempt 1, Index 8, MTMICRGetDevice returned 6, DeviceName: 
[2026-07-15 10:51:37] GetFirstDevice: Attempt 1, Index 9, MTMICRGetDevice returned 6, DeviceName: 
[2026-07-15 10:51:37] GetFirstDevice: Attempt 1, Index 10, MTMICRGetDevice returned 6, DeviceName: 
[2026-07-15 10:51:37] GetFirstDevice: Attempt 1, Index 11, MTMICRGetDevice returned 6, DeviceName: 
[2026-07-15 10:51:37] GetFirstDevice: Attempt 1, Index 12, MTMICRGetDevice returned 6, DeviceName: 
[2026-07-15 10:51:37] GetFirstDevice: Attempt 1, Index 13, MTMICRGetDevice returned 6, DeviceName: 
[2026-07-15 10:51:37] GetFirstDevice: Attempt 1, Index 14, MTMICRGetDevice returned 6, DeviceName: 
[2026-07-15 10:51:37] GetFirstDevice: Attempt 1, Index 15, MTMICRGetDevice returned 6, DeviceName: 
[2026-07-15 10:51:37] GetFirstDevice: Attempt 1, Index 16, MTMICRGetDevice returned 6, DeviceName: 
[2026-07-15 10:51:37] GetFirstDevice: Attempt 1, Index 17, MTMICRGetDevice returned 6, DeviceName: 
[2026-07-15 10:51:37] GetFirstDevice: Attempt 1, Index 18, MTMICRGetDevice returned 6, DeviceName: 
[2026-07-15 10:51:37] GetFirstDevice: Attempt 1, Index 19, MTMICRGetDevice returned 6, DeviceName: 
[2026-07-15 10:51:37] GetFirstDevice: Attempt 1, Index 20, MTMICRGetDevice returned 6, DeviceName: 
[2026-07-15 10:51:37] GetFirstDevice: No devices found on attempt 1, retrying...
[2026-07-15 10:51:39] GetFirstDevice: Attempt 2, Index 1, MTMICRGetDevice returned 6, DeviceName: 
[2026-07-15 10:51:39] GetFirstDevice: Attempt 2, Index 2, MTMICRGetDevice returned 6, DeviceName: 
[2026-07-15 10:51:39] GetFirstDevice: Attempt 2, Index 3, MTMICRGetDevice returned 6, DeviceName: 
[2026-07-15 10:51:39] GetFirstDevice: Attempt 2, Index 4, MTMICRGetDevice returned 6, DeviceName: 
[2026-07-15 10:51:39] GetFirstDevice: Attempt 2, Index 5, MTMICRGetDevice returned 6, DeviceName: 
[2026-07-15 10:51:39] GetFirstDevice: Attempt 2, Index 6, MTMICRGetDevice returned 6, DeviceName: 
[2026-07-15 10:51:39] GetFirstDevice: Attempt 2, Index 7, MTMICRGetDevice returned 6, DeviceName: 
[2026-07-15 10:51:39] GetFirstDevice: Attempt 2, Index 8, MTMICRGetDevice returned 6, DeviceName: 
[2026-07-15 10:51:39] GetFirstDevice: Attempt 2, Index 9, MTMICRGetDevice returned 6, DeviceName: 
[2026-07-15 10:51:39] GetFirstDevice: Attempt 2, Index 10, MTMICRGetDevice returned 6, DeviceName: 
[2026-07-15 10:51:39] GetFirstDevice: Attempt 2, Index 11, MTMICRGetDevice returned 6, DeviceName: 
[2026-07-15 10:51:39] GetFirstDevice: Attempt 2, Index 12, MTMICRGetDevice returned 6, DeviceName: 
[2026-07-15 10:51:39] GetFirstDevice: Attempt 2, Index 13, MTMICRGetDevice returned 6, DeviceName: 
[2026-07-15 10:51:39] GetFirstDevice: Attempt 2, Index 14, MTMICRGetDevice returned 6, DeviceName: 
[2026-07-15 10:51:39] GetFirstDevice: Attempt 2, Index 15, MTMICRGetDevice returned 6, DeviceName: 
[2026-07-15 10:51:39] GetFirstDevice: Attempt 2, Index 16, MTMICRGetDevice returned 6, DeviceName: 
[2026-07-15 10:51:39] GetFirstDevice: Attempt 2, Index 17, MTMICRGetDevice returned 6, DeviceName: 
[2026-07-15 10:51:39] GetFirstDevice: Attempt 2, Index 18, MTMICRGetDevice returned 6, DeviceName: 
[2026-07-15 10:51:39] GetFirstDevice: Attempt 2, Index 19, MTMICRGetDevice returned 6, DeviceName: 
[2026-07-15 10:51:39] GetFirstDevice: Attempt 2, Index 20, MTMICRGetDevice returned 6, DeviceName: 
[2026-07-15 10:51:39] GetFirstDevice: No devices found on attempt 2, retrying...
[2026-07-15 10:51:41] GetFirstDevice: Attempt 3, Index 1, MTMICRGetDevice returned 6, DeviceName: 
[2026-07-15 10:51:41] GetFirstDevice: Attempt 3, Index 2, MTMICRGetDevice returned 6, DeviceName: 
[2026-07-15 10:51:41] GetFirstDevice: Attempt 3, Index 3, MTMICRGetDevice returned 6, DeviceName: 
[2026-07-15 10:51:41] GetFirstDevice: Attempt 3, Index 4, MTMICRGetDevice returned 6, DeviceName: 
[2026-07-15 10:51:41] GetFirstDevice: Attempt 3, Index 5, MTMICRGetDevice returned 6, DeviceName: 
[2026-07-15 10:51:41] GetFirstDevice: Attempt 3, Index 6, MTMICRGetDevice returned 6, DeviceName: 
[2026-07-15 10:51:41] GetFirstDevice: Attempt 3, Index 7, MTMICRGetDevice returned 6, DeviceName: 
[2026-07-15 10:51:41] GetFirstDevice: Attempt 3, Index 8, MTMICRGetDevice returned 6, DeviceName: 
[2026-07-15 10:51:41] GetFirstDevice: Attempt 3, Index 9, MTMICRGetDevice returned 6, DeviceName: 
[2026-07-15 10:51:41] GetFirstDevice: Attempt 3, Index 10, MTMICRGetDevice returned 6, DeviceName: 
[2026-07-15 10:51:41] GetFirstDevice: Attempt 3, Index 11, MTMICRGetDevice returned 6, DeviceName: 
[2026-07-15 10:51:41] GetFirstDevice: Attempt 3, Index 12, MTMICRGetDevice returned 6, DeviceName: 
[2026-07-15 10:51:41] GetFirstDevice: Attempt 3, Index 13, MTMICRGetDevice returned 6, DeviceName: 
[2026-07-15 10:51:41] GetFirstDevice: Attempt 3, Index 14, MTMICRGetDevice returned 6, DeviceName: 
[2026-07-15 10:51:41] GetFirstDevice: Attempt 3, Index 15, MTMICRGetDevice returned 6, DeviceName: 
[2026-07-15 10:51:41] GetFirstDevice: Attempt 3, Index 16, MTMICRGetDevice returned 6, DeviceName: 
[2026-07-15 10:51:41] GetFirstDevice: Attempt 3, Index 17, MTMICRGetDevice returned 6, DeviceName: 
[2026-07-15 10:51:41] GetFirstDevice: Attempt 3, Index 18, MTMICRGetDevice returned 6, DeviceName: 
[2026-07-15 10:51:41] GetFirstDevice: Attempt 3, Index 19, MTMICRGetDevice returned 6, DeviceName: 
[2026-07-15 10:51:41] GetFirstDevice: Attempt 3, Index 20, MTMICRGetDevice returned 6, DeviceName: 
[2026-07-15 10:51:41] GetFirstDevice: No devices found on attempt 3, retrying...
[2026-07-15 10:51:43] GetFirstDevice: Attempt 4, Index 1, MTMICRGetDevice returned 6, DeviceName: 
[2026-07-15 10:51:43] GetFirstDevice: Attempt 4, Index 2, MTMICRGetDevice returned 6, DeviceName: 
[2026-07-15 10:51:43] GetFirstDevice: Attempt 4, Index 3, MTMICRGetDevice returned 6, DeviceName: 
[2026-07-15 10:51:43] GetFirstDevice: Attempt 4, Index 4, MTMICRGetDevice returned 6, DeviceName: 
[2026-07-15 10:51:43] GetFirstDevice: Attempt 4, Index 5, MTMICRGetDevice returned 6, DeviceName: 
[2026-07-15 10:51:43] GetFirstDevice: Attempt 4, Index 6, MTMICRGetDevice returned 6, DeviceName: 
[2026-07-15 10:51:43] GetFirstDevice: Attempt 4, Index 7, MTMICRGetDevice returned 6, DeviceName: 
[2026-07-15 10:51:43] GetFirstDevice: Attempt 4, Index 8, MTMICRGetDevice returned 6, DeviceName: 
[2026-07-15 10:51:43] GetFirstDevice: Attempt 4, Index 9, MTMICRGetDevice returned 6, DeviceName: 
[2026-07-15 10:51:43] GetFirstDevice: Attempt 4, Index 10, MTMICRGetDevice returned 6, DeviceName: 
[2026-07-15 10:51:43] GetFirstDevice: Attempt 4, Index 11, MTMICRGetDevice returned 6, DeviceName: 
[2026-07-15 10:51:43] GetFirstDevice: Attempt 4, Index 12, MTMICRGetDevice returned 6, DeviceName: 
[2026-07-15 10:51:43] GetFirstDevice: Attempt 4, Index 13, MTMICRGetDevice returned 6, DeviceName: 
[2026-07-15 10:51:43] GetFirstDevice: Attempt 4, Index 14, MTMICRGetDevice returned 6, DeviceName: 
[2026-07-15 10:51:43] GetFirstDevice: Attempt 4, Index 15, MTMICRGetDevice returned 6, DeviceName: 
[2026-07-15 10:51:43] GetFirstDevice: Attempt 4, Index 16, MTMICRGetDevice returned 6, DeviceName: 
[2026-07-15 10:51:43] GetFirstDevice: Attempt 4, Index 17, MTMICRGetDevice returned 6, DeviceName: 
[2026-07-15 10:51:43] GetFirstDevice: Attempt 4, Index 18, MTMICRGetDevice returned 6, DeviceName: 
[2026-07-15 10:51:43] GetFirstDevice: Attempt 4, Index 19, MTMICRGetDevice returned 6, DeviceName: 
[2026-07-15 10:51:43] GetFirstDevice: Attempt 4, Index 20, MTMICRGetDevice returned 6, DeviceName: 
[2026-07-15 10:51:43] GetFirstDevice: No devices found on attempt 4, retrying...
[2026-07-15 10:51:45] GetFirstDevice: Attempt 5, Index 1, MTMICRGetDevice returned 6, DeviceName: 
[2026-07-15 10:51:45] GetFirstDevice: Attempt 5, Index 2, MTMICRGetDevice returned 6, DeviceName: 
[2026-07-15 10:51:45] GetFirstDevice: Attempt 5, Index 3, MTMICRGetDevice returned 6, DeviceName: 
[2026-07-15 10:51:45] GetFirstDevice: Attempt 5, Index 4, MTMICRGetDevice returned 6, DeviceName: 
[2026-07-15 10:51:45] GetFirstDevice: Attempt 5, Index 5, MTMICRGetDevice returned 6, DeviceName: 
[2026-07-15 10:51:45] GetFirstDevice: Attempt 5, Index 6, MTMICRGetDevice returned 6, DeviceName: 
[2026-07-15 10:51:45] GetFirstDevice: Attempt 5, Index 7, MTMICRGetDevice returned 6, DeviceName: 
[2026-07-15 10:51:45] GetFirstDevice: Attempt 5, Index 8, MTMICRGetDevice returned 6, DeviceName: 
[2026-07-15 10:51:45] GetFirstDevice: Attempt 5, Index 9, MTMICRGetDevice returned 6, DeviceName: 
[2026-07-15 10:51:45] GetFirstDevice: Attempt 5, Index 10, MTMICRGetDevice returned 6, DeviceName: 
[2026-07-15 10:51:45] GetFirstDevice: Attempt 5, Index 11, MTMICRGetDevice returned 6, DeviceName: 
[2026-07-15 10:51:45] GetFirstDevice: Attempt 5, Index 12, MTMICRGetDevice returned 6, DeviceName: 
[2026-07-15 10:51:45] GetFirstDevice: Attempt 5, Index 13, MTMICRGetDevice returned 6, DeviceName: 
[2026-07-15 10:51:45] GetFirstDevice: Attempt 5, Index 14, MTMICRGetDevice returned 6, DeviceName: 
[2026-07-15 10:51:45] GetFirstDevice: Attempt 5, Index 15, MTMICRGetDevice returned 6, DeviceName: 
[2026-07-15 10:51:45] GetFirstDevice: Attempt 5, Index 16, MTMICRGetDevice returned 6, DeviceName: 
[2026-07-15 10:51:45] GetFirstDevice: Attempt 5, Index 17, MTMICRGetDevice returned 6, DeviceName: 
[2026-07-15 10:51:45] GetFirstDevice: Attempt 5, Index 18, MTMICRGetDevice returned 6, DeviceName: 
[2026-07-15 10:51:45] GetFirstDevice: Attempt 5, Index 19, MTMICRGetDevice returned 6, DeviceName: 
[2026-07-15 10:51:45] GetFirstDevice: Attempt 5, Index 20, MTMICRGetDevice returned 6, DeviceName: 
[2026-07-15 10:51:45] GetFirstDevice: No devices found on attempt 5, retrying...
[2026-07-15 10:51:47] GetFirstDevice: No devices found after all retries.
[2026-07-15 10:51:47] GetDeviceStatus: No device found.
[2026-07-15 10:51:47] Dispose: Closing resources
[2026-07-15 10:51:47] Dispose: Closed log file handle
[2026-07-15 10:52:37] SetupLogging: Log file initialized at C:\Users\USG\Downloads\ChequeScannerApp\backend\ScannerApi\bin\Release\net6.0\win-x86\debug.log
[2026-07-15 10:52:37] Constructor: Initial DocType=CHECK
[2026-07-15 10:52:37] GetFirstDevice: Attempt 1, Index 1, MTMICRGetDevice returned 6, DeviceName: 
[2026-07-15 10:52:37] GetFirstDevice: Attempt 1, Index 2, MTMICRGetDevice returned 6, DeviceName: 
[2026-07-15 10:52:37] GetFirstDevice: Attempt 1, Index 3, MTMICRGetDevice returned 6, DeviceName: 
[2026-07-15 10:52:37] GetFirstDevice: Attempt 1, Index 4, MTMICRGetDevice returned 6, DeviceName: 
[2026-07-15 10:52:37] GetFirstDevice: Attempt 1, Index 5, MTMICRGetDevice returned 6, DeviceName: 
[2026-07-15 10:52:37] GetFirstDevice: Attempt 1, Index 6, MTMICRGetDevice returned 6, DeviceName: 
[2026-07-15 10:52:37] GetFirstDevice: Attempt 1, Index 7, MTMICRGetDevice returned 6, DeviceName: 
[2026-07-15 10:52:37] GetFirstDevice: Attempt 1, Index 8, MTMICRGetDevice returned 6, DeviceName: 
[2026-07-15 10:52:37] GetFirstDevice: Attempt 1, Index 9, MTMICRGetDevice returned 6, DeviceName: 
[2026-07-15 10:52:37] GetFirstDevice: Attempt 1, Index 10, MTMICRGetDevice returned 6, DeviceName: 
[2026-07-15 10:52:37] GetFirstDevice: Attempt 1, Index 11, MTMICRGetDevice returned 6, DeviceName: 
[2026-07-15 10:52:37] GetFirstDevice: Attempt 1, Index 12, MTMICRGetDevice returned 6, DeviceName: 
[2026-07-15 10:52:37] GetFirstDevice: Attempt 1, Index 13, MTMICRGetDevice returned 6, DeviceName: 
[2026-07-15 10:52:37] GetFirstDevice: Attempt 1, Index 14, MTMICRGetDevice returned 6, DeviceName: 
[2026-07-15 10:52:37] GetFirstDevice: Attempt 1, Index 15, MTMICRGetDevice returned 6, DeviceName: 
[2026-07-15 10:52:37] GetFirstDevice: Attempt 1, Index 16, MTMICRGetDevice returned 6, DeviceName: 
[2026-07-15 10:52:37] GetFirstDevice: Attempt 1, Index 17, MTMICRGetDevice returned 6, DeviceName: 
[2026-07-15 10:52:37] GetFirstDevice: Attempt 1, Index 18, MTMICRGetDevice returned 6, DeviceName: 
[2026-07-15 10:52:37] GetFirstDevice: Attempt 1, Index 19, MTMICRGetDevice returned 6, DeviceName: 
[2026-07-15 10:52:37] GetFirstDevice: Attempt 1, Index 20, MTMICRGetDevice returned 6, DeviceName: 
[2026-07-15 10:52:37] GetFirstDevice: No devices found on attempt 1, retrying...
[2026-07-15 10:52:39] GetFirstDevice: Attempt 2, Index 1, MTMICRGetDevice returned 6, DeviceName: 
[2026-07-15 10:52:39] GetFirstDevice: Attempt 2, Index 2, MTMICRGetDevice returned 6, DeviceName: 
[2026-07-15 10:52:39] GetFirstDevice: Attempt 2, Index 3, MTMICRGetDevice returned 6, DeviceName: 
[2026-07-15 10:52:39] GetFirstDevice: Attempt 2, Index 4, MTMICRGetDevice returned 6, DeviceName: 
[2026-07-15 10:52:39] GetFirstDevice: Attempt 2, Index 5, MTMICRGetDevice returned 6, DeviceName: 
[2026-07-15 10:52:39] GetFirstDevice: Attempt 2, Index 6, MTMICRGetDevice returned 6, DeviceName: 
[2026-07-15 10:52:39] GetFirstDevice: Attempt 2, Index 7, MTMICRGetDevice returned 6, DeviceName: 
[2026-07-15 10:52:39] GetFirstDevice: Attempt 2, Index 8, MTMICRGetDevice returned 6, DeviceName: 
[2026-07-15 10:52:39] GetFirstDevice: Attempt 2, Index 9, MTMICRGetDevice returned 6, DeviceName: 
[2026-07-15 10:52:39] GetFirstDevice: Attempt 2, Index 10, MTMICRGetDevice returned 6, DeviceName: 
[2026-07-15 10:52:39] GetFirstDevice: Attempt 2, Index 11, MTMICRGetDevice returned 6, DeviceName: 
[2026-07-15 10:52:39] GetFirstDevice: Attempt 2, Index 12, MTMICRGetDevice returned 6, DeviceName: 
[2026-07-15 10:52:39] GetFirstDevice: Attempt 2, Index 13, MTMICRGetDevice returned 6, DeviceName: 
[2026-07-15 10:52:39] GetFirstDevice: Attempt 2, Index 14, MTMICRGetDevice returned 6, DeviceName: 
[2026-07-15 10:52:39] GetFirstDevice: Attempt 2, Index 15, MTMICRGetDevice returned 6, DeviceName: 
[2026-07-15 10:52:39] GetFirstDevice: Attempt 2, Index 16, MTMICRGetDevice returned 6, DeviceName: 
[2026-07-15 10:52:39] GetFirstDevice: Attempt 2, Index 17, MTMICRGetDevice returned 6, DeviceName: 
[2026-07-15 10:52:39] GetFirstDevice: Attempt 2, Index 18, MTMICRGetDevice returned 6, DeviceName: 
[2026-07-15 10:52:39] GetFirstDevice: Attempt 2, Index 19, MTMICRGetDevice returned 6, DeviceName: 
[2026-07-15 10:52:39] GetFirstDevice: Attempt 2, Index 20, MTMICRGetDevice returned 6, DeviceName: 
[2026-07-15 10:52:39] GetFirstDevice: No devices found on attempt 2, retrying...
[2026-07-15 10:52:41] GetFirstDevice: Attempt 3, Index 1, MTMICRGetDevice returned 6, DeviceName: 
[2026-07-15 10:52:41] GetFirstDevice: Attempt 3, Index 2, MTMICRGetDevice returned 6, DeviceName: 
[2026-07-15 10:52:41] GetFirstDevice: Attempt 3, Index 3, MTMICRGetDevice returned 6, DeviceName: 
[2026-07-15 10:52:41] GetFirstDevice: Attempt 3, Index 4, MTMICRGetDevice returned 6, DeviceName: 
[2026-07-15 10:52:41] GetFirstDevice: Attempt 3, Index 5, MTMICRGetDevice returned 6, DeviceName: 
[2026-07-15 10:52:41] GetFirstDevice: Attempt 3, Index 6, MTMICRGetDevice returned 6, DeviceName: 
[2026-07-15 10:52:41] GetFirstDevice: Attempt 3, Index 7, MTMICRGetDevice returned 6, DeviceName: 
[2026-07-15 10:52:41] GetFirstDevice: Attempt 3, Index 8, MTMICRGetDevice returned 6, DeviceName: 
[2026-07-15 10:52:41] GetFirstDevice: Attempt 3, Index 9, MTMICRGetDevice returned 6, DeviceName: 
[2026-07-15 10:52:41] GetFirstDevice: Attempt 3, Index 10, MTMICRGetDevice returned 6, DeviceName: 
[2026-07-15 10:52:41] GetFirstDevice: Attempt 3, Index 11, MTMICRGetDevice returned 6, DeviceName: 
[2026-07-15 10:52:41] GetFirstDevice: Attempt 3, Index 12, MTMICRGetDevice returned 6, DeviceName: 
[2026-07-15 10:52:41] GetFirstDevice: Attempt 3, Index 13, MTMICRGetDevice returned 6, DeviceName: 
[2026-07-15 10:52:41] GetFirstDevice: Attempt 3, Index 14, MTMICRGetDevice returned 6, DeviceName: 
[2026-07-15 10:52:41] GetFirstDevice: Attempt 3, Index 15, MTMICRGetDevice returned 6, DeviceName: 
[2026-07-15 10:52:41] GetFirstDevice: Attempt 3, Index 16, MTMICRGetDevice returned 6, DeviceName: 
[2026-07-15 10:52:41] GetFirstDevice: Attempt 3, Index 17, MTMICRGetDevice returned 6, DeviceName: 
[2026-07-15 10:52:41] GetFirstDevice: Attempt 3, Index 18, MTMICRGetDevice returned 6, DeviceName: 
[2026-07-15 10:52:41] GetFirstDevice: Attempt 3, Index 19, MTMICRGetDevice returned 6, DeviceName: 
[2026-07-15 10:52:41] GetFirstDevice: Attempt 3, Index 20, MTMICRGetDevice returned 6, DeviceName: 
[2026-07-15 10:52:41] GetFirstDevice: No devices found on attempt 3, retrying...
[2026-07-15 10:52:43] GetFirstDevice: Attempt 4, Index 1, MTMICRGetDevice returned 6, DeviceName: 
[2026-07-15 10:52:43] GetFirstDevice: Attempt 4, Index 2, MTMICRGetDevice returned 6, DeviceName: 
[2026-07-15 10:52:43] GetFirstDevice: Attempt 4, Index 3, MTMICRGetDevice returned 6, DeviceName: 
[2026-07-15 10:52:43] GetFirstDevice: Attempt 4, Index 4, MTMICRGetDevice returned 6, DeviceName: 
[2026-07-15 10:52:43] GetFirstDevice: Attempt 4, Index 5, MTMICRGetDevice returned 6, DeviceName: 
[2026-07-15 10:52:43] GetFirstDevice: Attempt 4, Index 6, MTMICRGetDevice returned 6, DeviceName: 
[2026-07-15 10:52:43] GetFirstDevice: Attempt 4, Index 7, MTMICRGetDevice returned 6, DeviceName: 
[2026-07-15 10:52:43] GetFirstDevice: Attempt 4, Index 8, MTMICRGetDevice returned 6, DeviceName: 
[2026-07-15 10:52:43] GetFirstDevice: Attempt 4, Index 9, MTMICRGetDevice returned 6, DeviceName: 
[2026-07-15 10:52:43] GetFirstDevice: Attempt 4, Index 10, MTMICRGetDevice returned 6, DeviceName: 
[2026-07-15 10:52:43] GetFirstDevice: Attempt 4, Index 11, MTMICRGetDevice returned 6, DeviceName: 
[2026-07-15 10:52:43] GetFirstDevice: Attempt 4, Index 12, MTMICRGetDevice returned 6, DeviceName: 
[2026-07-15 10:52:43] GetFirstDevice: Attempt 4, Index 13, MTMICRGetDevice returned 6, DeviceName: 
[2026-07-15 10:52:43] GetFirstDevice: Attempt 4, Index 14, MTMICRGetDevice returned 6, DeviceName: 
[2026-07-15 10:52:43] GetFirstDevice: Attempt 4, Index 15, MTMICRGetDevice returned 6, DeviceName: 
[2026-07-15 10:52:43] GetFirstDevice: Attempt 4, Index 16, MTMICRGetDevice returned 6, DeviceName: 
[2026-07-15 10:52:43] GetFirstDevice: Attempt 4, Index 17, MTMICRGetDevice returned 6, DeviceName: 
[2026-07-15 10:52:43] GetFirstDevice: Attempt 4, Index 18, MTMICRGetDevice returned 6, DeviceName: 
[2026-07-15 10:52:43] GetFirstDevice: Attempt 4, Index 19, MTMICRGetDevice returned 6, DeviceName: 
[2026-07-15 10:52:43] GetFirstDevice: Attempt 4, Index 20, MTMICRGetDevice returned 6, DeviceName: 
[2026-07-15 10:52:43] GetFirstDevice: No devices found on attempt 4, retrying...
[2026-07-15 10:52:45] GetFirstDevice: Attempt 5, Index 1, MTMICRGetDevice returned 6, DeviceName: 
[2026-07-15 10:52:45] GetFirstDevice: Attempt 5, Index 2, MTMICRGetDevice returned 6, DeviceName: 
[2026-07-15 10:52:45] GetFirstDevice: Attempt 5, Index 3, MTMICRGetDevice returned 6, DeviceName: 
[2026-07-15 10:52:45] GetFirstDevice: Attempt 5, Index 4, MTMICRGetDevice returned 6, DeviceName: 
[2026-07-15 10:52:45] GetFirstDevice: Attempt 5, Index 5, MTMICRGetDevice returned 6, DeviceName: 
[2026-07-15 10:52:45] GetFirstDevice: Attempt 5, Index 6, MTMICRGetDevice returned 6, DeviceName: 
[2026-07-15 10:52:45] GetFirstDevice: Attempt 5, Index 7, MTMICRGetDevice returned 6, DeviceName: 
[2026-07-15 10:52:45] GetFirstDevice: Attempt 5, Index 8, MTMICRGetDevice returned 6, DeviceName: 
[2026-07-15 10:52:45] GetFirstDevice: Attempt 5, Index 9, MTMICRGetDevice returned 6, DeviceName: 
[2026-07-15 10:52:45] GetFirstDevice: Attempt 5, Index 10, MTMICRGetDevice returned 6, DeviceName: 
[2026-07-15 10:52:45] GetFirstDevice: Attempt 5, Index 11, MTMICRGetDevice returned 6, DeviceName: 
[2026-07-15 10:52:45] GetFirstDevice: Attempt 5, Index 12, MTMICRGetDevice returned 6, DeviceName: 
[2026-07-15 10:52:45] GetFirstDevice: Attempt 5, Index 13, MTMICRGetDevice returned 6, DeviceName: 
[2026-07-15 10:52:45] GetFirstDevice: Attempt 5, Index 14, MTMICRGetDevice returned 6, DeviceName: 
[2026-07-15 10:52:45] GetFirstDevice: Attempt 5, Index 15, MTMICRGetDevice returned 6, DeviceName: 
[2026-07-15 10:52:45] GetFirstDevice: Attempt 5, Index 16, MTMICRGetDevice returned 6, DeviceName: 
[2026-07-15 10:52:45] GetFirstDevice: Attempt 5, Index 17, MTMICRGetDevice returned 6, DeviceName: 
[2026-07-15 10:52:45] GetFirstDevice: Attempt 5, Index 18, MTMICRGetDevice returned 6, DeviceName: 
[2026-07-15 10:52:45] GetFirstDevice: Attempt 5, Index 19, MTMICRGetDevice returned 6, DeviceName: 
[2026-07-15 10:52:45] GetFirstDevice: Attempt 5, Index 20, MTMICRGetDevice returned 6, DeviceName: 
[2026-07-15 10:52:45] GetFirstDevice: No devices found on attempt 5, retrying...
[2026-07-15 10:52:47] GetFirstDevice: No devices found after all retries.
[2026-07-15 10:52:47] GetDeviceStatus: No device found.
[2026-07-15 10:52:47] Dispose: Closing resources
[2026-07-15 10:52:47] Dispose: Closed log file handle
[2026-07-15 10:53:37] SetupLogging: Log file initialized at C:\Users\USG\Downloads\ChequeScannerApp\backend\ScannerApi\bin\Release\net6.0\win-x86\debug.log
[2026-07-15 10:53:37] Constructor: Initial DocType=CHECK
[2026-07-15 10:53:37] GetFirstDevice: Attempt 1, Index 1, MTMICRGetDevice returned 6, DeviceName: 
[2026-07-15 10:53:37] GetFirstDevice: Attempt 1, Index 2, MTMICRGetDevice returned 6, DeviceName: 
[2026-07-15 10:53:37] GetFirstDevice: Attempt 1, Index 3, MTMICRGetDevice returned 6, DeviceName: 
[2026-07-15 10:53:37] GetFirstDevice: Attempt 1, Index 4, MTMICRGetDevice returned 6, DeviceName: 
[2026-07-15 10:53:37] GetFirstDevice: Attempt 1, Index 5, MTMICRGetDevice returned 6, DeviceName: 
[2026-07-15 10:53:37] GetFirstDevice: Attempt 1, Index 6, MTMICRGetDevice returned 6, DeviceName: 
[2026-07-15 10:53:37] GetFirstDevice: Attempt 1, Index 7, MTMICRGetDevice returned 6, DeviceName: 
[2026-07-15 10:53:37] GetFirstDevice: Attempt 1, Index 8, MTMICRGetDevice returned 6, DeviceName: 
[2026-07-15 10:53:37] GetFirstDevice: Attempt 1, Index 9, MTMICRGetDevice returned 6, DeviceName: 
[2026-07-15 10:53:37] GetFirstDevice: Attempt 1, Index 10, MTMICRGetDevice returned 6, DeviceName: 
[2026-07-15 10:53:37] GetFirstDevice: Attempt 1, Index 11, MTMICRGetDevice returned 6, DeviceName: 
[2026-07-15 10:53:37] GetFirstDevice: Attempt 1, Index 12, MTMICRGetDevice returned 6, DeviceName: 
[2026-07-15 10:53:37] GetFirstDevice: Attempt 1, Index 13, MTMICRGetDevice returned 6, DeviceName: 
[2026-07-15 10:53:37] GetFirstDevice: Attempt 1, Index 14, MTMICRGetDevice returned 6, DeviceName: 
[2026-07-15 10:53:37] GetFirstDevice: Attempt 1, Index 15, MTMICRGetDevice returned 6, DeviceName: 
[2026-07-15 10:53:37] GetFirstDevice: Attempt 1, Index 16, MTMICRGetDevice returned 6, DeviceName: 
[2026-07-15 10:53:37] GetFirstDevice: Attempt 1, Index 17, MTMICRGetDevice returned 6, DeviceName: 
[2026-07-15 10:53:37] GetFirstDevice: Attempt 1, Index 18, MTMICRGetDevice returned 6, DeviceName: 
[2026-07-15 10:53:37] GetFirstDevice: Attempt 1, Index 19, MTMICRGetDevice returned 6, DeviceName: 
[2026-07-15 10:53:37] GetFirstDevice: Attempt 1, Index 20, MTMICRGetDevice returned 6, DeviceName: 
[2026-07-15 10:53:37] GetFirstDevice: No devices found on attempt 1, retrying...
[2026-07-15 10:53:39] GetFirstDevice: Attempt 2, Index 1, MTMICRGetDevice returned 6, DeviceName: 
[2026-07-15 10:53:39] GetFirstDevice: Attempt 2, Index 2, MTMICRGetDevice returned 6, DeviceName: 
[2026-07-15 10:53:39] GetFirstDevice: Attempt 2, Index 3, MTMICRGetDevice returned 6, DeviceName: 
[2026-07-15 10:53:39] GetFirstDevice: Attempt 2, Index 4, MTMICRGetDevice returned 6, DeviceName: 
[2026-07-15 10:53:39] GetFirstDevice: Attempt 2, Index 5, MTMICRGetDevice returned 6, DeviceName: 
[2026-07-15 10:53:39] GetFirstDevice: Attempt 2, Index 6, MTMICRGetDevice returned 6, DeviceName: 
[2026-07-15 10:53:39] GetFirstDevice: Attempt 2, Index 7, MTMICRGetDevice returned 6, DeviceName: 
[2026-07-15 10:53:39] GetFirstDevice: Attempt 2, Index 8, MTMICRGetDevice returned 6, DeviceName: 
[2026-07-15 10:53:39] GetFirstDevice: Attempt 2, Index 9, MTMICRGetDevice returned 6, DeviceName: 
[2026-07-15 10:53:39] GetFirstDevice: Attempt 2, Index 10, MTMICRGetDevice returned 6, DeviceName: 
[2026-07-15 10:53:39] GetFirstDevice: Attempt 2, Index 11, MTMICRGetDevice returned 6, DeviceName: 
[2026-07-15 10:53:39] GetFirstDevice: Attempt 2, Index 12, MTMICRGetDevice returned 6, DeviceName: 
[2026-07-15 10:53:39] GetFirstDevice: Attempt 2, Index 13, MTMICRGetDevice returned 6, DeviceName: 
[2026-07-15 10:53:39] GetFirstDevice: Attempt 2, Index 14, MTMICRGetDevice returned 6, DeviceName: 
[2026-07-15 10:53:39] GetFirstDevice: Attempt 2, Index 15, MTMICRGetDevice returned 6, DeviceName: 
[2026-07-15 10:53:39] GetFirstDevice: Attempt 2, Index 16, MTMICRGetDevice returned 6, DeviceName: 
[2026-07-15 10:53:39] GetFirstDevice: Attempt 2, Index 17, MTMICRGetDevice returned 6, DeviceName: 
[2026-07-15 10:53:39] GetFirstDevice: Attempt 2, Index 18, MTMICRGetDevice returned 6, DeviceName: 
[2026-07-15 10:53:39] GetFirstDevice: Attempt 2, Index 19, MTMICRGetDevice returned 6, DeviceName: 
[2026-07-15 10:53:39] GetFirstDevice: Attempt 2, Index 20, MTMICRGetDevice returned 6, DeviceName: 
[2026-07-15 10:53:39] GetFirstDevice: No devices found on attempt 2, retrying...
[2026-07-15 10:53:41] GetFirstDevice: Attempt 3, Index 1, MTMICRGetDevice returned 6, DeviceName: 
[2026-07-15 10:53:41] GetFirstDevice: Attempt 3, Index 2, MTMICRGetDevice returned 6, DeviceName: 
[2026-07-15 10:53:41] GetFirstDevice: Attempt 3, Index 3, MTMICRGetDevice returned 6, DeviceName: 
[2026-07-15 10:53:41] GetFirstDevice: Attempt 3, Index 4, MTMICRGetDevice returned 6, DeviceName: 
[2026-07-15 10:53:41] GetFirstDevice: Attempt 3, Index 5, MTMICRGetDevice returned 6, DeviceName: 
[2026-07-15 10:53:41] GetFirstDevice: Attempt 3, Index 6, MTMICRGetDevice returned 6, DeviceName: 
[2026-07-15 10:53:41] GetFirstDevice: Attempt 3, Index 7, MTMICRGetDevice returned 6, DeviceName: 
[2026-07-15 10:53:41] GetFirstDevice: Attempt 3, Index 8, MTMICRGetDevice returned 6, DeviceName: 
[2026-07-15 10:53:41] GetFirstDevice: Attempt 3, Index 9, MTMICRGetDevice returned 6, DeviceName: 
[2026-07-15 10:53:41] GetFirstDevice: Attempt 3, Index 10, MTMICRGetDevice returned 6, DeviceName: 
[2026-07-15 10:53:41] GetFirstDevice: Attempt 3, Index 11, MTMICRGetDevice returned 6, DeviceName: 
[2026-07-15 10:53:41] GetFirstDevice: Attempt 3, Index 12, MTMICRGetDevice returned 6, DeviceName: 
[2026-07-15 10:53:41] GetFirstDevice: Attempt 3, Index 13, MTMICRGetDevice returned 6, DeviceName: 
[2026-07-15 10:53:41] GetFirstDevice: Attempt 3, Index 14, MTMICRGetDevice returned 6, DeviceName: 
[2026-07-15 10:53:41] GetFirstDevice: Attempt 3, Index 15, MTMICRGetDevice returned 6, DeviceName: 
[2026-07-15 10:53:41] GetFirstDevice: Attempt 3, Index 16, MTMICRGetDevice returned 6, DeviceName: 
[2026-07-15 10:53:41] GetFirstDevice: Attempt 3, Index 17, MTMICRGetDevice returned 6, DeviceName: 
[2026-07-15 10:53:41] GetFirstDevice: Attempt 3, Index 18, MTMICRGetDevice returned 6, DeviceName: 
[2026-07-15 10:53:41] GetFirstDevice: Attempt 3, Index 19, MTMICRGetDevice returned 6, DeviceName: 
[2026-07-15 10:53:41] GetFirstDevice: Attempt 3, Index 20, MTMICRGetDevice returned 6, DeviceName: 
[2026-07-15 10:53:41] GetFirstDevice: No devices found on attempt 3, retrying...
[2026-07-15 10:53:43] GetFirstDevice: Attempt 4, Index 1, MTMICRGetDevice returned 6, DeviceName: 
[2026-07-15 10:53:43] GetFirstDevice: Attempt 4, Index 2, MTMICRGetDevice returned 6, DeviceName: 
[2026-07-15 10:53:43] GetFirstDevice: Attempt 4, Index 3, MTMICRGetDevice returned 6, DeviceName: 
[2026-07-15 10:53:43] GetFirstDevice: Attempt 4, Index 4, MTMICRGetDevice returned 6, DeviceName: 
[2026-07-15 10:53:43] GetFirstDevice: Attempt 4, Index 5, MTMICRGetDevice returned 6, DeviceName: 
[2026-07-15 10:53:43] GetFirstDevice: Attempt 4, Index 6, MTMICRGetDevice returned 6, DeviceName: 
[2026-07-15 10:53:43] GetFirstDevice: Attempt 4, Index 7, MTMICRGetDevice returned 6, DeviceName: 
[2026-07-15 10:53:43] GetFirstDevice: Attempt 4, Index 8, MTMICRGetDevice returned 6, DeviceName: 
[2026-07-15 10:53:43] GetFirstDevice: Attempt 4, Index 9, MTMICRGetDevice returned 6, DeviceName: 
[2026-07-15 10:53:43] GetFirstDevice: Attempt 4, Index 10, MTMICRGetDevice returned 6, DeviceName: 
[2026-07-15 10:53:43] GetFirstDevice: Attempt 4, Index 11, MTMICRGetDevice returned 6, DeviceName: 
[2026-07-15 10:53:43] GetFirstDevice: Attempt 4, Index 12, MTMICRGetDevice returned 6, DeviceName: 
[2026-07-15 10:53:43] GetFirstDevice: Attempt 4, Index 13, MTMICRGetDevice returned 6, DeviceName: 
[2026-07-15 10:53:43] GetFirstDevice: Attempt 4, Index 14, MTMICRGetDevice returned 6, DeviceName: 
[2026-07-15 10:53:43] GetFirstDevice: Attempt 4, Index 15, MTMICRGetDevice returned 6, DeviceName: 
[2026-07-15 10:53:43] GetFirstDevice: Attempt 4, Index 16, MTMICRGetDevice returned 6, DeviceName: 
[2026-07-15 10:53:43] GetFirstDevice: Attempt 4, Index 17, MTMICRGetDevice returned 6, DeviceName: 
[2026-07-15 10:53:43] GetFirstDevice: Attempt 4, Index 18, MTMICRGetDevice returned 6, DeviceName: 
[2026-07-15 10:53:43] GetFirstDevice: Attempt 4, Index 19, MTMICRGetDevice returned 6, DeviceName: 
[2026-07-15 10:53:43] GetFirstDevice: Attempt 4, Index 20, MTMICRGetDevice returned 6, DeviceName: 
[2026-07-15 10:53:43] GetFirstDevice: No devices found on attempt 4, retrying...
[2026-07-15 10:53:45] GetFirstDevice: Attempt 5, Index 1, MTMICRGetDevice returned 6, DeviceName: 
[2026-07-15 10:53:45] GetFirstDevice: Attempt 5, Index 2, MTMICRGetDevice returned 6, DeviceName: 
[2026-07-15 10:53:45] GetFirstDevice: Attempt 5, Index 3, MTMICRGetDevice returned 6, DeviceName: 
[2026-07-15 10:53:45] GetFirstDevice: Attempt 5, Index 4, MTMICRGetDevice returned 6, DeviceName: 
[2026-07-15 10:53:45] GetFirstDevice: Attempt 5, Index 5, MTMICRGetDevice returned 6, DeviceName: 
[2026-07-15 10:53:45] GetFirstDevice: Attempt 5, Index 6, MTMICRGetDevice returned 6, DeviceName: 
[2026-07-15 10:53:45] GetFirstDevice: Attempt 5, Index 7, MTMICRGetDevice returned 6, DeviceName: 
[2026-07-15 10:53:45] GetFirstDevice: Attempt 5, Index 8, MTMICRGetDevice returned 6, DeviceName: 
[2026-07-15 10:53:45] GetFirstDevice: Attempt 5, Index 9, MTMICRGetDevice returned 6, DeviceName: 
[2026-07-15 10:53:45] GetFirstDevice: Attempt 5, Index 10, MTMICRGetDevice returned 6, DeviceName: 
[2026-07-15 10:53:45] GetFirstDevice: Attempt 5, Index 11, MTMICRGetDevice returned 6, DeviceName: 
[2026-07-15 10:53:45] GetFirstDevice: Attempt 5, Index 12, MTMICRGetDevice returned 6, DeviceName: 
[2026-07-15 10:53:45] GetFirstDevice: Attempt 5, Index 13, MTMICRGetDevice returned 6, DeviceName: 
[2026-07-15 10:53:45] GetFirstDevice: Attempt 5, Index 14, MTMICRGetDevice returned 6, DeviceName: 
[2026-07-15 10:53:45] GetFirstDevice: Attempt 5, Index 15, MTMICRGetDevice returned 6, DeviceName: 
[2026-07-15 10:53:45] GetFirstDevice: Attempt 5, Index 16, MTMICRGetDevice returned 6, DeviceName: 
[2026-07-15 10:53:45] GetFirstDevice: Attempt 5, Index 17, MTMICRGetDevice returned 6, DeviceName: 
[2026-07-15 10:53:45] GetFirstDevice: Attempt 5, Index 18, MTMICRGetDevice returned 6, DeviceName: 
[2026-07-15 10:53:45] GetFirstDevice: Attempt 5, Index 19, MTMICRGetDevice returned 6, DeviceName: 
[2026-07-15 10:53:45] GetFirstDevice: Attempt 5, Index 20, MTMICRGetDevice returned 6, DeviceName: 
[2026-07-15 10:53:45] GetFirstDevice: No devices found on attempt 5, retrying...
[2026-07-15 10:53:47] GetFirstDevice: No devices found after all retries.
[2026-07-15 10:53:47] GetDeviceStatus: No device found.
[2026-07-15 10:53:47] Dispose: Closing resources
[2026-07-15 10:53:47] Dispose: Closed log file handle
[2026-07-15 10:54:37] SetupLogging: Log file initialized at C:\Users\USG\Downloads\ChequeScannerApp\backend\ScannerApi\bin\Release\net6.0\win-x86\debug.log
[2026-07-15 10:54:37] Constructor: Initial DocType=CHECK
[2026-07-15 10:54:37] GetFirstDevice: Attempt 1, Index 1, MTMICRGetDevice returned 6, DeviceName: 
[2026-07-15 10:54:37] GetFirstDevice: Attempt 1, Index 2, MTMICRGetDevice returned 6, DeviceName: 
[2026-07-15 10:54:37] GetFirstDevice: Attempt 1, Index 3, MTMICRGetDevice returned 6, DeviceName: 
[2026-07-15 10:54:37] GetFirstDevice: Attempt 1, Index 4, MTMICRGetDevice returned 6, DeviceName: 
[2026-07-15 10:54:37] GetFirstDevice: Attempt 1, Index 5, MTMICRGetDevice returned 6, DeviceName: 
[2026-07-15 10:54:37] GetFirstDevice: Attempt 1, Index 6, MTMICRGetDevice returned 6, DeviceName: 
[2026-07-15 10:54:37] GetFirstDevice: Attempt 1, Index 7, MTMICRGetDevice returned 6, DeviceName: 
[2026-07-15 10:54:37] GetFirstDevice: Attempt 1, Index 8, MTMICRGetDevice returned 6, DeviceName: 
[2026-07-15 10:54:37] GetFirstDevice: Attempt 1, Index 9, MTMICRGetDevice returned 6, DeviceName: 
[2026-07-15 10:54:37] GetFirstDevice: Attempt 1, Index 10, MTMICRGetDevice returned 6, DeviceName: 
[2026-07-15 10:54:37] GetFirstDevice: Attempt 1, Index 11, MTMICRGetDevice returned 6, DeviceName: 
[2026-07-15 10:54:37] GetFirstDevice: Attempt 1, Index 12, MTMICRGetDevice returned 6, DeviceName: 
[2026-07-15 10:54:37] GetFirstDevice: Attempt 1, Index 13, MTMICRGetDevice returned 6, DeviceName: 
[2026-07-15 10:54:37] GetFirstDevice: Attempt 1, Index 14, MTMICRGetDevice returned 6, DeviceName: 
[2026-07-15 10:54:37] GetFirstDevice: Attempt 1, Index 15, MTMICRGetDevice returned 6, DeviceName: 
[2026-07-15 10:54:37] GetFirstDevice: Attempt 1, Index 16, MTMICRGetDevice returned 6, DeviceName: 
[2026-07-15 10:54:37] GetFirstDevice: Attempt 1, Index 17, MTMICRGetDevice returned 6, DeviceName: 
[2026-07-15 10:54:37] GetFirstDevice: Attempt 1, Index 18, MTMICRGetDevice returned 6, DeviceName: 
[2026-07-15 10:54:37] GetFirstDevice: Attempt 1, Index 19, MTMICRGetDevice returned 6, DeviceName: 
[2026-07-15 10:54:37] GetFirstDevice: Attempt 1, Index 20, MTMICRGetDevice returned 6, DeviceName: 
[2026-07-15 10:54:37] GetFirstDevice: No devices found on attempt 1, retrying...
[2026-07-15 10:54:39] GetFirstDevice: Attempt 2, Index 1, MTMICRGetDevice returned 6, DeviceName: 
[2026-07-15 10:54:39] GetFirstDevice: Attempt 2, Index 2, MTMICRGetDevice returned 6, DeviceName: 
[2026-07-15 10:54:39] GetFirstDevice: Attempt 2, Index 3, MTMICRGetDevice returned 6, DeviceName: 
[2026-07-15 10:54:39] GetFirstDevice: Attempt 2, Index 4, MTMICRGetDevice returned 6, DeviceName: 
[2026-07-15 10:54:39] GetFirstDevice: Attempt 2, Index 5, MTMICRGetDevice returned 6, DeviceName: 
[2026-07-15 10:54:39] GetFirstDevice: Attempt 2, Index 6, MTMICRGetDevice returned 6, DeviceName: 
[2026-07-15 10:54:39] GetFirstDevice: Attempt 2, Index 7, MTMICRGetDevice returned 6, DeviceName: 
[2026-07-15 10:54:39] GetFirstDevice: Attempt 2, Index 8, MTMICRGetDevice returned 6, DeviceName: 
[2026-07-15 10:54:39] GetFirstDevice: Attempt 2, Index 9, MTMICRGetDevice returned 6, DeviceName: 
[2026-07-15 10:54:39] GetFirstDevice: Attempt 2, Index 10, MTMICRGetDevice returned 6, DeviceName: 
[2026-07-15 10:54:39] GetFirstDevice: Attempt 2, Index 11, MTMICRGetDevice returned 6, DeviceName: 
[2026-07-15 10:54:39] GetFirstDevice: Attempt 2, Index 12, MTMICRGetDevice returned 6, DeviceName: 
[2026-07-15 10:54:39] GetFirstDevice: Attempt 2, Index 13, MTMICRGetDevice returned 6, DeviceName: 
[2026-07-15 10:54:39] GetFirstDevice: Attempt 2, Index 14, MTMICRGetDevice returned 6, DeviceName: 
[2026-07-15 10:54:39] GetFirstDevice: Attempt 2, Index 15, MTMICRGetDevice returned 6, DeviceName: 
[2026-07-15 10:54:39] GetFirstDevice: Attempt 2, Index 16, MTMICRGetDevice returned 6, DeviceName: 
[2026-07-15 10:54:39] GetFirstDevice: Attempt 2, Index 17, MTMICRGetDevice returned 6, DeviceName: 
[2026-07-15 10:54:39] GetFirstDevice: Attempt 2, Index 18, MTMICRGetDevice returned 6, DeviceName: 
[2026-07-15 10:54:39] GetFirstDevice: Attempt 2, Index 19, MTMICRGetDevice returned 6, DeviceName: 
[2026-07-15 10:54:39] GetFirstDevice: Attempt 2, Index 20, MTMICRGetDevice returned 6, DeviceName: 
[2026-07-15 10:54:39] GetFirstDevice: No devices found on attempt 2, retrying...
[2026-07-15 10:54:41] GetFirstDevice: Attempt 3, Index 1, MTMICRGetDevice returned 6, DeviceName: 
[2026-07-15 10:54:41] GetFirstDevice: Attempt 3, Index 2, MTMICRGetDevice returned 6, DeviceName: 
[2026-07-15 10:54:41] GetFirstDevice: Attempt 3, Index 3, MTMICRGetDevice returned 6, DeviceName: 
[2026-07-15 10:54:41] GetFirstDevice: Attempt 3, Index 4, MTMICRGetDevice returned 6, DeviceName: 
[2026-07-15 10:54:41] GetFirstDevice: Attempt 3, Index 5, MTMICRGetDevice returned 6, DeviceName: 
[2026-07-15 10:54:41] GetFirstDevice: Attempt 3, Index 6, MTMICRGetDevice returned 6, DeviceName: 
[2026-07-15 10:54:41] GetFirstDevice: Attempt 3, Index 7, MTMICRGetDevice returned 6, DeviceName: 
[2026-07-15 10:54:41] GetFirstDevice: Attempt 3, Index 8, MTMICRGetDevice returned 6, DeviceName: 
[2026-07-15 10:54:41] GetFirstDevice: Attempt 3, Index 9, MTMICRGetDevice returned 6, DeviceName: 
[2026-07-15 10:54:41] GetFirstDevice: Attempt 3, Index 10, MTMICRGetDevice returned 6, DeviceName: 
[2026-07-15 10:54:41] GetFirstDevice: Attempt 3, Index 11, MTMICRGetDevice returned 6, DeviceName: 
[2026-07-15 10:54:41] GetFirstDevice: Attempt 3, Index 12, MTMICRGetDevice returned 6, DeviceName: 
[2026-07-15 10:54:41] GetFirstDevice: Attempt 3, Index 13, MTMICRGetDevice returned 6, DeviceName: 
[2026-07-15 10:54:41] GetFirstDevice: Attempt 3, Index 14, MTMICRGetDevice returned 6, DeviceName: 
[2026-07-15 10:54:41] GetFirstDevice: Attempt 3, Index 15, MTMICRGetDevice returned 6, DeviceName: 
[2026-07-15 10:54:41] GetFirstDevice: Attempt 3, Index 16, MTMICRGetDevice returned 6, DeviceName: 
[2026-07-15 10:54:41] GetFirstDevice: Attempt 3, Index 17, MTMICRGetDevice returned 6, DeviceName: 
[2026-07-15 10:54:41] GetFirstDevice: Attempt 3, Index 18, MTMICRGetDevice returned 6, DeviceName: 
[2026-07-15 10:54:41] GetFirstDevice: Attempt 3, Index 19, MTMICRGetDevice returned 6, DeviceName: 
[2026-07-15 10:54:41] GetFirstDevice: Attempt 3, Index 20, MTMICRGetDevice returned 6, DeviceName: 
[2026-07-15 10:54:41] GetFirstDevice: No devices found on attempt 3, retrying...
[2026-07-15 10:54:43] GetFirstDevice: Attempt 4, Index 1, MTMICRGetDevice returned 6, DeviceName: 
[2026-07-15 10:54:43] GetFirstDevice: Attempt 4, Index 2, MTMICRGetDevice returned 6, DeviceName: 
[2026-07-15 10:54:43] GetFirstDevice: Attempt 4, Index 3, MTMICRGetDevice returned 6, DeviceName: 
[2026-07-15 10:54:43] GetFirstDevice: Attempt 4, Index 4, MTMICRGetDevice returned 6, DeviceName: 
[2026-07-15 10:54:43] GetFirstDevice: Attempt 4, Index 5, MTMICRGetDevice returned 6, DeviceName: 
[2026-07-15 10:54:43] GetFirstDevice: Attempt 4, Index 6, MTMICRGetDevice returned 6, DeviceName: 
[2026-07-15 10:54:43] GetFirstDevice: Attempt 4, Index 7, MTMICRGetDevice returned 6, DeviceName: 
[2026-07-15 10:54:43] GetFirstDevice: Attempt 4, Index 8, MTMICRGetDevice returned 6, DeviceName: 
[2026-07-15 10:54:43] GetFirstDevice: Attempt 4, Index 9, MTMICRGetDevice returned 6, DeviceName: 
[2026-07-15 10:54:43] GetFirstDevice: Attempt 4, Index 10, MTMICRGetDevice returned 6, DeviceName: 
[2026-07-15 10:54:43] GetFirstDevice: Attempt 4, Index 11, MTMICRGetDevice returned 6, DeviceName: 
[2026-07-15 10:54:43] GetFirstDevice: Attempt 4, Index 12, MTMICRGetDevice returned 6, DeviceName: 
[2026-07-15 10:54:43] GetFirstDevice: Attempt 4, Index 13, MTMICRGetDevice returned 6, DeviceName: 
[2026-07-15 10:54:43] GetFirstDevice: Attempt 4, Index 14, MTMICRGetDevice returned 6, DeviceName: 
[2026-07-15 10:54:43] GetFirstDevice: Attempt 4, Index 15, MTMICRGetDevice returned 6, DeviceName: 
[2026-07-15 10:54:43] GetFirstDevice: Attempt 4, Index 16, MTMICRGetDevice returned 6, DeviceName: 
[2026-07-15 10:54:43] GetFirstDevice: Attempt 4, Index 17, MTMICRGetDevice returned 6, DeviceName: 
[2026-07-15 10:54:43] GetFirstDevice: Attempt 4, Index 18, MTMICRGetDevice returned 6, DeviceName: 
[2026-07-15 10:54:43] GetFirstDevice: Attempt 4, Index 19, MTMICRGetDevice returned 6, DeviceName: 
[2026-07-15 10:54:43] GetFirstDevice: Attempt 4, Index 20, MTMICRGetDevice returned 6, DeviceName: 
[2026-07-15 10:54:43] GetFirstDevice: No devices found on attempt 4, retrying...
[2026-07-15 10:54:45] GetFirstDevice: Attempt 5, Index 1, MTMICRGetDevice returned 6, DeviceName: 
[2026-07-15 10:54:45] GetFirstDevice: Attempt 5, Index 2, MTMICRGetDevice returned 6, DeviceName: 
[2026-07-15 10:54:45] GetFirstDevice: Attempt 5, Index 3, MTMICRGetDevice returned 6, DeviceName: 
[2026-07-15 10:54:45] GetFirstDevice: Attempt 5, Index 4, MTMICRGetDevice returned 6, DeviceName: 
[2026-07-15 10:54:45] GetFirstDevice: Attempt 5, Index 5, MTMICRGetDevice returned 6, DeviceName: 
[2026-07-15 10:54:45] GetFirstDevice: Attempt 5, Index 6, MTMICRGetDevice returned 6, DeviceName: 
[2026-07-15 10:54:45] GetFirstDevice: Attempt 5, Index 7, MTMICRGetDevice returned 6, DeviceName: 
[2026-07-15 10:54:45] GetFirstDevice: Attempt 5, Index 8, MTMICRGetDevice returned 6, DeviceName: 
[2026-07-15 10:54:45] GetFirstDevice: Attempt 5, Index 9, MTMICRGetDevice returned 6, DeviceName: 
[2026-07-15 10:54:45] GetFirstDevice: Attempt 5, Index 10, MTMICRGetDevice returned 6, DeviceName: 
[2026-07-15 10:54:45] GetFirstDevice: Attempt 5, Index 11, MTMICRGetDevice returned 6, DeviceName: 
[2026-07-15 10:54:45] GetFirstDevice: Attempt 5, Index 12, MTMICRGetDevice returned 6, DeviceName: 
[2026-07-15 10:54:45] GetFirstDevice: Attempt 5, Index 13, MTMICRGetDevice returned 6, DeviceName: 
[2026-07-15 10:54:45] GetFirstDevice: Attempt 5, Index 14, MTMICRGetDevice returned 6, DeviceName: 
[2026-07-15 10:54:45] GetFirstDevice: Attempt 5, Index 15, MTMICRGetDevice returned 6, DeviceName: 
[2026-07-15 10:54:45] GetFirstDevice: Attempt 5, Index 16, MTMICRGetDevice returned 6, DeviceName: 
[2026-07-15 10:54:45] GetFirstDevice: Attempt 5, Index 17, MTMICRGetDevice returned 6, DeviceName: 
[2026-07-15 10:54:45] GetFirstDevice: Attempt 5, Index 18, MTMICRGetDevice returned 6, DeviceName: 
[2026-07-15 10:54:45] GetFirstDevice: Attempt 5, Index 19, MTMICRGetDevice returned 6, DeviceName: 
[2026-07-15 10:54:45] GetFirstDevice: Attempt 5, Index 20, MTMICRGetDevice returned 6, DeviceName: 
[2026-07-15 10:54:45] GetFirstDevice: No devices found on attempt 5, retrying...
[2026-07-15 10:54:47] GetFirstDevice: No devices found after all retries.
[2026-07-15 10:54:47] GetDeviceStatus: No device found.
[2026-07-15 10:54:47] Dispose: Closing resources
[2026-07-15 10:54:47] Dispose: Closed log file handle
[2026-07-15 10:55:37] SetupLogging: Log file initialized at C:\Users\USG\Downloads\ChequeScannerApp\backend\ScannerApi\bin\Release\net6.0\win-x86\debug.log
[2026-07-15 10:55:37] Constructor: Initial DocType=CHECK
[2026-07-15 10:55:37] GetFirstDevice: Attempt 1, Index 1, MTMICRGetDevice returned 6, DeviceName: 
[2026-07-15 10:55:37] GetFirstDevice: Attempt 1, Index 2, MTMICRGetDevice returned 6, DeviceName: 
[2026-07-15 10:55:37] GetFirstDevice: Attempt 1, Index 3, MTMICRGetDevice returned 6, DeviceName: 
[2026-07-15 10:55:37] GetFirstDevice: Attempt 1, Index 4, MTMICRGetDevice returned 6, DeviceName: 
[2026-07-15 10:55:37] GetFirstDevice: Attempt 1, Index 5, MTMICRGetDevice returned 6, DeviceName: 
[2026-07-15 10:55:37] GetFirstDevice: Attempt 1, Index 6, MTMICRGetDevice returned 6, DeviceName: 
[2026-07-15 10:55:37] GetFirstDevice: Attempt 1, Index 7, MTMICRGetDevice returned 6, DeviceName: 
[2026-07-15 10:55:37] GetFirstDevice: Attempt 1, Index 8, MTMICRGetDevice returned 6, DeviceName: 
[2026-07-15 10:55:37] GetFirstDevice: Attempt 1, Index 9, MTMICRGetDevice returned 6, DeviceName: 
[2026-07-15 10:55:37] GetFirstDevice: Attempt 1, Index 10, MTMICRGetDevice returned 6, DeviceName: 
[2026-07-15 10:55:37] GetFirstDevice: Attempt 1, Index 11, MTMICRGetDevice returned 6, DeviceName: 
[2026-07-15 10:55:37] GetFirstDevice: Attempt 1, Index 12, MTMICRGetDevice returned 6, DeviceName: 
[2026-07-15 10:55:37] GetFirstDevice: Attempt 1, Index 13, MTMICRGetDevice returned 6, DeviceName: 
[2026-07-15 10:55:37] GetFirstDevice: Attempt 1, Index 14, MTMICRGetDevice returned 6, DeviceName: 
[2026-07-15 10:55:37] GetFirstDevice: Attempt 1, Index 15, MTMICRGetDevice returned 6, DeviceName: 
[2026-07-15 10:55:37] GetFirstDevice: Attempt 1, Index 16, MTMICRGetDevice returned 6, DeviceName: 
[2026-07-15 10:55:37] GetFirstDevice: Attempt 1, Index 17, MTMICRGetDevice returned 6, DeviceName: 
[2026-07-15 10:55:37] GetFirstDevice: Attempt 1, Index 18, MTMICRGetDevice returned 6, DeviceName: 
[2026-07-15 10:55:37] GetFirstDevice: Attempt 1, Index 19, MTMICRGetDevice returned 6, DeviceName: 
[2026-07-15 10:55:37] GetFirstDevice: Attempt 1, Index 20, MTMICRGetDevice returned 6, DeviceName: 
[2026-07-15 10:55:37] GetFirstDevice: No devices found on attempt 1, retrying...
[2026-07-15 10:55:39] GetFirstDevice: Attempt 2, Index 1, MTMICRGetDevice returned 6, DeviceName: 
[2026-07-15 10:55:39] GetFirstDevice: Attempt 2, Index 2, MTMICRGetDevice returned 6, DeviceName: 
[2026-07-15 10:55:39] GetFirstDevice: Attempt 2, Index 3, MTMICRGetDevice returned 6, DeviceName: 
[2026-07-15 10:55:39] GetFirstDevice: Attempt 2, Index 4, MTMICRGetDevice returned 6, DeviceName: 
[2026-07-15 10:55:39] GetFirstDevice: Attempt 2, Index 5, MTMICRGetDevice returned 6, DeviceName: 
[2026-07-15 10:55:39] GetFirstDevice: Attempt 2, Index 6, MTMICRGetDevice returned 6, DeviceName: 
[2026-07-15 10:55:39] GetFirstDevice: Attempt 2, Index 7, MTMICRGetDevice returned 6, DeviceName: 
[2026-07-15 10:55:39] GetFirstDevice: Attempt 2, Index 8, MTMICRGetDevice returned 6, DeviceName: 
[2026-07-15 10:55:39] GetFirstDevice: Attempt 2, Index 9, MTMICRGetDevice returned 6, DeviceName: 
[2026-07-15 10:55:39] GetFirstDevice: Attempt 2, Index 10, MTMICRGetDevice returned 6, DeviceName: 
[2026-07-15 10:55:39] GetFirstDevice: Attempt 2, Index 11, MTMICRGetDevice returned 6, DeviceName: 
[2026-07-15 10:55:39] GetFirstDevice: Attempt 2, Index 12, MTMICRGetDevice returned 6, DeviceName: 
[2026-07-15 10:55:39] GetFirstDevice: Attempt 2, Index 13, MTMICRGetDevice returned 6, DeviceName: 
[2026-07-15 10:55:39] GetFirstDevice: Attempt 2, Index 14, MTMICRGetDevice returned 6, DeviceName: 
[2026-07-15 10:55:39] GetFirstDevice: Attempt 2, Index 15, MTMICRGetDevice returned 6, DeviceName: 
[2026-07-15 10:55:39] GetFirstDevice: Attempt 2, Index 16, MTMICRGetDevice returned 6, DeviceName: 
[2026-07-15 10:55:39] GetFirstDevice: Attempt 2, Index 17, MTMICRGetDevice returned 6, DeviceName: 
[2026-07-15 10:55:39] GetFirstDevice: Attempt 2, Index 18, MTMICRGetDevice returned 6, DeviceName: 
[2026-07-15 10:55:39] GetFirstDevice: Attempt 2, Index 19, MTMICRGetDevice returned 6, DeviceName: 
[2026-07-15 10:55:39] GetFirstDevice: Attempt 2, Index 20, MTMICRGetDevice returned 6, DeviceName: 
[2026-07-15 10:55:39] GetFirstDevice: No devices found on attempt 2, retrying...
[2026-07-15 10:55:41] GetFirstDevice: Attempt 3, Index 1, MTMICRGetDevice returned 6, DeviceName: 
[2026-07-15 10:55:41] GetFirstDevice: Attempt 3, Index 2, MTMICRGetDevice returned 6, DeviceName: 
[2026-07-15 10:55:41] GetFirstDevice: Attempt 3, Index 3, MTMICRGetDevice returned 6, DeviceName: 
[2026-07-15 10:55:41] GetFirstDevice: Attempt 3, Index 4, MTMICRGetDevice returned 6, DeviceName: 
[2026-07-15 10:55:41] GetFirstDevice: Attempt 3, Index 5, MTMICRGetDevice returned 6, DeviceName: 
[2026-07-15 10:55:41] GetFirstDevice: Attempt 3, Index 6, MTMICRGetDevice returned 6, DeviceName: 
[2026-07-15 10:55:41] GetFirstDevice: Attempt 3, Index 7, MTMICRGetDevice returned 6, DeviceName: 
[2026-07-15 10:55:41] GetFirstDevice: Attempt 3, Index 8, MTMICRGetDevice returned 6, DeviceName: 
[2026-07-15 10:55:41] GetFirstDevice: Attempt 3, Index 9, MTMICRGetDevice returned 6, DeviceName: 
[2026-07-15 10:55:41] GetFirstDevice: Attempt 3, Index 10, MTMICRGetDevice returned 6, DeviceName: 
[2026-07-15 10:55:41] GetFirstDevice: Attempt 3, Index 11, MTMICRGetDevice returned 6, DeviceName: 
[2026-07-15 10:55:41] GetFirstDevice: Attempt 3, Index 12, MTMICRGetDevice returned 6, DeviceName: 
[2026-07-15 10:55:41] GetFirstDevice: Attempt 3, Index 13, MTMICRGetDevice returned 6, DeviceName: 
[2026-07-15 10:55:41] GetFirstDevice: Attempt 3, Index 14, MTMICRGetDevice returned 6, DeviceName: 
[2026-07-15 10:55:41] GetFirstDevice: Attempt 3, Index 15, MTMICRGetDevice returned 6, DeviceName: 
[2026-07-15 10:55:41] GetFirstDevice: Attempt 3, Index 16, MTMICRGetDevice returned 6, DeviceName: 
[2026-07-15 10:55:41] GetFirstDevice: Attempt 3, Index 17, MTMICRGetDevice returned 6, DeviceName: 
[2026-07-15 10:55:41] GetFirstDevice: Attempt 3, Index 18, MTMICRGetDevice returned 6, DeviceName: 
[2026-07-15 10:55:41] GetFirstDevice: Attempt 3, Index 19, MTMICRGetDevice returned 6, DeviceName: 
[2026-07-15 10:55:41] GetFirstDevice: Attempt 3, Index 20, MTMICRGetDevice returned 6, DeviceName: 
[2026-07-15 10:55:41] GetFirstDevice: No devices found on attempt 3, retrying...
[2026-07-15 10:55:43] GetFirstDevice: Attempt 4, Index 1, MTMICRGetDevice returned 6, DeviceName: 
[2026-07-15 10:55:43] GetFirstDevice: Attempt 4, Index 2, MTMICRGetDevice returned 6, DeviceName: 
[2026-07-15 10:55:43] GetFirstDevice: Attempt 4, Index 3, MTMICRGetDevice returned 6, DeviceName: 
[2026-07-15 10:55:43] GetFirstDevice: Attempt 4, Index 4, MTMICRGetDevice returned 6, DeviceName: 
[2026-07-15 10:55:43] GetFirstDevice: Attempt 4, Index 5, MTMICRGetDevice returned 6, DeviceName: 
[2026-07-15 10:55:43] GetFirstDevice: Attempt 4, Index 6, MTMICRGetDevice returned 6, DeviceName: 
[2026-07-15 10:55:43] GetFirstDevice: Attempt 4, Index 7, MTMICRGetDevice returned 6, DeviceName: 
[2026-07-15 10:55:43] GetFirstDevice: Attempt 4, Index 8, MTMICRGetDevice returned 6, DeviceName: 
[2026-07-15 10:55:43] GetFirstDevice: Attempt 4, Index 9, MTMICRGetDevice returned 6, DeviceName: 
[2026-07-15 10:55:43] GetFirstDevice: Attempt 4, Index 10, MTMICRGetDevice returned 6, DeviceName: 
[2026-07-15 10:55:43] GetFirstDevice: Attempt 4, Index 11, MTMICRGetDevice returned 6, DeviceName: 
[2026-07-15 10:55:43] GetFirstDevice: Attempt 4, Index 12, MTMICRGetDevice returned 6, DeviceName: 
[2026-07-15 10:55:43] GetFirstDevice: Attempt 4, Index 13, MTMICRGetDevice returned 6, DeviceName: 
[2026-07-15 10:55:43] GetFirstDevice: Attempt 4, Index 14, MTMICRGetDevice returned 6, DeviceName: 
[2026-07-15 10:55:43] GetFirstDevice: Attempt 4, Index 15, MTMICRGetDevice returned 6, DeviceName: 
[2026-07-15 10:55:43] GetFirstDevice: Attempt 4, Index 16, MTMICRGetDevice returned 6, DeviceName: 
[2026-07-15 10:55:43] GetFirstDevice: Attempt 4, Index 17, MTMICRGetDevice returned 6, DeviceName: 
[2026-07-15 10:55:43] GetFirstDevice: Attempt 4, Index 18, MTMICRGetDevice returned 6, DeviceName: 
[2026-07-15 10:55:43] GetFirstDevice: Attempt 4, Index 19, MTMICRGetDevice returned 6, DeviceName: 
[2026-07-15 10:55:43] GetFirstDevice: Attempt 4, Index 20, MTMICRGetDevice returned 6, DeviceName: 
[2026-07-15 10:55:43] GetFirstDevice: No devices found on attempt 4, retrying...
[2026-07-15 10:55:45] GetFirstDevice: Attempt 5, Index 1, MTMICRGetDevice returned 6, DeviceName: 
[2026-07-15 10:55:45] GetFirstDevice: Attempt 5, Index 2, MTMICRGetDevice returned 6, DeviceName: 
[2026-07-15 10:55:45] GetFirstDevice: Attempt 5, Index 3, MTMICRGetDevice returned 6, DeviceName: 
[2026-07-15 10:55:45] GetFirstDevice: Attempt 5, Index 4, MTMICRGetDevice returned 6, DeviceName: 
[2026-07-15 10:55:45] GetFirstDevice: Attempt 5, Index 5, MTMICRGetDevice returned 6, DeviceName: 
[2026-07-15 10:55:45] GetFirstDevice: Attempt 5, Index 6, MTMICRGetDevice returned 6, DeviceName: 
[2026-07-15 10:55:45] GetFirstDevice: Attempt 5, Index 7, MTMICRGetDevice returned 6, DeviceName: 
[2026-07-15 10:55:45] GetFirstDevice: Attempt 5, Index 8, MTMICRGetDevice returned 6, DeviceName: 
[2026-07-15 10:55:45] GetFirstDevice: Attempt 5, Index 9, MTMICRGetDevice returned 6, DeviceName: 
[2026-07-15 10:55:45] GetFirstDevice: Attempt 5, Index 10, MTMICRGetDevice returned 6, DeviceName: 
[2026-07-15 10:55:45] GetFirstDevice: Attempt 5, Index 11, MTMICRGetDevice returned 6, DeviceName: 
[2026-07-15 10:55:45] GetFirstDevice: Attempt 5, Index 12, MTMICRGetDevice returned 6, DeviceName: 
[2026-07-15 10:55:45] GetFirstDevice: Attempt 5, Index 13, MTMICRGetDevice returned 6, DeviceName: 
[2026-07-15 10:55:45] GetFirstDevice: Attempt 5, Index 14, MTMICRGetDevice returned 6, DeviceName: 
[2026-07-15 10:55:45] GetFirstDevice: Attempt 5, Index 15, MTMICRGetDevice returned 6, DeviceName: 
[2026-07-15 10:55:45] GetFirstDevice: Attempt 5, Index 16, MTMICRGetDevice returned 6, DeviceName: 
[2026-07-15 10:55:45] GetFirstDevice: Attempt 5, Index 17, MTMICRGetDevice returned 6, DeviceName: 
[2026-07-15 10:55:45] GetFirstDevice: Attempt 5, Index 18, MTMICRGetDevice returned 6, DeviceName: 
[2026-07-15 10:55:45] GetFirstDevice: Attempt 5, Index 19, MTMICRGetDevice returned 6, DeviceName: 
[2026-07-15 10:55:45] GetFirstDevice: Attempt 5, Index 20, MTMICRGetDevice returned 6, DeviceName: 
[2026-07-15 10:55:45] GetFirstDevice: No devices found on attempt 5, retrying...
[2026-07-15 10:55:47] GetFirstDevice: No devices found after all retries.
[2026-07-15 10:55:47] GetDeviceStatus: No device found.
[2026-07-15 10:55:47] Dispose: Closing resources
[2026-07-15 10:55:47] Dispose: Closed log file handle
[2026-07-15 10:56:37] SetupLogging: Log file initialized at C:\Users\USG\Downloads\ChequeScannerApp\backend\ScannerApi\bin\Release\net6.0\win-x86\debug.log
[2026-07-15 10:56:37] Constructor: Initial DocType=CHECK
[2026-07-15 10:56:37] GetFirstDevice: Attempt 1, Index 1, MTMICRGetDevice returned 6, DeviceName: 
[2026-07-15 10:56:37] GetFirstDevice: Attempt 1, Index 2, MTMICRGetDevice returned 6, DeviceName: 
[2026-07-15 10:56:37] GetFirstDevice: Attempt 1, Index 3, MTMICRGetDevice returned 6, DeviceName: 
[2026-07-15 10:56:37] GetFirstDevice: Attempt 1, Index 4, MTMICRGetDevice returned 6, DeviceName: 
[2026-07-15 10:56:37] GetFirstDevice: Attempt 1, Index 5, MTMICRGetDevice returned 6, DeviceName: 
[2026-07-15 10:56:37] GetFirstDevice: Attempt 1, Index 6, MTMICRGetDevice returned 6, DeviceName: 
[2026-07-15 10:56:37] GetFirstDevice: Attempt 1, Index 7, MTMICRGetDevice returned 6, DeviceName: 
[2026-07-15 10:56:37] GetFirstDevice: Attempt 1, Index 8, MTMICRGetDevice returned 6, DeviceName: 
[2026-07-15 10:56:37] GetFirstDevice: Attempt 1, Index 9, MTMICRGetDevice returned 6, DeviceName: 
[2026-07-15 10:56:37] GetFirstDevice: Attempt 1, Index 10, MTMICRGetDevice returned 6, DeviceName: 
[2026-07-15 10:56:37] GetFirstDevice: Attempt 1, Index 11, MTMICRGetDevice returned 6, DeviceName: 
[2026-07-15 10:56:37] GetFirstDevice: Attempt 1, Index 12, MTMICRGetDevice returned 6, DeviceName: 
[2026-07-15 10:56:37] GetFirstDevice: Attempt 1, Index 13, MTMICRGetDevice returned 6, DeviceName: 
[2026-07-15 10:56:37] GetFirstDevice: Attempt 1, Index 14, MTMICRGetDevice returned 6, DeviceName: 
[2026-07-15 10:56:37] GetFirstDevice: Attempt 1, Index 15, MTMICRGetDevice returned 6, DeviceName: 
[2026-07-15 10:56:37] GetFirstDevice: Attempt 1, Index 16, MTMICRGetDevice returned 6, DeviceName: 
[2026-07-15 10:56:37] GetFirstDevice: Attempt 1, Index 17, MTMICRGetDevice returned 6, DeviceName: 
[2026-07-15 10:56:37] GetFirstDevice: Attempt 1, Index 18, MTMICRGetDevice returned 6, DeviceName: 
[2026-07-15 10:56:37] GetFirstDevice: Attempt 1, Index 19, MTMICRGetDevice returned 6, DeviceName: 
[2026-07-15 10:56:37] GetFirstDevice: Attempt 1, Index 20, MTMICRGetDevice returned 6, DeviceName: 
[2026-07-15 10:56:37] GetFirstDevice: No devices found on attempt 1, retrying...
[2026-07-15 10:56:39] GetFirstDevice: Attempt 2, Index 1, MTMICRGetDevice returned 6, DeviceName: 
[2026-07-15 10:56:39] GetFirstDevice: Attempt 2, Index 2, MTMICRGetDevice returned 6, DeviceName: 
[2026-07-15 10:56:39] GetFirstDevice: Attempt 2, Index 3, MTMICRGetDevice returned 6, DeviceName: 
[2026-07-15 10:56:39] GetFirstDevice: Attempt 2, Index 4, MTMICRGetDevice returned 6, DeviceName: 
[2026-07-15 10:56:39] GetFirstDevice: Attempt 2, Index 5, MTMICRGetDevice returned 6, DeviceName: 
[2026-07-15 10:56:39] GetFirstDevice: Attempt 2, Index 6, MTMICRGetDevice returned 6, DeviceName: 
[2026-07-15 10:56:39] GetFirstDevice: Attempt 2, Index 7, MTMICRGetDevice returned 6, DeviceName: 
[2026-07-15 10:56:39] GetFirstDevice: Attempt 2, Index 8, MTMICRGetDevice returned 6, DeviceName: 
[2026-07-15 10:56:39] GetFirstDevice: Attempt 2, Index 9, MTMICRGetDevice returned 6, DeviceName: 
[2026-07-15 10:56:39] GetFirstDevice: Attempt 2, Index 10, MTMICRGetDevice returned 6, DeviceName: 
[2026-07-15 10:56:39] GetFirstDevice: Attempt 2, Index 11, MTMICRGetDevice returned 6, DeviceName: 
[2026-07-15 10:56:39] GetFirstDevice: Attempt 2, Index 12, MTMICRGetDevice returned 6, DeviceName: 
[2026-07-15 10:56:39] GetFirstDevice: Attempt 2, Index 13, MTMICRGetDevice returned 6, DeviceName: 
[2026-07-15 10:56:39] GetFirstDevice: Attempt 2, Index 14, MTMICRGetDevice returned 6, DeviceName: 
[2026-07-15 10:56:39] GetFirstDevice: Attempt 2, Index 15, MTMICRGetDevice returned 6, DeviceName: 
[2026-07-15 10:56:39] GetFirstDevice: Attempt 2, Index 16, MTMICRGetDevice returned 6, DeviceName: 
[2026-07-15 10:56:39] GetFirstDevice: Attempt 2, Index 17, MTMICRGetDevice returned 6, DeviceName: 
[2026-07-15 10:56:39] GetFirstDevice: Attempt 2, Index 18, MTMICRGetDevice returned 6, DeviceName: 
[2026-07-15 10:56:39] GetFirstDevice: Attempt 2, Index 19, MTMICRGetDevice returned 6, DeviceName: 
[2026-07-15 10:56:39] GetFirstDevice: Attempt 2, Index 20, MTMICRGetDevice returned 6, DeviceName: 
[2026-07-15 10:56:39] GetFirstDevice: No devices found on attempt 2, retrying...
[2026-07-15 10:56:41] GetFirstDevice: Attempt 3, Index 1, MTMICRGetDevice returned 6, DeviceName: 
[2026-07-15 10:56:41] GetFirstDevice: Attempt 3, Index 2, MTMICRGetDevice returned 6, DeviceName: 
[2026-07-15 10:56:41] GetFirstDevice: Attempt 3, Index 3, MTMICRGetDevice returned 6, DeviceName: 
[2026-07-15 10:56:41] GetFirstDevice: Attempt 3, Index 4, MTMICRGetDevice returned 6, DeviceName: 
[2026-07-15 10:56:41] GetFirstDevice: Attempt 3, Index 5, MTMICRGetDevice returned 6, DeviceName: 
[2026-07-15 10:56:41] GetFirstDevice: Attempt 3, Index 6, MTMICRGetDevice returned 6, DeviceName: 
[2026-07-15 10:56:41] GetFirstDevice: Attempt 3, Index 7, MTMICRGetDevice returned 6, DeviceName: 
[2026-07-15 10:56:41] GetFirstDevice: Attempt 3, Index 8, MTMICRGetDevice returned 6, DeviceName: 
[2026-07-15 10:56:41] GetFirstDevice: Attempt 3, Index 9, MTMICRGetDevice returned 6, DeviceName: 
[2026-07-15 10:56:41] GetFirstDevice: Attempt 3, Index 10, MTMICRGetDevice returned 6, DeviceName: 
[2026-07-15 10:56:41] GetFirstDevice: Attempt 3, Index 11, MTMICRGetDevice returned 6, DeviceName: 
[2026-07-15 10:56:41] GetFirstDevice: Attempt 3, Index 12, MTMICRGetDevice returned 6, DeviceName: 
[2026-07-15 10:56:41] GetFirstDevice: Attempt 3, Index 13, MTMICRGetDevice returned 6, DeviceName: 
[2026-07-15 10:56:41] GetFirstDevice: Attempt 3, Index 14, MTMICRGetDevice returned 6, DeviceName: 
[2026-07-15 10:56:41] GetFirstDevice: Attempt 3, Index 15, MTMICRGetDevice returned 6, DeviceName: 
[2026-07-15 10:56:41] GetFirstDevice: Attempt 3, Index 16, MTMICRGetDevice returned 6, DeviceName: 
[2026-07-15 10:56:41] GetFirstDevice: Attempt 3, Index 17, MTMICRGetDevice returned 6, DeviceName: 
[2026-07-15 10:56:41] GetFirstDevice: Attempt 3, Index 18, MTMICRGetDevice returned 6, DeviceName: 
[2026-07-15 10:56:41] GetFirstDevice: Attempt 3, Index 19, MTMICRGetDevice returned 6, DeviceName: 
[2026-07-15 10:56:41] GetFirstDevice: Attempt 3, Index 20, MTMICRGetDevice returned 6, DeviceName: 
[2026-07-15 10:56:41] GetFirstDevice: No devices found on attempt 3, retrying...
[2026-07-15 10:56:43] GetFirstDevice: Attempt 4, Index 1, MTMICRGetDevice returned 6, DeviceName: 
[2026-07-15 10:56:43] GetFirstDevice: Attempt 4, Index 2, MTMICRGetDevice returned 6, DeviceName: 
[2026-07-15 10:56:43] GetFirstDevice: Attempt 4, Index 3, MTMICRGetDevice returned 6, DeviceName: 
[2026-07-15 10:56:43] GetFirstDevice: Attempt 4, Index 4, MTMICRGetDevice returned 6, DeviceName: 
[2026-07-15 10:56:43] GetFirstDevice: Attempt 4, Index 5, MTMICRGetDevice returned 6, DeviceName: 
[2026-07-15 10:56:43] GetFirstDevice: Attempt 4, Index 6, MTMICRGetDevice returned 6, DeviceName: 
[2026-07-15 10:56:43] GetFirstDevice: Attempt 4, Index 7, MTMICRGetDevice returned 6, DeviceName: 
[2026-07-15 10:56:43] GetFirstDevice: Attempt 4, Index 8, MTMICRGetDevice returned 6, DeviceName: 
[2026-07-15 10:56:43] GetFirstDevice: Attempt 4, Index 9, MTMICRGetDevice returned 6, DeviceName: 
[2026-07-15 10:56:43] GetFirstDevice: Attempt 4, Index 10, MTMICRGetDevice returned 6, DeviceName: 
[2026-07-15 10:56:43] GetFirstDevice: Attempt 4, Index 11, MTMICRGetDevice returned 6, DeviceName: 
[2026-07-15 10:56:43] GetFirstDevice: Attempt 4, Index 12, MTMICRGetDevice returned 6, DeviceName: 
[2026-07-15 10:56:43] GetFirstDevice: Attempt 4, Index 13, MTMICRGetDevice returned 6, DeviceName: 
[2026-07-15 10:56:43] GetFirstDevice: Attempt 4, Index 14, MTMICRGetDevice returned 6, DeviceName: 
[2026-07-15 10:56:43] GetFirstDevice: Attempt 4, Index 15, MTMICRGetDevice returned 6, DeviceName: 
[2026-07-15 10:56:43] GetFirstDevice: Attempt 4, Index 16, MTMICRGetDevice returned 6, DeviceName: 
[2026-07-15 10:56:43] GetFirstDevice: Attempt 4, Index 17, MTMICRGetDevice returned 6, DeviceName: 
[2026-07-15 10:56:43] GetFirstDevice: Attempt 4, Index 18, MTMICRGetDevice returned 6, DeviceName: 
[2026-07-15 10:56:43] GetFirstDevice: Attempt 4, Index 19, MTMICRGetDevice returned 6, DeviceName: 
[2026-07-15 10:56:43] GetFirstDevice: Attempt 4, Index 20, MTMICRGetDevice returned 6, DeviceName: 
[2026-07-15 10:56:43] GetFirstDevice: No devices found on attempt 4, retrying...
[2026-07-15 10:56:45] GetFirstDevice: Attempt 5, Index 1, MTMICRGetDevice returned 6, DeviceName: 
[2026-07-15 10:56:45] GetFirstDevice: Attempt 5, Index 2, MTMICRGetDevice returned 6, DeviceName: 
[2026-07-15 10:56:45] GetFirstDevice: Attempt 5, Index 3, MTMICRGetDevice returned 6, DeviceName: 
[2026-07-15 10:56:45] GetFirstDevice: Attempt 5, Index 4, MTMICRGetDevice returned 6, DeviceName: 
[2026-07-15 10:56:45] GetFirstDevice: Attempt 5, Index 5, MTMICRGetDevice returned 6, DeviceName: 
[2026-07-15 10:56:45] GetFirstDevice: Attempt 5, Index 6, MTMICRGetDevice returned 6, DeviceName: 
[2026-07-15 10:56:45] GetFirstDevice: Attempt 5, Index 7, MTMICRGetDevice returned 6, DeviceName: 
[2026-07-15 10:56:45] GetFirstDevice: Attempt 5, Index 8, MTMICRGetDevice returned 6, DeviceName: 
[2026-07-15 10:56:45] GetFirstDevice: Attempt 5, Index 9, MTMICRGetDevice returned 6, DeviceName: 
[2026-07-15 10:56:45] GetFirstDevice: Attempt 5, Index 10, MTMICRGetDevice returned 6, DeviceName: 
[2026-07-15 10:56:45] GetFirstDevice: Attempt 5, Index 11, MTMICRGetDevice returned 6, DeviceName: 
[2026-07-15 10:56:45] GetFirstDevice: Attempt 5, Index 12, MTMICRGetDevice returned 6, DeviceName: 
[2026-07-15 10:56:45] GetFirstDevice: Attempt 5, Index 13, MTMICRGetDevice returned 6, DeviceName: 
[2026-07-15 10:56:45] GetFirstDevice: Attempt 5, Index 14, MTMICRGetDevice returned 6, DeviceName: 
[2026-07-15 10:56:45] GetFirstDevice: Attempt 5, Index 15, MTMICRGetDevice returned 6, DeviceName: 
[2026-07-15 10:56:45] GetFirstDevice: Attempt 5, Index 16, MTMICRGetDevice returned 6, DeviceName: 
[2026-07-15 10:56:45] GetFirstDevice: Attempt 5, Index 17, MTMICRGetDevice returned 6, DeviceName: 
[2026-07-15 10:56:45] GetFirstDevice: Attempt 5, Index 18, MTMICRGetDevice returned 6, DeviceName: 
[2026-07-15 10:56:45] GetFirstDevice: Attempt 5, Index 19, MTMICRGetDevice returned 6, DeviceName: 
[2026-07-15 10:56:45] GetFirstDevice: Attempt 5, Index 20, MTMICRGetDevice returned 6, DeviceName: 
[2026-07-15 10:56:45] GetFirstDevice: No devices found on attempt 5, retrying...
[2026-07-15 10:56:47] GetFirstDevice: No devices found after all retries.
[2026-07-15 10:56:47] GetDeviceStatus: No device found.
[2026-07-15 10:56:47] Dispose: Closing resources
[2026-07-15 10:56:47] Dispose: Closed log file handle
[2026-07-15 10:56:54] SetupLogging: Log file initialized at C:\Users\USG\Downloads\ChequeScannerApp\backend\ScannerApi\bin\Release\net6.0\win-x86\debug.log
[2026-07-15 10:56:54] Constructor: Initial DocType=CHECK
[2026-07-15 10:56:54] GetFirstDevice: Attempt 1, Index 1, MTMICRGetDevice returned 6, DeviceName: 
[2026-07-15 10:56:54] GetFirstDevice: Attempt 1, Index 2, MTMICRGetDevice returned 6, DeviceName: 
[2026-07-15 10:56:54] GetFirstDevice: Attempt 1, Index 3, MTMICRGetDevice returned 6, DeviceName: 
[2026-07-15 10:56:54] GetFirstDevice: Attempt 1, Index 4, MTMICRGetDevice returned 6, DeviceName: 
[2026-07-15 10:56:54] GetFirstDevice: Attempt 1, Index 5, MTMICRGetDevice returned 6, DeviceName: 
[2026-07-15 10:56:54] GetFirstDevice: Attempt 1, Index 6, MTMICRGetDevice returned 6, DeviceName: 
[2026-07-15 10:56:54] GetFirstDevice: Attempt 1, Index 7, MTMICRGetDevice returned 6, DeviceName: 
[2026-07-15 10:56:54] GetFirstDevice: Attempt 1, Index 8, MTMICRGetDevice returned 6, DeviceName: 
[2026-07-15 10:56:54] GetFirstDevice: Attempt 1, Index 9, MTMICRGetDevice returned 6, DeviceName: 
[2026-07-15 10:56:54] GetFirstDevice: Attempt 1, Index 10, MTMICRGetDevice returned 6, DeviceName: 
[2026-07-15 10:56:54] GetFirstDevice: Attempt 1, Index 11, MTMICRGetDevice returned 6, DeviceName: 
[2026-07-15 10:56:54] GetFirstDevice: Attempt 1, Index 12, MTMICRGetDevice returned 6, DeviceName: 
[2026-07-15 10:56:54] GetFirstDevice: Attempt 1, Index 13, MTMICRGetDevice returned 6, DeviceName: 
[2026-07-15 10:56:54] GetFirstDevice: Attempt 1, Index 14, MTMICRGetDevice returned 6, DeviceName: 
[2026-07-15 10:56:54] GetFirstDevice: Attempt 1, Index 15, MTMICRGetDevice returned 6, DeviceName: 
[2026-07-15 10:56:54] GetFirstDevice: Attempt 1, Index 16, MTMICRGetDevice returned 6, DeviceName: 
[2026-07-15 10:56:54] GetFirstDevice: Attempt 1, Index 17, MTMICRGetDevice returned 6, DeviceName: 
[2026-07-15 10:56:54] GetFirstDevice: Attempt 1, Index 18, MTMICRGetDevice returned 6, DeviceName: 
[2026-07-15 10:56:54] GetFirstDevice: Attempt 1, Index 19, MTMICRGetDevice returned 6, DeviceName: 
[2026-07-15 10:56:54] GetFirstDevice: Attempt 1, Index 20, MTMICRGetDevice returned 6, DeviceName: 
[2026-07-15 10:56:54] GetFirstDevice: No devices found on attempt 1, retrying...
[2026-07-15 10:56:56] GetFirstDevice: Attempt 2, Index 1, MTMICRGetDevice returned 6, DeviceName: 
[2026-07-15 10:56:56] GetFirstDevice: Attempt 2, Index 2, MTMICRGetDevice returned 6, DeviceName: 
[2026-07-15 10:56:56] GetFirstDevice: Attempt 2, Index 3, MTMICRGetDevice returned 6, DeviceName: 
[2026-07-15 10:56:56] GetFirstDevice: Attempt 2, Index 4, MTMICRGetDevice returned 6, DeviceName: 
[2026-07-15 10:56:56] GetFirstDevice: Attempt 2, Index 5, MTMICRGetDevice returned 6, DeviceName: 
[2026-07-15 10:56:56] GetFirstDevice: Attempt 2, Index 6, MTMICRGetDevice returned 6, DeviceName: 
[2026-07-15 10:56:56] GetFirstDevice: Attempt 2, Index 7, MTMICRGetDevice returned 6, DeviceName: 
[2026-07-15 10:56:56] GetFirstDevice: Attempt 2, Index 8, MTMICRGetDevice returned 6, DeviceName: 
[2026-07-15 10:56:56] GetFirstDevice: Attempt 2, Index 9, MTMICRGetDevice returned 6, DeviceName: 
[2026-07-15 10:56:56] GetFirstDevice: Attempt 2, Index 10, MTMICRGetDevice returned 6, DeviceName: 
[2026-07-15 10:56:56] GetFirstDevice: Attempt 2, Index 11, MTMICRGetDevice returned 6, DeviceName: 
[2026-07-15 10:56:56] GetFirstDevice: Attempt 2, Index 12, MTMICRGetDevice returned 6, DeviceName: 
[2026-07-15 10:56:56] GetFirstDevice: Attempt 2, Index 13, MTMICRGetDevice returned 6, DeviceName: 
[2026-07-15 10:56:56] GetFirstDevice: Attempt 2, Index 14, MTMICRGetDevice returned 6, DeviceName: 
[2026-07-15 10:56:56] GetFirstDevice: Attempt 2, Index 15, MTMICRGetDevice returned 6, DeviceName: 
[2026-07-15 10:56:56] GetFirstDevice: Attempt 2, Index 16, MTMICRGetDevice returned 6, DeviceName: 
[2026-07-15 10:56:56] GetFirstDevice: Attempt 2, Index 17, MTMICRGetDevice returned 6, DeviceName: 
[2026-07-15 10:56:56] GetFirstDevice: Attempt 2, Index 18, MTMICRGetDevice returned 6, DeviceName: 
[2026-07-15 10:56:56] GetFirstDevice: Attempt 2, Index 19, MTMICRGetDevice returned 6, DeviceName: 
[2026-07-15 10:56:56] GetFirstDevice: Attempt 2, Index 20, MTMICRGetDevice returned 6, DeviceName: 
[2026-07-15 10:56:56] GetFirstDevice: No devices found on attempt 2, retrying...
[2026-07-15 10:56:58] GetFirstDevice: Attempt 3, Index 1, MTMICRGetDevice returned 6, DeviceName: 
[2026-07-15 10:56:58] GetFirstDevice: Attempt 3, Index 2, MTMICRGetDevice returned 6, DeviceName: 
[2026-07-15 10:56:58] GetFirstDevice: Attempt 3, Index 3, MTMICRGetDevice returned 6, DeviceName: 
[2026-07-15 10:56:58] GetFirstDevice: Attempt 3, Index 4, MTMICRGetDevice returned 6, DeviceName: 
[2026-07-15 10:56:58] GetFirstDevice: Attempt 3, Index 5, MTMICRGetDevice returned 6, DeviceName: 
[2026-07-15 10:56:58] GetFirstDevice: Attempt 3, Index 6, MTMICRGetDevice returned 6, DeviceName: 
[2026-07-15 10:56:58] GetFirstDevice: Attempt 3, Index 7, MTMICRGetDevice returned 6, DeviceName: 
[2026-07-15 10:56:58] GetFirstDevice: Attempt 3, Index 8, MTMICRGetDevice returned 6, DeviceName: 
[2026-07-15 10:56:58] GetFirstDevice: Attempt 3, Index 9, MTMICRGetDevice returned 6, DeviceName: 
[2026-07-15 10:56:58] GetFirstDevice: Attempt 3, Index 10, MTMICRGetDevice returned 6, DeviceName: 
[2026-07-15 10:56:58] GetFirstDevice: Attempt 3, Index 11, MTMICRGetDevice returned 6, DeviceName: 
[2026-07-15 10:56:58] GetFirstDevice: Attempt 3, Index 12, MTMICRGetDevice returned 6, DeviceName: 
[2026-07-15 10:56:58] GetFirstDevice: Attempt 3, Index 13, MTMICRGetDevice returned 6, DeviceName: 
[2026-07-15 10:56:58] GetFirstDevice: Attempt 3, Index 14, MTMICRGetDevice returned 6, DeviceName: 
[2026-07-15 10:56:58] GetFirstDevice: Attempt 3, Index 15, MTMICRGetDevice returned 6, DeviceName: 
[2026-07-15 10:56:58] GetFirstDevice: Attempt 3, Index 16, MTMICRGetDevice returned 6, DeviceName: 
[2026-07-15 10:56:58] GetFirstDevice: Attempt 3, Index 17, MTMICRGetDevice returned 6, DeviceName: 
[2026-07-15 10:56:58] GetFirstDevice: Attempt 3, Index 18, MTMICRGetDevice returned 6, DeviceName: 
[2026-07-15 10:56:58] GetFirstDevice: Attempt 3, Index 19, MTMICRGetDevice returned 6, DeviceName: 
[2026-07-15 10:56:58] GetFirstDevice: Attempt 3, Index 20, MTMICRGetDevice returned 6, DeviceName: 
[2026-07-15 10:56:58] GetFirstDevice: No devices found on attempt 3, retrying...
[2026-07-15 10:57:00] GetFirstDevice: Attempt 4, Index 1, MTMICRGetDevice returned 6, DeviceName: 
[2026-07-15 10:57:00] GetFirstDevice: Attempt 4, Index 2, MTMICRGetDevice returned 6, DeviceName: 
[2026-07-15 10:57:00] GetFirstDevice: Attempt 4, Index 3, MTMICRGetDevice returned 6, DeviceName: 
[2026-07-15 10:57:00] GetFirstDevice: Attempt 4, Index 4, MTMICRGetDevice returned 6, DeviceName: 
[2026-07-15 10:57:00] GetFirstDevice: Attempt 4, Index 5, MTMICRGetDevice returned 6, DeviceName: 
[2026-07-15 10:57:00] GetFirstDevice: Attempt 4, Index 6, MTMICRGetDevice returned 6, DeviceName: 
[2026-07-15 10:57:00] GetFirstDevice: Attempt 4, Index 7, MTMICRGetDevice returned 6, DeviceName: 
[2026-07-15 10:57:00] GetFirstDevice: Attempt 4, Index 8, MTMICRGetDevice returned 6, DeviceName: 
[2026-07-15 10:57:00] GetFirstDevice: Attempt 4, Index 9, MTMICRGetDevice returned 6, DeviceName: 
[2026-07-15 10:57:00] GetFirstDevice: Attempt 4, Index 10, MTMICRGetDevice returned 6, DeviceName: 
[2026-07-15 10:57:00] GetFirstDevice: Attempt 4, Index 11, MTMICRGetDevice returned 6, DeviceName: 
[2026-07-15 10:57:00] GetFirstDevice: Attempt 4, Index 12, MTMICRGetDevice returned 6, DeviceName: 
[2026-07-15 10:57:00] GetFirstDevice: Attempt 4, Index 13, MTMICRGetDevice returned 6, DeviceName: 
[2026-07-15 10:57:00] GetFirstDevice: Attempt 4, Index 14, MTMICRGetDevice returned 6, DeviceName: 
[2026-07-15 10:57:00] GetFirstDevice: Attempt 4, Index 15, MTMICRGetDevice returned 6, DeviceName: 
[2026-07-15 10:57:00] GetFirstDevice: Attempt 4, Index 16, MTMICRGetDevice returned 6, DeviceName: 
[2026-07-15 10:57:00] GetFirstDevice: Attempt 4, Index 17, MTMICRGetDevice returned 6, DeviceName: 
[2026-07-15 10:57:00] GetFirstDevice: Attempt 4, Index 18, MTMICRGetDevice returned 6, DeviceName: 
[2026-07-15 10:57:00] GetFirstDevice: Attempt 4, Index 19, MTMICRGetDevice returned 6, DeviceName: 
[2026-07-15 10:57:00] GetFirstDevice: Attempt 4, Index 20, MTMICRGetDevice returned 6, DeviceName: 
[2026-07-15 10:57:00] GetFirstDevice: No devices found on attempt 4, retrying...
[2026-07-15 10:57:02] GetFirstDevice: Attempt 5, Index 1, MTMICRGetDevice returned 6, DeviceName: 
[2026-07-15 10:57:02] GetFirstDevice: Attempt 5, Index 2, MTMICRGetDevice returned 6, DeviceName: 
[2026-07-15 10:57:02] GetFirstDevice: Attempt 5, Index 3, MTMICRGetDevice returned 6, DeviceName: 
[2026-07-15 10:57:02] GetFirstDevice: Attempt 5, Index 4, MTMICRGetDevice returned 6, DeviceName: 
[2026-07-15 10:57:02] GetFirstDevice: Attempt 5, Index 5, MTMICRGetDevice returned 6, DeviceName: 
[2026-07-15 10:57:02] GetFirstDevice: Attempt 5, Index 6, MTMICRGetDevice returned 6, DeviceName: 
[2026-07-15 10:57:02] GetFirstDevice: Attempt 5, Index 7, MTMICRGetDevice returned 6, DeviceName: 
[2026-07-15 10:57:02] GetFirstDevice: Attempt 5, Index 8, MTMICRGetDevice returned 6, DeviceName: 
[2026-07-15 10:57:02] GetFirstDevice: Attempt 5, Index 9, MTMICRGetDevice returned 6, DeviceName: 
[2026-07-15 10:57:02] GetFirstDevice: Attempt 5, Index 10, MTMICRGetDevice returned 6, DeviceName: 
[2026-07-15 10:57:02] GetFirstDevice: Attempt 5, Index 11, MTMICRGetDevice returned 6, DeviceName: 
[2026-07-15 10:57:02] GetFirstDevice: Attempt 5, Index 12, MTMICRGetDevice returned 6, DeviceName: 
[2026-07-15 10:57:02] GetFirstDevice: Attempt 5, Index 13, MTMICRGetDevice returned 6, DeviceName: 
[2026-07-15 10:57:02] GetFirstDevice: Attempt 5, Index 14, MTMICRGetDevice returned 6, DeviceName: 
[2026-07-15 10:57:02] GetFirstDevice: Attempt 5, Index 15, MTMICRGetDevice returned 6, DeviceName: 
[2026-07-15 10:57:02] GetFirstDevice: Attempt 5, Index 16, MTMICRGetDevice returned 6, DeviceName: 
[2026-07-15 10:57:02] GetFirstDevice: Attempt 5, Index 17, MTMICRGetDevice returned 6, DeviceName: 
[2026-07-15 10:57:02] GetFirstDevice: Attempt 5, Index 18, MTMICRGetDevice returned 6, DeviceName: 
[2026-07-15 10:57:02] GetFirstDevice: Attempt 5, Index 19, MTMICRGetDevice returned 6, DeviceName: 
[2026-07-15 10:57:02] GetFirstDevice: Attempt 5, Index 20, MTMICRGetDevice returned 6, DeviceName: 
[2026-07-15 10:57:02] GetFirstDevice: No devices found on attempt 5, retrying...
[2026-07-15 10:57:04] GetFirstDevice: No devices found after all retries.
[2026-07-15 10:57:04] GetDeviceStatus: No device found.
[2026-07-15 10:57:04] Dispose: Closing resources
[2026-07-15 10:57:04] Dispose: Closed log file handle
etDevice returned 6, DeviceName: 
[2026-07-15 10:57:01] GetDeviceList: Attempt 3, Index 2, MTMICRGetDevice returned 6, DeviceName: 
[2026-07-15 10:57:01] GetDeviceList: Attempt 3, Index 3, MTMICRGetDevice returned 6, DeviceName: 
[2026-07-15 10:57:01] GetDeviceList: Attempt 3, Index 4, MTMICRGetDevice returned 6, DeviceName: 
[2026-07-15 10:57:01] GetDeviceList: Attempt 3, Index 5, MTMICRGetDevice returned 6, DeviceName: 
[2026-07-15 10:57:01] GetDeviceList: Attempt 3, Index 6, MTMICRGetDevice returned 6, DeviceName: 
[2026-07-15 10:57:01] GetDeviceList: Attempt 3, Index 7, MTMICRGetDevice returned 6, DeviceName: 
[2026-07-15 10:57:01] GetDeviceList: Attempt 3, Index 8, MTMICRGetDevice returned 6, DeviceName: 
[2026-07-15 10:57:01] GetDeviceList: Attempt 3, Index 9, MTMICRGetDevice returned 6, DeviceName: 
[2026-07-15 10:57:01] GetDeviceList: Attempt 3, Index 10, MTMICRGetDevice returned 6, DeviceName: 
[2026-07-15 10:57:01] GetDeviceList: Attempt 3, Index 11, MTMICRGetDevice returned 6, DeviceName: 
[2026-07-15 10:57:01] GetDeviceList: Attempt 3, Index 12, MTMICRGetDevice returned 6, DeviceName: 
[2026-07-15 10:57:01] GetDeviceList: Attempt 3, Index 13, MTMICRGetDevice returned 6, DeviceName: 
[2026-07-15 10:57:01] GetDeviceList: Attempt 3, Index 14, MTMICRGetDevice returned 6, DeviceName: 
[2026-07-15 10:57:01] GetDeviceList: Attempt 3, Index 15, MTMICRGetDevice returned 6, DeviceName: 
[2026-07-15 10:57:01] GetDeviceList: Attempt 3, Index 16, MTMICRGetDevice returned 6, DeviceName: 
[2026-07-15 10:57:01] GetDeviceList: Attempt 3, Index 17, MTMICRGetDevice returned 6, DeviceName: 
[2026-07-15 10:57:01] GetDeviceList: Attempt 3, Index 18, MTMICRGetDevice returned 6, DeviceName: 
[2026-07-15 10:57:01] GetDeviceList: Attempt 3, Index 19, MTMICRGetDevice returned 6, DeviceName: 
[2026-07-15 10:57:01] GetDeviceList: Attempt 3, Index 20, MTMICRGetDevice returned 6, DeviceName: 
[2026-07-15 10:57:01] GetDeviceList: No devices found on attempt 3, retrying...
[2026-07-15 10:57:02] GetDeviceList: No devices found after all retries.
[2026-07-15 10:57:02] Dispose: Closing resources
[2026-07-15 10:57:02] Dispose: Closed log file handle
[2026-07-15 10:57:09] SetupLogging: Log file initialized at C:\Users\USG\Downloads\ChequeScannerApp\backend\ScannerApi\bin\Release\net6.0\win-x86\debug.log
[2026-07-15 10:57:09] Constructor: Initial DocType=CHECK
[2026-07-15 10:57:09] GetFirstDevice: Attempt 1, Index 1, MTMICRGetDevice returned 6, DeviceName: 
[2026-07-15 10:57:09] GetFirstDevice: Attempt 1, Index 2, MTMICRGetDevice returned 6, DeviceName: 
[2026-07-15 10:57:09] GetFirstDevice: Attempt 1, Index 3, MTMICRGetDevice returned 6, DeviceName: 
[2026-07-15 10:57:09] GetFirstDevice: Attempt 1, Index 4, MTMICRGetDevice returned 6, DeviceName: 
[2026-07-15 10:57:09] GetFirstDevice: Attempt 1, Index 5, MTMICRGetDevice returned 6, DeviceName: 
[2026-07-15 10:57:09] GetFirstDevice: Attempt 1, Index 6, MTMICRGetDevice returned 6, DeviceName: 
[2026-07-15 10:57:09] GetFirstDevice: Attempt 1, Index 7, MTMICRGetDevice returned 6, DeviceName: 
[2026-07-15 10:57:09] GetFirstDevice: Attempt 1, Index 8, MTMICRGetDevice returned 6, DeviceName: 
[2026-07-15 10:57:09] GetFirstDevice: Attempt 1, Index 9, MTMICRGetDevice returned 6, DeviceName: 
[2026-07-15 10:57:09] GetFirstDevice: Attempt 1, Index 10, MTMICRGetDevice returned 6, DeviceName: 
[2026-07-15 10:57:09] GetFirstDevice: Attempt 1, Index 11, MTMICRGetDevice returned 6, DeviceName: 
[2026-07-15 10:57:09] GetFirstDevice: Attempt 1, Index 12, MTMICRGetDevice returned 6, DeviceName: 
[2026-07-15 10:57:09] GetFirstDevice: Attempt 1, Index 13, MTMICRGetDevice returned 6, DeviceName: 
[2026-07-15 10:57:09] GetFirstDevice: Attempt 1, Index 14, MTMICRGetDevice returned 6, DeviceName: 
[2026-07-15 10:57:09] GetFirstDevice: Attempt 1, Index 15, MTMICRGetDevice returned 6, DeviceName: 
[2026-07-15 10:57:09] GetFirstDevice: Attempt 1, Index 16, MTMICRGetDevice returned 6, DeviceName: 
[2026-07-15 10:57:09] GetFirstDevice: Attempt 1, Index 17, MTMICRGetDevice returned 6, DeviceName: 
[2026-07-15 10:57:09] GetFirstDevice: Attempt 1, Index 18, MTMICRGetDevice returned 6, DeviceName: 
[2026-07-15 10:57:09] GetFirstDevice: Attempt 1, Index 19, MTMICRGetDevice returned 6, DeviceName: 
[2026-07-15 10:57:09] GetFirstDevice: Attempt 1, Index 20, MTMICRGetDevice returned 6, DeviceName: 
[2026-07-15 10:57:09] GetFirstDevice: No devices found on attempt 1, retrying...
[2026-07-15 10:57:11] GetFirstDevice: Attempt 2, Index 1, MTMICRGetDevice returned 6, DeviceName: 
[2026-07-15 10:57:11] GetFirstDevice: Attempt 2, Index 2, MTMICRGetDevice returned 6, DeviceName: 
[2026-07-15 10:57:11] GetFirstDevice: Attempt 2, Index 3, MTMICRGetDevice returned 6, DeviceName: 
[2026-07-15 10:57:11] GetFirstDevice: Attempt 2, Index 4, MTMICRGetDevice returned 6, DeviceName: 
[2026-07-15 10:57:11] GetFirstDevice: Attempt 2, Index 5, MTMICRGetDevice returned 6, DeviceName: 
[2026-07-15 10:57:11] GetFirstDevice: Attempt 2, Index 6, MTMICRGetDevice returned 6, DeviceName: 
[2026-07-15 10:57:11] GetFirstDevice: Attempt 2, Index 7, MTMICRGetDevice returned 6, DeviceName: 
[2026-07-15 10:57:11] GetFirstDevice: Attempt 2, Index 8, MTMICRGetDevice returned 6, DeviceName: 
[2026-07-15 10:57:11] GetFirstDevice: Attempt 2, Index 9, MTMICRGetDevice returned 6, DeviceName: 
[2026-07-15 10:57:11] GetFirstDevice: Attempt 2, Index 10, MTMICRGetDevice returned 6, DeviceName: 
[2026-07-15 10:57:11] GetFirstDevice: Attempt 2, Index 11, MTMICRGetDevice returned 6, DeviceName: 
[2026-07-15 10:57:11] GetFirstDevice: Attempt 2, Index 12, MTMICRGetDevice returned 6, DeviceName: 
[2026-07-15 10:57:11] GetFirstDevice: Attempt 2, Index 13, MTMICRGetDevice returned 6, DeviceName: 
[2026-07-15 10:57:11] GetFirstDevice: Attempt 2, Index 14, MTMICRGetDevice returned 6, DeviceName: 
[2026-07-15 10:57:11] GetFirstDevice: Attempt 2, Index 15, MTMICRGetDevice returned 6, DeviceName: 
[2026-07-15 10:57:11] GetFirstDevice: Attempt 2, Index 16, MTMICRGetDevice returned 6, DeviceName: 
[2026-07-15 10:57:11] GetFirstDevice: Attempt 2, Index 17, MTMICRGetDevice returned 6, DeviceName: 
[2026-07-15 10:57:11] GetFirstDevice: Attempt 2, Index 18, MTMICRGetDevice returned 6, DeviceName: 
[2026-07-15 10:57:11] GetFirstDevice: Attempt 2, Index 19, MTMICRGetDevice returned 6, DeviceName: 
[2026-07-15 10:57:11] GetFirstDevice: Attempt 2, Index 20, MTMICRGetDevice returned 6, DeviceName: 
[2026-07-15 10:57:11] GetFirstDevice: No devices found on attempt 2, retrying...
[2026-07-15 10:57:13] GetFirstDevice: Attempt 3, Index 1, MTMICRGetDevice returned 6, DeviceName: 
[2026-07-15 10:57:13] GetFirstDevice: Attempt 3, Index 2, MTMICRGetDevice returned 6, DeviceName: 
[2026-07-15 10:57:13] GetFirstDevice: Attempt 3, Index 3, MTMICRGetDevice returned 6, DeviceName: 
[2026-07-15 10:57:13] GetFirstDevice: Attempt 3, Index 4, MTMICRGetDevice returned 6, DeviceName: 
[2026-07-15 10:57:13] GetFirstDevice: Attempt 3, Index 5, MTMICRGetDevice returned 6, DeviceName: 
[2026-07-15 10:57:13] GetFirstDevice: Attempt 3, Index 6, MTMICRGetDevice returned 6, DeviceName: 
[2026-07-15 10:57:13] GetFirstDevice: Attempt 3, Index 7, MTMICRGetDevice returned 6, DeviceName: 
[2026-07-15 10:57:13] GetFirstDevice: Attempt 3, Index 8, MTMICRGetDevice returned 6, DeviceName: 
[2026-07-15 10:57:13] GetFirstDevice: Attempt 3, Index 9, MTMICRGetDevice returned 6, DeviceName: 
[2026-07-15 10:57:13] GetFirstDevice: Attempt 3, Index 10, MTMICRGetDevice returned 6, DeviceName: 
[2026-07-15 10:57:13] GetFirstDevice: Attempt 3, Index 11, MTMICRGetDevice returned 6, DeviceName: 
[2026-07-15 10:57:13] GetFirstDevice: Attempt 3, Index 12, MTMICRGetDevice returned 6, DeviceName: 
[2026-07-15 10:57:13] GetFirstDevice: Attempt 3, Index 13, MTMICRGetDevice returned 6, DeviceName: 
[2026-07-15 10:57:13] GetFirstDevice: Attempt 3, Index 14, MTMICRGetDevice returned 6, DeviceName: 
[2026-07-15 10:57:13] GetFirstDevice: Attempt 3, Index 15, MTMICRGetDevice returned 6, DeviceName: 
[2026-07-15 10:57:13] GetFirstDevice: Attempt 3, Index 16, MTMICRGetDevice returned 6, DeviceName: 
[2026-07-15 10:57:13] GetFirstDevice: Attempt 3, Index 17, MTMICRGetDevice returned 6, DeviceName: 
[2026-07-15 10:57:13] GetFirstDevice: Attempt 3, Index 18, MTMICRGetDevice returned 6, DeviceName: 
[2026-07-15 10:57:13] GetFirstDevice: Attempt 3, Index 19, MTMICRGetDevice returned 6, DeviceName: 
[2026-07-15 10:57:13] GetFirstDevice: Attempt 3, Index 20, MTMICRGetDevice returned 6, DeviceName: 
[2026-07-15 10:57:13] GetFirstDevice: No devices found on attempt 3, retrying...
[2026-07-15 10:57:15] GetFirstDevice: Attempt 4, Index 1, MTMICRGetDevice returned 6, DeviceName: 
[2026-07-15 10:57:15] GetFirstDevice: Attempt 4, Index 2, MTMICRGetDevice returned 6, DeviceName: 
[2026-07-15 10:57:15] GetFirstDevice: Attempt 4, Index 3, MTMICRGetDevice returned 6, DeviceName: 
[2026-07-15 10:57:15] GetFirstDevice: Attempt 4, Index 4, MTMICRGetDevice returned 6, DeviceName: 
[2026-07-15 10:57:15] GetFirstDevice: Attempt 4, Index 5, MTMICRGetDevice returned 6, DeviceName: 
[2026-07-15 10:57:15] GetFirstDevice: Attempt 4, Index 6, MTMICRGetDevice returned 6, DeviceName: 
[2026-07-15 10:57:15] GetFirstDevice: Attempt 4, Index 7, MTMICRGetDevice returned 6, DeviceName: 
[2026-07-15 10:57:15] GetFirstDevice: Attempt 4, Index 8, MTMICRGetDevice returned 6, DeviceName: 
[2026-07-15 10:57:15] GetFirstDevice: Attempt 4, Index 9, MTMICRGetDevice returned 6, DeviceName: 
[2026-07-15 10:57:15] GetFirstDevice: Attempt 4, Index 10, MTMICRGetDevice returned 6, DeviceName: 
[2026-07-15 10:57:15] GetFirstDevice: Attempt 4, Index 11, MTMICRGetDevice returned 6, DeviceName: 
[2026-07-15 10:57:15] GetFirstDevice: Attempt 4, Index 12, MTMICRGetDevice returned 6, DeviceName: 
[2026-07-15 10:57:15] GetFirstDevice: Attempt 4, Index 13, MTMICRGetDevice returned 6, DeviceName: 
[2026-07-15 10:57:15] GetFirstDevice: Attempt 4, Index 14, MTMICRGetDevice returned 6, DeviceName: 
[2026-07-15 10:57:15] GetFirstDevice: Attempt 4, Index 15, MTMICRGetDevice returned 6, DeviceName: 
[2026-07-15 10:57:15] GetFirstDevice: Attempt 4, Index 16, MTMICRGetDevice returned 6, DeviceName: 
[2026-07-15 10:57:15] GetFirstDevice: Attempt 4, Index 17, MTMICRGetDevice returned 6, DeviceName: 
[2026-07-15 10:57:15] GetFirstDevice: Attempt 4, Index 18, MTMICRGetDevice returned 6, DeviceName: 
[2026-07-15 10:57:15] GetFirstDevice: Attempt 4, Index 19, MTMICRGetDevice returned 6, DeviceName: 
[2026-07-15 10:57:15] GetFirstDevice: Attempt 4, Index 20, MTMICRGetDevice returned 6, DeviceName: 
[2026-07-15 10:57:15] GetFirstDevice: No devices found on attempt 4, retrying...
[2026-07-15 10:57:17] GetFirstDevice: Attempt 5, Index 1, MTMICRGetDevice returned 6, DeviceName: 
[2026-07-15 10:57:17] GetFirstDevice: Attempt 5, Index 2, MTMICRGetDevice returned 6, DeviceName: 
[2026-07-15 10:57:17] GetFirstDevice: Attempt 5, Index 3, MTMICRGetDevice returned 6, DeviceName: 
[2026-07-15 10:57:17] GetFirstDevice: Attempt 5, Index 4, MTMICRGetDevice returned 6, DeviceName: 
[2026-07-15 10:57:17] GetFirstDevice: Attempt 5, Index 5, MTMICRGetDevice returned 6, DeviceName: 
[2026-07-15 10:57:17] GetFirstDevice: Attempt 5, Index 6, MTMICRGetDevice returned 6, DeviceName: 
[2026-07-15 10:57:17] GetFirstDevice: Attempt 5, Index 7, MTMICRGetDevice returned 6, DeviceName: 
[2026-07-15 10:57:17] GetFirstDevice: Attempt 5, Index 8, MTMICRGetDevice returned 6, DeviceName: 
[2026-07-15 10:57:17] GetFirstDevice: Attempt 5, Index 9, MTMICRGetDevice returned 6, DeviceName: 
[2026-07-15 10:57:17] GetFirstDevice: Attempt 5, Index 10, MTMICRGetDevice returned 6, DeviceName: 
[2026-07-15 10:57:17] GetFirstDevice: Attempt 5, Index 11, MTMICRGetDevice returned 6, DeviceName: 
[2026-07-15 10:57:17] GetFirstDevice: Attempt 5, Index 12, MTMICRGetDevice returned 6, DeviceName: 
[2026-07-15 10:57:17] GetFirstDevice: Attempt 5, Index 13, MTMICRGetDevice returned 6, DeviceName: 
[2026-07-15 10:57:17] GetFirstDevice: Attempt 5, Index 14, MTMICRGetDevice returned 6, DeviceName: 
[2026-07-15 10:57:17] GetFirstDevice: Attempt 5, Index 15, MTMICRGetDevice returned 6, DeviceName: 
[2026-07-15 10:57:17] GetFirstDevice: Attempt 5, Index 16, MTMICRGetDevice returned 6, DeviceName: 
[2026-07-15 10:57:17] GetFirstDevice: Attempt 5, Index 17, MTMICRGetDevice returned 6, DeviceName: 
[2026-07-15 10:57:17] GetFirstDevice: Attempt 5, Index 18, MTMICRGetDevice returned 6, DeviceName: 
[2026-07-15 10:57:17] GetFirstDevice: Attempt 5, Index 19, MTMICRGetDevice returned 6, DeviceName: 
[2026-07-15 10:57:17] GetFirstDevice: Attempt 5, Index 20, MTMICRGetDevice returned 6, DeviceName: 
[2026-07-15 10:57:17] GetFirstDevice: No devices found on attempt 5, retrying...
[2026-07-15 10:57:19] GetFirstDevice: No devices found after all retries.
[2026-07-15 10:57:19] GetDeviceStatus: No device found.
[2026-07-15 10:57:19] Dispose: Closing resources
[2026-07-15 10:57:19] Dispose: Closed log file handle
[2026-07-15 10:57:19] SetupLogging: Log file initialized at C:\Users\USG\Downloads\ChequeScannerApp\backend\ScannerApi\bin\Release\net6.0\win-x86\debug.log
[2026-07-15 10:57:19] Constructor: Initial DocType=CHECK
[2026-07-15 10:57:19] GetFirstDevice: Attempt 1, Index 1, MTMICRGetDevice returned 6, DeviceName: 
[2026-07-15 10:57:19] GetFirstDevice: Attempt 1, Index 2, MTMICRGetDevice returned 6, DeviceName: 
[2026-07-15 10:57:19] GetFirstDevice: Attempt 1, Index 3, MTMICRGetDevice returned 6, DeviceName: 
[2026-07-15 10:57:19] GetFirstDevice: Attempt 1, Index 4, MTMICRGetDevice returned 6, DeviceName: 
[2026-07-15 10:57:19] GetFirstDevice: Attempt 1, Index 5, MTMICRGetDevice returned 6, DeviceName: 
[2026-07-15 10:57:19] GetFirstDevice: Attempt 1, Index 6, MTMICRGetDevice returned 6, DeviceName: 
[2026-07-15 10:57:19] GetFirstDevice: Attempt 1, Index 7, MTMICRGetDevice returned 6, DeviceName: 
[2026-07-15 10:57:19] GetFirstDevice: Attempt 1, Index 8, MTMICRGetDevice returned 6, DeviceName: 
[2026-07-15 10:57:19] GetFirstDevice: Attempt 1, Index 9, MTMICRGetDevice returned 6, DeviceName: 
[2026-07-15 10:57:19] GetFirstDevice: Attempt 1, Index 10, MTMICRGetDevice returned 6, DeviceName: 
[2026-07-15 10:57:19] GetFirstDevice: Attempt 1, Index 11, MTMICRGetDevice returned 6, DeviceName: 
[2026-07-15 10:57:19] GetFirstDevice: Attempt 1, Index 12, MTMICRGetDevice returned 6, DeviceName: 
[2026-07-15 10:57:19] GetFirstDevice: Attempt 1, Index 13, MTMICRGetDevice returned 6, DeviceName: 
[2026-07-15 10:57:19] GetFirstDevice: Attempt 1, Index 14, MTMICRGetDevice returned 6, DeviceName: 
[2026-07-15 10:57:19] GetFirstDevice: Attempt 1, Index 15, MTMICRGetDevice returned 6, DeviceName: 
[2026-07-15 10:57:19] GetFirstDevice: Attempt 1, Index 16, MTMICRGetDevice returned 6, DeviceName: 
[2026-07-15 10:57:19] GetFirstDevice: Attempt 1, Index 17, MTMICRGetDevice returned 6, DeviceName: 
[2026-07-15 10:57:19] GetFirstDevice: Attempt 1, Index 18, MTMICRGetDevice returned 6, DeviceName: 
[2026-07-15 10:57:19] GetFirstDevice: Attempt 1, Index 19, MTMICRGetDevice returned 6, DeviceName: 
[2026-07-15 10:57:19] GetFirstDevice: Attempt 1, Index 20, MTMICRGetDevice returned 6, DeviceName: 
[2026-07-15 10:57:19] GetFirstDevice: No devices found on attempt 1, retrying...
[2026-07-15 10:57:21] GetFirstDevice: Attempt 2, Index 1, MTMICRGetDevice returned 6, DeviceName: 
[2026-07-15 10:57:21] GetFirstDevice: Attempt 2, Index 2, MTMICRGetDevice returned 6, DeviceName: 
[2026-07-15 10:57:21] GetFirstDevice: Attempt 2, Index 3, MTMICRGetDevice returned 6, DeviceName: 
[2026-07-15 10:57:21] GetFirstDevice: Attempt 2, Index 4, MTMICRGetDevice returned 6, DeviceName: 
[2026-07-15 10:57:21] GetFirstDevice: Attempt 2, Index 5, MTMICRGetDevice returned 6, DeviceName: 
[2026-07-15 10:57:21] GetFirstDevice: Attempt 2, Index 6, MTMICRGetDevice returned 6, DeviceName: 
[2026-07-15 10:57:21] GetFirstDevice: Attempt 2, Index 7, MTMICRGetDevice returned 6, DeviceName: 
[2026-07-15 10:57:21] GetFirstDevice: Attempt 2, Index 8, MTMICRGetDevice returned 6, DeviceName: 
[2026-07-15 10:57:21] GetFirstDevice: Attempt 2, Index 9, MTMICRGetDevice returned 6, DeviceName: 
[2026-07-15 10:57:21] GetFirstDevice: Attempt 2, Index 10, MTMICRGetDevice returned 6, DeviceName: 
[2026-07-15 10:57:21] GetFirstDevice: Attempt 2, Index 11, MTMICRGetDevice returned 6, DeviceName: 
[2026-07-15 10:57:21] GetFirstDevice: Attempt 2, Index 12, MTMICRGetDevice returned 6, DeviceName: 
[2026-07-15 10:57:21] GetFirstDevice: Attempt 2, Index 13, MTMICRGetDevice returned 6, DeviceName: 
[2026-07-15 10:57:21] GetFirstDevice: Attempt 2, Index 14, MTMICRGetDevice returned 6, DeviceName: 
[2026-07-15 10:57:21] GetFirstDevice: Attempt 2, Index 15, MTMICRGetDevice returned 6, DeviceName: 
[2026-07-15 10:57:21] GetFirstDevice: Attempt 2, Index 16, MTMICRGetDevice returned 6, DeviceName: 
[2026-07-15 10:57:21] GetFirstDevice: Attempt 2, Index 17, MTMICRGetDevice returned 6, DeviceName: 
[2026-07-15 10:57:21] GetFirstDevice: Attempt 2, Index 18, MTMICRGetDevice returned 6, DeviceName: 
[2026-07-15 10:57:21] GetFirstDevice: Attempt 2, Index 19, MTMICRGetDevice returned 6, DeviceName: 
[2026-07-15 10:57:21] GetFirstDevice: Attempt 2, Index 20, MTMICRGetDevice returned 6, DeviceName: 
[2026-07-15 10:57:21] GetFirstDevice: No devices found on attempt 2, retrying...
[2026-07-15 10:57:23] GetFirstDevice: Attempt 3, Index 1, MTMICRGetDevice returned 6, DeviceName: 
[2026-07-15 10:57:23] GetFirstDevice: Attempt 3, Index 2, MTMICRGetDevice returned 6, DeviceName: 
[2026-07-15 10:57:23] GetFirstDevice: Attempt 3, Index 3, MTMICRGetDevice returned 6, DeviceName: 
[2026-07-15 10:57:23] GetFirstDevice: Attempt 3, Index 4, MTMICRGetDevice returned 6, DeviceName: 
[2026-07-15 10:57:23] GetFirstDevice: Attempt 3, Index 5, MTMICRGetDevice returned 6, DeviceName: 
[2026-07-15 10:57:23] GetFirstDevice: Attempt 3, Index 6, MTMICRGetDevice returned 6, DeviceName: 
[2026-07-15 10:57:23] GetFirstDevice: Attempt 3, Index 7, MTMICRGetDevice returned 6, DeviceName: 
[2026-07-15 10:57:23] GetFirstDevice: Attempt 3, Index 8, MTMICRGetDevice returned 6, DeviceName: 
[2026-07-15 10:57:23] GetFirstDevice: Attempt 3, Index 9, MTMICRGetDevice returned 6, DeviceName: 
[2026-07-15 10:57:23] GetFirstDevice: Attempt 3, Index 10, MTMICRGetDevice returned 6, DeviceName: 
[2026-07-15 10:57:23] GetFirstDevice: Attempt 3, Index 11, MTMICRGetDevice returned 6, DeviceName: 
[2026-07-15 10:57:23] GetFirstDevice: Attempt 3, Index 12, MTMICRGetDevice returned 6, DeviceName: 
[2026-07-15 10:57:23] GetFirstDevice: Attempt 3, Index 13, MTMICRGetDevice returned 6, DeviceName: 
[2026-07-15 10:57:23] GetFirstDevice: Attempt 3, Index 14, MTMICRGetDevice returned 6, DeviceName: 
[2026-07-15 10:57:23] GetFirstDevice: Attempt 3, Index 15, MTMICRGetDevice returned 6, DeviceName: 
[2026-07-15 10:57:23] GetFirstDevice: Attempt 3, Index 16, MTMICRGetDevice returned 6, DeviceName: 
[2026-07-15 10:57:23] GetFirstDevice: Attempt 3, Index 17, MTMICRGetDevice returned 6, DeviceName: 
[2026-07-15 10:57:23] GetFirstDevice: Attempt 3, Index 18, MTMICRGetDevice returned 6, DeviceName: 
[2026-07-15 10:57:23] GetFirstDevice: Attempt 3, Index 19, MTMICRGetDevice returned 6, DeviceName: 
[2026-07-15 10:57:23] GetFirstDevice: Attempt 3, Index 20, MTMICRGetDevice returned 6, DeviceName: 
[2026-07-15 10:57:23] GetFirstDevice: No devices found on attempt 3, retrying...
[2026-07-15 10:57:25] GetFirstDevice: Attempt 4, Index 1, MTMICRGetDevice returned 6, DeviceName: 
[2026-07-15 10:57:25] GetFirstDevice: Attempt 4, Index 2, MTMICRGetDevice returned 6, DeviceName: 
[2026-07-15 10:57:25] GetFirstDevice: Attempt 4, Index 3, MTMICRGetDevice returned 6, DeviceName: 
[2026-07-15 10:57:25] GetFirstDevice: Attempt 4, Index 4, MTMICRGetDevice returned 6, DeviceName: 
[2026-07-15 10:57:25] GetFirstDevice: Attempt 4, Index 5, MTMICRGetDevice returned 6, DeviceName: 
[2026-07-15 10:57:25] GetFirstDevice: Attempt 4, Index 6, MTMICRGetDevice returned 6, DeviceName: 
[2026-07-15 10:57:25] GetFirstDevice: Attempt 4, Index 7, MTMICRGetDevice returned 6, DeviceName: 
[2026-07-15 10:57:25] GetFirstDevice: Attempt 4, Index 8, MTMICRGetDevice returned 6, DeviceName: 
[2026-07-15 10:57:25] GetFirstDevice: Attempt 4, Index 9, MTMICRGetDevice returned 6, DeviceName: 
[2026-07-15 10:57:25] GetFirstDevice: Attempt 4, Index 10, MTMICRGetDevice returned 6, DeviceName: 
[2026-07-15 10:57:25] GetFirstDevice: Attempt 4, Index 11, MTMICRGetDevice returned 6, DeviceName: 
[2026-07-15 10:57:25] GetFirstDevice: Attempt 4, Index 12, MTMICRGetDevice returned 6, DeviceName: 
[2026-07-15 10:57:25] GetFirstDevice: Attempt 4, Index 13, MTMICRGetDevice returned 6, DeviceName: 
[2026-07-15 10:57:25] GetFirstDevice: Attempt 4, Index 14, MTMICRGetDevice returned 6, DeviceName: 
[2026-07-15 10:57:25] GetFirstDevice: Attempt 4, Index 15, MTMICRGetDevice returned 6, DeviceName: 
[2026-07-15 10:57:25] GetFirstDevice: Attempt 4, Index 16, MTMICRGetDevice returned 6, DeviceName: 
[2026-07-15 10:57:25] GetFirstDevice: Attempt 4, Index 17, MTMICRGetDevice returned 6, DeviceName: 
[2026-07-15 10:57:25] GetFirstDevice: Attempt 4, Index 18, MTMICRGetDevice returned 6, DeviceName: 
[2026-07-15 10:57:25] GetFirstDevice: Attempt 4, Index 19, MTMICRGetDevice returned 6, DeviceName: 
[2026-07-15 10:57:25] GetFirstDevice: Attempt 4, Index 20, MTMICRGetDevice returned 6, DeviceName: 
[2026-07-15 10:57:25] GetFirstDevice: No devices found on attempt 4, retrying...
[2026-07-15 10:57:27] GetFirstDevice: Attempt 5, Index 1, MTMICRGetDevice returned 6, DeviceName: 
[2026-07-15 10:57:27] GetFirstDevice: Attempt 5, Index 2, MTMICRGetDevice returned 6, DeviceName: 
[2026-07-15 10:57:27] GetFirstDevice: Attempt 5, Index 3, MTMICRGetDevice returned 6, DeviceName: 
[2026-07-15 10:57:27] GetFirstDevice: Attempt 5, Index 4, MTMICRGetDevice returned 6, DeviceName: 
[2026-07-15 10:57:27] GetFirstDevice: Attempt 5, Index 5, MTMICRGetDevice returned 6, DeviceName: 
[2026-07-15 10:57:27] GetFirstDevice: Attempt 5, Index 6, MTMICRGetDevice returned 6, DeviceName: 
[2026-07-15 10:57:27] GetFirstDevice: Attempt 5, Index 7, MTMICRGetDevice returned 6, DeviceName: 
[2026-07-15 10:57:27] GetFirstDevice: Attempt 5, Index 8, MTMICRGetDevice returned 6, DeviceName: 
[2026-07-15 10:57:27] GetFirstDevice: Attempt 5, Index 9, MTMICRGetDevice returned 6, DeviceName: 
[2026-07-15 10:57:27] GetFirstDevice: Attempt 5, Index 10, MTMICRGetDevice returned 6, DeviceName: 
[2026-07-15 10:57:27] GetFirstDevice: Attempt 5, Index 11, MTMICRGetDevice returned 6, DeviceName: 
[2026-07-15 10:57:27] GetFirstDevice: Attempt 5, Index 12, MTMICRGetDevice returned 6, DeviceName: 
[2026-07-15 10:57:27] GetFirstDevice: Attempt 5, Index 13, MTMICRGetDevice returned 6, DeviceName: 
[2026-07-15 10:57:27] GetFirstDevice: Attempt 5, Index 14, MTMICRGetDevice returned 6, DeviceName: 
[2026-07-15 10:57:27] GetFirstDevice: Attempt 5, Index 15, MTMICRGetDevice returned 6, DeviceName: 
[2026-07-15 10:57:27] GetFirstDevice: Attempt 5, Index 16, MTMICRGetDevice returned 6, DeviceName: 
[2026-07-15 10:57:27] GetFirstDevice: Attempt 5, Index 17, MTMICRGetDevice returned 6, DeviceName: 
[2026-07-15 10:57:27] GetFirstDevice: Attempt 5, Index 18, MTMICRGetDevice returned 6, DeviceName: 
[2026-07-15 10:57:27] GetFirstDevice: Attempt 5, Index 19, MTMICRGetDevice returned 6, DeviceName: 
[2026-07-15 10:57:27] GetFirstDevice: Attempt 5, Index 20, MTMICRGetDevice returned 6, DeviceName: 
[2026-07-15 10:57:27] GetFirstDevice: No devices found on attempt 5, retrying...
[2026-07-15 10:57:29] GetFirstDevice: No devices found after all retries.
[2026-07-15 10:57:29] GetDeviceStatus: No device found.
[2026-07-15 10:57:29] Dispose: Closing resources
[2026-07-15 10:57:29] Dispose: Closed log file handle
[2026-07-15 10:57:29] SetupLogging: Log file initialized at C:\Users\USG\Downloads\ChequeScannerApp\backend\ScannerApi\bin\Release\net6.0\win-x86\debug.log
[2026-07-15 10:57:29] Constructor: Initial DocType=CHECK
[2026-07-15 10:57:29] GetFirstDevice: Attempt 1, Index 1, MTMICRGetDevice returned 6, DeviceName: 
[2026-07-15 10:57:29] GetFirstDevice: Attempt 1, Index 2, MTMICRGetDevice returned 6, DeviceName: 
[2026-07-15 10:57:29] GetFirstDevice: Attempt 1, Index 3, MTMICRGetDevice returned 6, DeviceName: 
[2026-07-15 10:57:29] GetFirstDevice: Attempt 1, Index 4, MTMICRGetDevice returned 6, DeviceName: 
[2026-07-15 10:57:29] GetFirstDevice: Attempt 1, Index 5, MTMICRGetDevice returned 6, DeviceName: 
[2026-07-15 10:57:29] GetFirstDevice: Attempt 1, Index 6, MTMICRGetDevice returned 6, DeviceName: 
[2026-07-15 10:57:29] GetFirstDevice: Attempt 1, Index 7, MTMICRGetDevice returned 6, DeviceName: 
[2026-07-15 10:57:29] GetFirstDevice: Attempt 1, Index 8, MTMICRGetDevice returned 6, DeviceName: 
[2026-07-15 10:57:29] GetFirstDevice: Attempt 1, Index 9, MTMICRGetDevice returned 6, DeviceName: 
[2026-07-15 10:57:29] GetFirstDevice: Attempt 1, Index 10, MTMICRGetDevice returned 6, DeviceName: 
[2026-07-15 10:57:29] GetFirstDevice: Attempt 1, Index 11, MTMICRGetDevice returned 6, DeviceName: 
[2026-07-15 10:57:29] GetFirstDevice: Attempt 1, Index 12, MTMICRGetDevice returned 6, DeviceName: 
[2026-07-15 10:57:29] GetFirstDevice: Attempt 1, Index 13, MTMICRGetDevice returned 6, DeviceName: 
[2026-07-15 10:57:29] GetFirstDevice: Attempt 1, Index 14, MTMICRGetDevice returned 6, DeviceName: 
[2026-07-15 10:57:29] GetFirstDevice: Attempt 1, Index 15, MTMICRGetDevice returned 6, DeviceName: 
[2026-07-15 10:57:29] GetFirstDevice: Attempt 1, Index 16, MTMICRGetDevice returned 6, DeviceName: 
[2026-07-15 10:57:29] GetFirstDevice: Attempt 1, Index 17, MTMICRGetDevice returned 6, DeviceName: 
[2026-07-15 10:57:29] GetFirstDevice: Attempt 1, Index 18, MTMICRGetDevice returned 6, DeviceName: 
[2026-07-15 10:57:29] GetFirstDevice: Attempt 1, Index 19, MTMICRGetDevice returned 6, DeviceName: 
[2026-07-15 10:57:29] GetFirstDevice: Attempt 1, Index 20, MTMICRGetDevice returned 6, DeviceName: 
[2026-07-15 10:57:29] GetFirstDevice: No devices found on attempt 1, retrying...
[2026-07-15 10:57:31] GetFirstDevice: Attempt 2, Index 1, MTMICRGetDevice returned 6, DeviceName: 
[2026-07-15 10:57:31] GetFirstDevice: Attempt 2, Index 2, MTMICRGetDevice returned 6, DeviceName: 
[2026-07-15 10:57:31] GetFirstDevice: Attempt 2, Index 3, MTMICRGetDevice returned 6, DeviceName: 
[2026-07-15 10:57:31] GetFirstDevice: Attempt 2, Index 4, MTMICRGetDevice returned 6, DeviceName: 
[2026-07-15 10:57:31] GetFirstDevice: Attempt 2, Index 5, MTMICRGetDevice returned 6, DeviceName: 
[2026-07-15 10:57:31] GetFirstDevice: Attempt 2, Index 6, MTMICRGetDevice returned 6, DeviceName: 
[2026-07-15 10:57:31] GetFirstDevice: Attempt 2, Index 7, MTMICRGetDevice returned 6, DeviceName: 
[2026-07-15 10:57:31] GetFirstDevice: Attempt 2, Index 8, MTMICRGetDevice returned 6, DeviceName: 
[2026-07-15 10:57:31] GetFirstDevice: Attempt 2, Index 9, MTMICRGetDevice returned 6, DeviceName: 
[2026-07-15 10:57:31] GetFirstDevice: Attempt 2, Index 10, MTMICRGetDevice returned 6, DeviceName: 
[2026-07-15 10:57:31] GetFirstDevice: Attempt 2, Index 11, MTMICRGetDevice returned 6, DeviceName: 
[2026-07-15 10:57:31] GetFirstDevice: Attempt 2, Index 12, MTMICRGetDevice returned 6, DeviceName: 
[2026-07-15 10:57:31] GetFirstDevice: Attempt 2, Index 13, MTMICRGetDevice returned 6, DeviceName: 
[2026-07-15 10:57:31] GetFirstDevice: Attempt 2, Index 14, MTMICRGetDevice returned 6, DeviceName: 
[2026-07-15 10:57:31] GetFirstDevice: Attempt 2, Index 15, MTMICRGetDevice returned 6, DeviceName: 
[2026-07-15 10:57:31] GetFirstDevice: Attempt 2, Index 16, MTMICRGetDevice returned 6, DeviceName: 
[2026-07-15 10:57:31] GetFirstDevice: Attempt 2, Index 17, MTMICRGetDevice returned 6, DeviceName: 
[2026-07-15 10:57:31] GetFirstDevice: Attempt 2, Index 18, MTMICRGetDevice returned 6, DeviceName: 
[2026-07-15 10:57:31] GetFirstDevice: Attempt 2, Index 19, MTMICRGetDevice returned 6, DeviceName: 
[2026-07-15 10:57:31] GetFirstDevice: Attempt 2, Index 20, MTMICRGetDevice returned 6, DeviceName: 
[2026-07-15 10:57:31] GetFirstDevice: No devices found on attempt 2, retrying...
[2026-07-15 10:57:33] GetFirstDevice: Attempt 3, Index 1, MTMICRGetDevice returned 6, DeviceName: 
[2026-07-15 10:57:33] GetFirstDevice: Attempt 3, Index 2, MTMICRGetDevice returned 6, DeviceName: 
[2026-07-15 10:57:33] GetFirstDevice: Attempt 3, Index 3, MTMICRGetDevice returned 6, DeviceName: 
[2026-07-15 10:57:33] GetFirstDevice: Attempt 3, Index 4, MTMICRGetDevice returned 6, DeviceName: 
[2026-07-15 10:57:33] GetFirstDevice: Attempt 3, Index 5, MTMICRGetDevice returned 6, DeviceName: 
[2026-07-15 10:57:33] GetFirstDevice: Attempt 3, Index 6, MTMICRGetDevice returned 6, DeviceName: 
[2026-07-15 10:57:33] GetFirstDevice: Attempt 3, Index 7, MTMICRGetDevice returned 6, DeviceName: 
[2026-07-15 10:57:33] GetFirstDevice: Attempt 3, Index 8, MTMICRGetDevice returned 6, DeviceName: 
[2026-07-15 10:57:33] GetFirstDevice: Attempt 3, Index 9, MTMICRGetDevice returned 6, DeviceName: 
[2026-07-15 10:57:33] GetFirstDevice: Attempt 3, Index 10, MTMICRGetDevice returned 6, DeviceName: 
[2026-07-15 10:57:33] GetFirstDevice: Attempt 3, Index 11, MTMICRGetDevice returned 6, DeviceName: 
[2026-07-15 10:57:33] GetFirstDevice: Attempt 3, Index 12, MTMICRGetDevice returned 6, DeviceName: 
[2026-07-15 10:57:33] GetFirstDevice: Attempt 3, Index 13, MTMICRGetDevice returned 6, DeviceName: 
[2026-07-15 10:57:33] GetFirstDevice: Attempt 3, Index 14, MTMICRGetDevice returned 6, DeviceName: 
[2026-07-15 10:57:33] GetFirstDevice: Attempt 3, Index 15, MTMICRGetDevice returned 6, DeviceName: 
[2026-07-15 10:57:33] GetFirstDevice: Attempt 3, Index 16, MTMICRGetDevice returned 6, DeviceName: 
[2026-07-15 10:57:33] GetFirstDevice: Attempt 3, Index 17, MTMICRGetDevice returned 6, DeviceName: 
[2026-07-15 10:57:33] GetFirstDevice: Attempt 3, Index 18, MTMICRGetDevice returned 6, DeviceName: 
[2026-07-15 10:57:33] GetFirstDevice: Attempt 3, Index 19, MTMICRGetDevice returned 6, DeviceName: 
[2026-07-15 10:57:33] GetFirstDevice: Attempt 3, Index 20, MTMICRGetDevice returned 6, DeviceName: 
[2026-07-15 10:57:33] GetFirstDevice: No devices found on attempt 3, retrying...
[2026-07-15 10:57:35] GetFirstDevice: Attempt 4, Index 1, MTMICRGetDevice returned 6, DeviceName: 
[2026-07-15 10:57:35] GetFirstDevice: Attempt 4, Index 2, MTMICRGetDevice returned 6, DeviceName: 
[2026-07-15 10:57:35] GetFirstDevice: Attempt 4, Index 3, MTMICRGetDevice returned 6, DeviceName: 
[2026-07-15 10:57:35] GetFirstDevice: Attempt 4, Index 4, MTMICRGetDevice returned 6, DeviceName: 
[2026-07-15 10:57:35] GetFirstDevice: Attempt 4, Index 5, MTMICRGetDevice returned 6, DeviceName: 
[2026-07-15 10:57:35] GetFirstDevice: Attempt 4, Index 6, MTMICRGetDevice returned 6, DeviceName: 
[2026-07-15 10:57:35] GetFirstDevice: Attempt 4, Index 7, MTMICRGetDevice returned 6, DeviceName: 
[2026-07-15 10:57:35] GetFirstDevice: Attempt 4, Index 8, MTMICRGetDevice returned 6, DeviceName: 
[2026-07-15 10:57:35] GetFirstDevice: Attempt 4, Index 9, MTMICRGetDevice returned 6, DeviceName: 
[2026-07-15 10:57:35] GetFirstDevice: Attempt 4, Index 10, MTMICRGetDevice returned 6, DeviceName: 
[2026-07-15 10:57:35] GetFirstDevice: Attempt 4, Index 11, MTMICRGetDevice returned 6, DeviceName: 
[2026-07-15 10:57:35] GetFirstDevice: Attempt 4, Index 12, MTMICRGetDevice returned 6, DeviceName: 
[2026-07-15 10:57:35] GetFirstDevice: Attempt 4, Index 13, MTMICRGetDevice returned 6, DeviceName: 
[2026-07-15 10:57:35] GetFirstDevice: Attempt 4, Index 14, MTMICRGetDevice returned 6, DeviceName: 
[2026-07-15 10:57:35] GetFirstDevice: Attempt 4, Index 15, MTMICRGetDevice returned 6, DeviceName: 
[2026-07-15 10:57:35] GetFirstDevice: Attempt 4, Index 16, MTMICRGetDevice returned 6, DeviceName: 
[2026-07-15 10:57:35] GetFirstDevice: Attempt 4, Index 17, MTMICRGetDevice returned 6, DeviceName: 
[2026-07-15 10:57:35] GetFirstDevice: Attempt 4, Index 18, MTMICRGetDevice returned 6, DeviceName: 
[2026-07-15 10:57:35] GetFirstDevice: Attempt 4, Index 19, MTMICRGetDevice returned 6, DeviceName: 
[2026-07-15 10:57:35] GetFirstDevice: Attempt 4, Index 20, MTMICRGetDevice returned 6, DeviceName: 
[2026-07-15 10:57:35] GetFirstDevice: No devices found on attempt 4, retrying...
[2026-07-15 10:57:37] GetFirstDevice: Attempt 5, Index 1, MTMICRGetDevice returned 6, DeviceName: 
[2026-07-15 10:57:37] GetFirstDevice: Attempt 5, Index 2, MTMICRGetDevice returned 6, DeviceName: 
[2026-07-15 10:57:37] GetFirstDevice: Attempt 5, Index 3, MTMICRGetDevice returned 6, DeviceName: 
[2026-07-15 10:57:37] GetFirstDevice: Attempt 5, Index 4, MTMICRGetDevice returned 6, DeviceName: 
[2026-07-15 10:57:37] GetFirstDevice: Attempt 5, Index 5, MTMICRGetDevice returned 6, DeviceName: 
[2026-07-15 10:57:37] GetFirstDevice: Attempt 5, Index 6, MTMICRGetDevice returned 6, DeviceName: 
[2026-07-15 10:57:37] GetFirstDevice: Attempt 5, Index 7, MTMICRGetDevice returned 6, DeviceName: 
[2026-07-15 10:57:37] GetFirstDevice: Attempt 5, Index 8, MTMICRGetDevice returned 6, DeviceName: 
[2026-07-15 10:57:37] GetFirstDevice: Attempt 5, Index 9, MTMICRGetDevice returned 6, DeviceName: 
[2026-07-15 10:57:37] GetFirstDevice: Attempt 5, Index 10, MTMICRGetDevice returned 6, DeviceName: 
[2026-07-15 10:57:37] GetFirstDevice: Attempt 5, Index 11, MTMICRGetDevice returned 6, DeviceName: 
[2026-07-15 10:57:37] GetFirstDevice: Attempt 5, Index 12, MTMICRGetDevice returned 6, DeviceName: 
[2026-07-15 10:57:37] GetFirstDevice: Attempt 5, Index 13, MTMICRGetDevice returned 6, DeviceName: 
[2026-07-15 10:57:37] GetFirstDevice: Attempt 5, Index 14, MTMICRGetDevice returned 6, DeviceName: 
[2026-07-15 10:57:37] GetFirstDevice: Attempt 5, Index 15, MTMICRGetDevice returned 6, DeviceName: 
[2026-07-15 10:57:37] GetFirstDevice: Attempt 5, Index 16, MTMICRGetDevice returned 6, DeviceName: 
[2026-07-15 10:57:37] GetFirstDevice: Attempt 5, Index 17, MTMICRGetDevice returned 6, DeviceName: 
[2026-07-15 10:57:37] GetFirstDevice: Attempt 5, Index 18, MTMICRGetDevice returned 6, DeviceName: 
[2026-07-15 10:57:37] GetFirstDevice: Attempt 5, Index 19, MTMICRGetDevice returned 6, DeviceName: 
[2026-07-15 10:57:37] GetFirstDevice: Attempt 5, Index 20, MTMICRGetDevice returned 6, DeviceName: 
[2026-07-15 10:57:37] GetFirstDevice: No devices found on attempt 5, retrying...
[2026-07-15 10:57:39] GetFirstDevice: No devices found after all retries.
[2026-07-15 10:57:39] GetDeviceStatus: No device found.
[2026-07-15 10:57:39] Dispose: Closing resources
[2026-07-15 10:57:39] Dispose: Closed log file handle
[2026-07-15 10:57:39] SetupLogging: Log file initialized at C:\Users\USG\Downloads\ChequeScannerApp\backend\ScannerApi\bin\Release\net6.0\win-x86\debug.log
[2026-07-15 10:57:39] Constructor: Initial DocType=CHECK
[2026-07-15 10:57:39] GetFirstDevice: Attempt 1, Index 1, MTMICRGetDevice returned 6, DeviceName: 
[2026-07-15 10:57:39] GetFirstDevice: Attempt 1, Index 2, MTMICRGetDevice returned 6, DeviceName: 
[2026-07-15 10:57:39] GetFirstDevice: Attempt 1, Index 3, MTMICRGetDevice returned 6, DeviceName: 
[2026-07-15 10:57:39] GetFirstDevice: Attempt 1, Index 4, MTMICRGetDevice returned 6, DeviceName: 
[2026-07-15 10:57:39] GetFirstDevice: Attempt 1, Index 5, MTMICRGetDevice returned 6, DeviceName: 
[2026-07-15 10:57:39] GetFirstDevice: Attempt 1, Index 6, MTMICRGetDevice returned 6, DeviceName: 
[2026-07-15 10:57:39] GetFirstDevice: Attempt 1, Index 7, MTMICRGetDevice returned 6, DeviceName: 
[2026-07-15 10:57:39] GetFirstDevice: Attempt 1, Index 8, MTMICRGetDevice returned 6, DeviceName: 
[2026-07-15 10:57:39] GetFirstDevice: Attempt 1, Index 9, MTMICRGetDevice returned 6, DeviceName: 
[2026-07-15 10:57:39] GetFirstDevice: Attempt 1, Index 10, MTMICRGetDevice returned 6, DeviceName: 
[2026-07-15 10:57:39] GetFirstDevice: Attempt 1, Index 11, MTMICRGetDevice returned 6, DeviceName: 
[2026-07-15 10:57:39] GetFirstDevice: Attempt 1, Index 12, MTMICRGetDevice returned 6, DeviceName: 
[2026-07-15 10:57:39] GetFirstDevice: Attempt 1, Index 13, MTMICRGetDevice returned 6, DeviceName: 
[2026-07-15 10:57:39] GetFirstDevice: Attempt 1, Index 14, MTMICRGetDevice returned 6, DeviceName: 
[2026-07-15 10:57:39] GetFirstDevice: Attempt 1, Index 15, MTMICRGetDevice returned 6, DeviceName: 
[2026-07-15 10:57:39] GetFirstDevice: Attempt 1, Index 16, MTMICRGetDevice returned 6, DeviceName: 
[2026-07-15 10:57:39] GetFirstDevice: Attempt 1, Index 17, MTMICRGetDevice returned 6, DeviceName: 
[2026-07-15 10:57:39] GetFirstDevice: Attempt 1, Index 18, MTMICRGetDevice returned 6, DeviceName: 
[2026-07-15 10:57:39] GetFirstDevice: Attempt 1, Index 19, MTMICRGetDevice returned 6, DeviceName: 
[2026-07-15 10:57:39] GetFirstDevice: Attempt 1, Index 20, MTMICRGetDevice returned 6, DeviceName: 
[2026-07-15 10:57:39] GetFirstDevice: No devices found on attempt 1, retrying...
[2026-07-15 10:57:41] GetFirstDevice: Attempt 2, Index 1, MTMICRGetDevice returned 6, DeviceName: 
[2026-07-15 10:57:41] GetFirstDevice: Attempt 2, Index 2, MTMICRGetDevice returned 6, DeviceName: 
[2026-07-15 10:57:41] GetFirstDevice: Attempt 2, Index 3, MTMICRGetDevice returned 6, DeviceName: 
[2026-07-15 10:57:41] GetFirstDevice: Attempt 2, Index 4, MTMICRGetDevice returned 6, DeviceName: 
[2026-07-15 10:57:41] GetFirstDevice: Attempt 2, Index 5, MTMICRGetDevice returned 6, DeviceName: 
[2026-07-15 10:57:41] GetFirstDevice: Attempt 2, Index 6, MTMICRGetDevice returned 6, DeviceName: 
[2026-07-15 10:57:41] GetFirstDevice: Attempt 2, Index 7, MTMICRGetDevice returned 6, DeviceName: 
[2026-07-15 10:57:41] GetFirstDevice: Attempt 2, Index 8, MTMICRGetDevice returned 6, DeviceName: 
[2026-07-15 10:57:41] GetFirstDevice: Attempt 2, Index 9, MTMICRGetDevice returned 6, DeviceName: 
[2026-07-15 10:57:41] GetFirstDevice: Attempt 2, Index 10, MTMICRGetDevice returned 6, DeviceName: 
[2026-07-15 10:57:41] GetFirstDevice: Attempt 2, Index 11, MTMICRGetDevice returned 6, DeviceName: 
[2026-07-15 10:57:41] GetFirstDevice: Attempt 2, Index 12, MTMICRGetDevice returned 6, DeviceName: 
[2026-07-15 10:57:41] GetFirstDevice: Attempt 2, Index 13, MTMICRGetDevice returned 6, DeviceName: 
[2026-07-15 10:57:41] GetFirstDevice: Attempt 2, Index 14, MTMICRGetDevice returned 6, DeviceName: 
[2026-07-15 10:57:41] GetFirstDevice: Attempt 2, Index 15, MTMICRGetDevice returned 6, DeviceName: 
[2026-07-15 10:57:41] GetFirstDevice: Attempt 2, Index 16, MTMICRGetDevice returned 6, DeviceName: 
[2026-07-15 10:57:41] GetFirstDevice: Attempt 2, Index 17, MTMICRGetDevice returned 6, DeviceName: 
[2026-07-15 10:57:41] GetFirstDevice: Attempt 2, Index 18, MTMICRGetDevice returned 6, DeviceName: 
[2026-07-15 10:57:41] GetFirstDevice: Attempt 2, Index 19, MTMICRGetDevice returned 6, DeviceName: 
[2026-07-15 10:57:41] GetFirstDevice: Attempt 2, Index 20, MTMICRGetDevice returned 6, DeviceName: 
[2026-07-15 10:57:41] GetFirstDevice: No devices found on attempt 2, retrying...
[2026-07-15 10:57:43] GetFirstDevice: Attempt 3, Index 1, MTMICRGetDevice returned 6, DeviceName: 
[2026-07-15 10:57:43] GetFirstDevice: Attempt 3, Index 2, MTMICRGetDevice returned 6, DeviceName: 
[2026-07-15 10:57:43] GetFirstDevice: Attempt 3, Index 3, MTMICRGetDevice returned 6, DeviceName: 
[2026-07-15 10:57:43] GetFirstDevice: Attempt 3, Index 4, MTMICRGetDevice returned 6, DeviceName: 
[2026-07-15 10:57:43] GetFirstDevice: Attempt 3, Index 5, MTMICRGetDevice returned 6, DeviceName: 
[2026-07-15 10:57:43] GetFirstDevice: Attempt 3, Index 6, MTMICRGetDevice returned 6, DeviceName: 
[2026-07-15 10:57:43] GetFirstDevice: Attempt 3, Index 7, MTMICRGetDevice returned 6, DeviceName: 
[2026-07-15 10:57:43] GetFirstDevice: Attempt 3, Index 8, MTMICRGetDevice returned 6, DeviceName: 
[2026-07-15 10:57:43] GetFirstDevice: Attempt 3, Index 9, MTMICRGetDevice returned 6, DeviceName: 
[2026-07-15 10:57:43] GetFirstDevice: Attempt 3, Index 10, MTMICRGetDevice returned 6, DeviceName: 
[2026-07-15 10:57:43] GetFirstDevice: Attempt 3, Index 11, MTMICRGetDevice returned 6, DeviceName: 
[2026-07-15 10:57:43] GetFirstDevice: Attempt 3, Index 12, MTMICRGetDevice returned 6, DeviceName: 
[2026-07-15 10:57:43] GetFirstDevice: Attempt 3, Index 13, MTMICRGetDevice returned 6, DeviceName: 
[2026-07-15 10:57:43] GetFirstDevice: Attempt 3, Index 14, MTMICRGetDevice returned 6, DeviceName: 
[2026-07-15 10:57:43] GetFirstDevice: Attempt 3, Index 15, MTMICRGetDevice returned 6, DeviceName: 
[2026-07-15 10:57:43] GetFirstDevice: Attempt 3, Index 16, MTMICRGetDevice returned 6, DeviceName: 
[2026-07-15 10:57:43] GetFirstDevice: Attempt 3, Index 17, MTMICRGetDevice returned 6, DeviceName: 
[2026-07-15 10:57:43] GetFirstDevice: Attempt 3, Index 18, MTMICRGetDevice returned 6, DeviceName: 
[2026-07-15 10:57:43] GetFirstDevice: Attempt 3, Index 19, MTMICRGetDevice returned 6, DeviceName: 
[2026-07-15 10:57:43] GetFirstDevice: Attempt 3, Index 20, MTMICRGetDevice returned 6, DeviceName: 
[2026-07-15 10:57:43] GetFirstDevice: No devices found on attempt 3, retrying...
[2026-07-15 10:57:45] GetFirstDevice: Attempt 4, Index 1, MTMICRGetDevice returned 6, DeviceName: 
[2026-07-15 10:57:45] GetFirstDevice: Attempt 4, Index 2, MTMICRGetDevice returned 6, DeviceName: 
[2026-07-15 10:57:45] GetFirstDevice: Attempt 4, Index 3, MTMICRGetDevice returned 6, DeviceName: 
[2026-07-15 10:57:45] GetFirstDevice: Attempt 4, Index 4, MTMICRGetDevice returned 6, DeviceName: 
[2026-07-15 10:57:45] GetFirstDevice: Attempt 4, Index 5, MTMICRGetDevice returned 6, DeviceName: 
[2026-07-15 10:57:45] GetFirstDevice: Attempt 4, Index 6, MTMICRGetDevice returned 6, DeviceName: 
[2026-07-15 10:57:45] GetFirstDevice: Attempt 4, Index 7, MTMICRGetDevice returned 6, DeviceName: 
[2026-07-15 10:57:45] GetFirstDevice: Attempt 4, Index 8, MTMICRGetDevice returned 6, DeviceName: 
[2026-07-15 10:57:45] GetFirstDevice: Attempt 4, Index 9, MTMICRGetDevice returned 6, DeviceName: 
[2026-07-15 10:57:45] GetFirstDevice: Attempt 4, Index 10, MTMICRGetDevice returned 6, DeviceName: 
[2026-07-15 10:57:45] GetFirstDevice: Attempt 4, Index 11, MTMICRGetDevice returned 6, DeviceName: 
[2026-07-15 10:57:45] GetFirstDevice: Attempt 4, Index 12, MTMICRGetDevice returned 6, DeviceName: 
[2026-07-15 10:57:45] GetFirstDevice: Attempt 4, Index 13, MTMICRGetDevice returned 6, DeviceName: 
[2026-07-15 10:57:45] GetFirstDevice: Attempt 4, Index 14, MTMICRGetDevice returned 6, DeviceName: 
[2026-07-15 10:57:45] GetFirstDevice: Attempt 4, Index 15, MTMICRGetDevice returned 6, DeviceName: 
[2026-07-15 10:57:45] GetFirstDevice: Attempt 4, Index 16, MTMICRGetDevice returned 6, DeviceName: 
[2026-07-15 10:57:45] GetFirstDevice: Attempt 4, Index 17, MTMICRGetDevice returned 6, DeviceName: 
[2026-07-15 10:57:45] GetFirstDevice: Attempt 4, Index 18, MTMICRGetDevice returned 6, DeviceName: 
[2026-07-15 10:57:45] GetFirstDevice: Attempt 4, Index 19, MTMICRGetDevice returned 6, DeviceName: 
[2026-07-15 10:57:45] GetFirstDevice: Attempt 4, Index 20, MTMICRGetDevice returned 6, DeviceName: 
[2026-07-15 10:57:45] GetFirstDevice: No devices found on attempt 4, retrying...
[2026-07-15 10:57:47] GetFirstDevice: Attempt 5, Index 1, MTMICRGetDevice returned 6, DeviceName: 
[2026-07-15 10:57:47] GetFirstDevice: Attempt 5, Index 2, MTMICRGetDevice returned 6, DeviceName: 
[2026-07-15 10:57:47] GetFirstDevice: Attempt 5, Index 3, MTMICRGetDevice returned 6, DeviceName: 
[2026-07-15 10:57:47] GetFirstDevice: Attempt 5, Index 4, MTMICRGetDevice returned 6, DeviceName: 
[2026-07-15 10:57:47] GetFirstDevice: Attempt 5, Index 5, MTMICRGetDevice returned 6, DeviceName: 
[2026-07-15 10:57:47] GetFirstDevice: Attempt 5, Index 6, MTMICRGetDevice returned 6, DeviceName: 
[2026-07-15 10:57:47] GetFirstDevice: Attempt 5, Index 7, MTMICRGetDevice returned 6, DeviceName: 
[2026-07-15 10:57:47] GetFirstDevice: Attempt 5, Index 8, MTMICRGetDevice returned 6, DeviceName: 
[2026-07-15 10:57:47] GetFirstDevice: Attempt 5, Index 9, MTMICRGetDevice returned 6, DeviceName: 
[2026-07-15 10:57:47] GetFirstDevice: Attempt 5, Index 10, MTMICRGetDevice returned 6, DeviceName: 
[2026-07-15 10:57:47] GetFirstDevice: Attempt 5, Index 11, MTMICRGetDevice returned 6, DeviceName: 
[2026-07-15 10:57:47] GetFirstDevice: Attempt 5, Index 12, MTMICRGetDevice returned 6, DeviceName: 
[2026-07-15 10:57:47] GetFirstDevice: Attempt 5, Index 13, MTMICRGetDevice returned 6, DeviceName: 
[2026-07-15 10:57:47] GetFirstDevice: Attempt 5, Index 14, MTMICRGetDevice returned 6, DeviceName: 
[2026-07-15 10:57:47] GetFirstDevice: Attempt 5, Index 15, MTMICRGetDevice returned 6, DeviceName: 
[2026-07-15 10:57:47] GetFirstDevice: Attempt 5, Index 16, MTMICRGetDevice returned 6, DeviceName: 
[2026-07-15 10:57:47] GetFirstDevice: Attempt 5, Index 17, MTMICRGetDevice returned 6, DeviceName: 
[2026-07-15 10:57:47] GetFirstDevice: Attempt 5, Index 18, MTMICRGetDevice returned 6, DeviceName: 
[2026-07-15 10:57:47] GetFirstDevice: Attempt 5, Index 19, MTMICRGetDevice returned 6, DeviceName: 
[2026-07-15 10:57:47] GetFirstDevice: Attempt 5, Index 20, MTMICRGetDevice returned 6, DeviceName: 
[2026-07-15 10:57:47] GetFirstDevice: No devices found on attempt 5, retrying...
[2026-07-15 10:57:49] GetFirstDevice: No devices found after all retries.
[2026-07-15 10:57:49] GetDeviceStatus: No device found.
[2026-07-15 10:57:49] Dispose: Closing resources
[2026-07-15 10:57:49] Dispose: Closed log file handle
[2026-07-15 10:57:49] SetupLogging: Log file initialized at C:\Users\USG\Downloads\ChequeScannerApp\backend\ScannerApi\bin\Release\net6.0\win-x86\debug.log
[2026-07-15 10:57:49] Constructor: Initial DocType=CHECK
[2026-07-15 10:57:49] GetFirstDevice: Attempt 1, Index 1, MTMICRGetDevice returned 6, DeviceName: 
[2026-07-15 10:57:49] GetFirstDevice: Attempt 1, Index 2, MTMICRGetDevice returned 6, DeviceName: 
[2026-07-15 10:57:49] GetFirstDevice: Attempt 1, Index 3, MTMICRGetDevice returned 6, DeviceName: 
[2026-07-15 10:57:49] GetFirstDevice: Attempt 1, Index 4, MTMICRGetDevice returned 6, DeviceName: 
[2026-07-15 10:57:49] GetFirstDevice: Attempt 1, Index 5, MTMICRGetDevice returned 6, DeviceName: 
[2026-07-15 10:57:49] GetFirstDevice: Attempt 1, Index 6, MTMICRGetDevice returned 6, DeviceName: 
[2026-07-15 10:57:49] GetFirstDevice: Attempt 1, Index 7, MTMICRGetDevice returned 6, DeviceName: 
[2026-07-15 10:57:49] GetFirstDevice: Attempt 1, Index 8, MTMICRGetDevice returned 6, DeviceName: 
[2026-07-15 10:57:49] GetFirstDevice: Attempt 1, Index 9, MTMICRGetDevice returned 6, DeviceName: 
[2026-07-15 10:57:49] GetFirstDevice: Attempt 1, Index 10, MTMICRGetDevice returned 6, DeviceName: 
[2026-07-15 10:57:49] GetFirstDevice: Attempt 1, Index 11, MTMICRGetDevice returned 6, DeviceName: 
[2026-07-15 10:57:49] GetFirstDevice: Attempt 1, Index 12, MTMICRGetDevice returned 6, DeviceName: 
[2026-07-15 10:57:49] GetFirstDevice: Attempt 1, Index 13, MTMICRGetDevice returned 6, DeviceName: 
[2026-07-15 10:57:49] GetFirstDevice: Attempt 1, Index 14, MTMICRGetDevice returned 6, DeviceName: 
[2026-07-15 10:57:49] GetFirstDevice: Attempt 1, Index 15, MTMICRGetDevice returned 6, DeviceName: 
[2026-07-15 10:57:49] GetFirstDevice: Attempt 1, Index 16, MTMICRGetDevice returned 6, DeviceName: 
[2026-07-15 10:57:49] GetFirstDevice: Attempt 1, Index 17, MTMICRGetDevice returned 6, DeviceName: 
[2026-07-15 10:57:49] GetFirstDevice: Attempt 1, Index 18, MTMICRGetDevice returned 6, DeviceName: 
[2026-07-15 10:57:49] GetFirstDevice: Attempt 1, Index 19, MTMICRGetDevice returned 6, DeviceName: 
[2026-07-15 10:57:49] GetFirstDevice: Attempt 1, Index 20, MTMICRGetDevice returned 6, DeviceName: 
[2026-07-15 10:57:49] GetFirstDevice: No devices found on attempt 1, retrying...
[2026-07-15 10:57:51] GetFirstDevice: Attempt 2, Index 1, MTMICRGetDevice returned 6, DeviceName: 
[2026-07-15 10:57:51] GetFirstDevice: Attempt 2, Index 2, MTMICRGetDevice returned 6, DeviceName: 
[2026-07-15 10:57:51] GetFirstDevice: Attempt 2, Index 3, MTMICRGetDevice returned 6, DeviceName: 
[2026-07-15 10:57:51] GetFirstDevice: Attempt 2, Index 4, MTMICRGetDevice returned 6, DeviceName: 
[2026-07-15 10:57:51] GetFirstDevice: Attempt 2, Index 5, MTMICRGetDevice returned 6, DeviceName: 
[2026-07-15 10:57:51] GetFirstDevice: Attempt 2, Index 6, MTMICRGetDevice returned 6, DeviceName: 
[2026-07-15 10:57:51] GetFirstDevice: Attempt 2, Index 7, MTMICRGetDevice returned 6, DeviceName: 
[2026-07-15 10:57:51] GetFirstDevice: Attempt 2, Index 8, MTMICRGetDevice returned 6, DeviceName: 
[2026-07-15 10:57:51] GetFirstDevice: Attempt 2, Index 9, MTMICRGetDevice returned 6, DeviceName: 
[2026-07-15 10:57:51] GetFirstDevice: Attempt 2, Index 10, MTMICRGetDevice returned 6, DeviceName: 
[2026-07-15 10:57:51] GetFirstDevice: Attempt 2, Index 11, MTMICRGetDevice returned 6, DeviceName: 
[2026-07-15 10:57:51] GetFirstDevice: Attempt 2, Index 12, MTMICRGetDevice returned 6, DeviceName: 
[2026-07-15 10:57:51] GetFirstDevice: Attempt 2, Index 13, MTMICRGetDevice returned 6, DeviceName: 
[2026-07-15 10:57:51] GetFirstDevice: Attempt 2, Index 14, MTMICRGetDevice returned 6, DeviceName: 
[2026-07-15 10:57:51] GetFirstDevice: Attempt 2, Index 15, MTMICRGetDevice returned 6, DeviceName: 
[2026-07-15 10:57:51] GetFirstDevice: Attempt 2, Index 16, MTMICRGetDevice returned 6, DeviceName: 
[2026-07-15 10:57:51] GetFirstDevice: Attempt 2, Index 17, MTMICRGetDevice returned 6, DeviceName: 
[2026-07-15 10:57:51] GetFirstDevice: Attempt 2, Index 18, MTMICRGetDevice returned 6, DeviceName: 
[2026-07-15 10:57:51] GetFirstDevice: Attempt 2, Index 19, MTMICRGetDevice returned 6, DeviceName: 
[2026-07-15 10:57:51] GetFirstDevice: Attempt 2, Index 20, MTMICRGetDevice returned 6, DeviceName: 
[2026-07-15 10:57:51] GetFirstDevice: No devices found on attempt 2, retrying...
[2026-07-15 10:57:53] GetFirstDevice: Attempt 3, Index 1, MTMICRGetDevice returned 6, DeviceName: 
[2026-07-15 10:57:53] GetFirstDevice: Attempt 3, Index 2, MTMICRGetDevice returned 6, DeviceName: 
[2026-07-15 10:57:53] GetFirstDevice: Attempt 3, Index 3, MTMICRGetDevice returned 6, DeviceName: 
[2026-07-15 10:57:53] GetFirstDevice: Attempt 3, Index 4, MTMICRGetDevice returned 6, DeviceName: 
[2026-07-15 10:57:53] GetFirstDevice: Attempt 3, Index 5, MTMICRGetDevice returned 6, DeviceName: 
[2026-07-15 10:57:53] GetFirstDevice: Attempt 3, Index 6, MTMICRGetDevice returned 6, DeviceName: 
[2026-07-15 10:57:53] GetFirstDevice: Attempt 3, Index 7, MTMICRGetDevice returned 6, DeviceName: 
[2026-07-15 10:57:53] GetFirstDevice: Attempt 3, Index 8, MTMICRGetDevice returned 6, DeviceName: 
[2026-07-15 10:57:53] GetFirstDevice: Attempt 3, Index 9, MTMICRGetDevice returned 6, DeviceName: 
[2026-07-15 10:57:53] GetFirstDevice: Attempt 3, Index 10, MTMICRGetDevice returned 6, DeviceName: 
[2026-07-15 10:57:53] GetFirstDevice: Attempt 3, Index 11, MTMICRGetDevice returned 6, DeviceName: 
[2026-07-15 10:57:53] GetFirstDevice: Attempt 3, Index 12, MTMICRGetDevice returned 6, DeviceName: 
[2026-07-15 10:57:53] GetFirstDevice: Attempt 3, Index 13, MTMICRGetDevice returned 6, DeviceName: 
[2026-07-15 10:57:53] GetFirstDevice: Attempt 3, Index 14, MTMICRGetDevice returned 6, DeviceName: 
[2026-07-15 10:57:53] GetFirstDevice: Attempt 3, Index 15, MTMICRGetDevice returned 6, DeviceName: 
[2026-07-15 10:57:53] GetFirstDevice: Attempt 3, Index 16, MTMICRGetDevice returned 6, DeviceName: 
[2026-07-15 10:57:53] GetFirstDevice: Attempt 3, Index 17, MTMICRGetDevice returned 6, DeviceName: 
[2026-07-15 10:57:53] GetFirstDevice: Attempt 3, Index 18, MTMICRGetDevice returned 6, DeviceName: 
[2026-07-15 10:57:53] GetFirstDevice: Attempt 3, Index 19, MTMICRGetDevice returned 6, DeviceName: 
[2026-07-15 10:57:53] GetFirstDevice: Attempt 3, Index 20, MTMICRGetDevice returned 6, DeviceName: 
[2026-07-15 10:57:53] GetFirstDevice: No devices found on attempt 3, retrying...
[2026-07-15 10:57:55] GetFirstDevice: Attempt 4, Index 1, MTMICRGetDevice returned 6, DeviceName: 
[2026-07-15 10:57:55] GetFirstDevice: Attempt 4, Index 2, MTMICRGetDevice returned 6, DeviceName: 
[2026-07-15 10:57:55] GetFirstDevice: Attempt 4, Index 3, MTMICRGetDevice returned 6, DeviceName: 
[2026-07-15 10:57:55] GetFirstDevice: Attempt 4, Index 4, MTMICRGetDevice returned 6, DeviceName: 
[2026-07-15 10:57:55] GetFirstDevice: Attempt 4, Index 5, MTMICRGetDevice returned 6, DeviceName: 
[2026-07-15 10:57:55] GetFirstDevice: Attempt 4, Index 6, MTMICRGetDevice returned 6, DeviceName: 
[2026-07-15 10:57:55] GetFirstDevice: Attempt 4, Index 7, MTMICRGetDevice returned 6, DeviceName: 
[2026-07-15 10:57:55] GetFirstDevice: Attempt 4, Index 8, MTMICRGetDevice returned 6, DeviceName: 
[2026-07-15 10:57:55] GetFirstDevice: Attempt 4, Index 9, MTMICRGetDevice returned 6, DeviceName: 
[2026-07-15 10:57:55] GetFirstDevice: Attempt 4, Index 10, MTMICRGetDevice returned 6, DeviceName: 
[2026-07-15 10:57:55] GetFirstDevice: Attempt 4, Index 11, MTMICRGetDevice returned 6, DeviceName: 
[2026-07-15 10:57:55] GetFirstDevice: Attempt 4, Index 12, MTMICRGetDevice returned 6, DeviceName: 
[2026-07-15 10:57:55] GetFirstDevice: Attempt 4, Index 13, MTMICRGetDevice returned 6, DeviceName: 
[2026-07-15 10:57:55] GetFirstDevice: Attempt 4, Index 14, MTMICRGetDevice returned 6, DeviceName: 
[2026-07-15 10:57:55] GetFirstDevice: Attempt 4, Index 15, MTMICRGetDevice returned 6, DeviceName: 
[2026-07-15 10:57:55] GetFirstDevice: Attempt 4, Index 16, MTMICRGetDevice returned 6, DeviceName: 
[2026-07-15 10:57:55] GetFirstDevice: Attempt 4, Index 17, MTMICRGetDevice returned 6, DeviceName: 
[2026-07-15 10:57:55] GetFirstDevice: Attempt 4, Index 18, MTMICRGetDevice returned 6, DeviceName: 
[2026-07-15 10:57:55] GetFirstDevice: Attempt 4, Index 19, MTMICRGetDevice returned 6, DeviceName: 
[2026-07-15 10:57:55] GetFirstDevice: Attempt 4, Index 20, MTMICRGetDevice returned 6, DeviceName: 
[2026-07-15 10:57:55] GetFirstDevice: No devices found on attempt 4, retrying...
[2026-07-15 10:57:57] GetFirstDevice: Attempt 5, Index 1, MTMICRGetDevice returned 6, DeviceName: 
[2026-07-15 10:57:57] GetFirstDevice: Attempt 5, Index 2, MTMICRGetDevice returned 6, DeviceName: 
[2026-07-15 10:57:57] GetFirstDevice: Attempt 5, Index 3, MTMICRGetDevice returned 6, DeviceName: 
[2026-07-15 10:57:57] GetFirstDevice: Attempt 5, Index 4, MTMICRGetDevice returned 6, DeviceName: 
[2026-07-15 10:57:57] GetFirstDevice: Attempt 5, Index 5, MTMICRGetDevice returned 6, DeviceName: 
[2026-07-15 10:57:57] GetFirstDevice: Attempt 5, Index 6, MTMICRGetDevice returned 6, DeviceName: 
[2026-07-15 10:57:57] GetFirstDevice: Attempt 5, Index 7, MTMICRGetDevice returned 6, DeviceName: 
[2026-07-15 10:57:57] GetFirstDevice: Attempt 5, Index 8, MTMICRGetDevice returned 6, DeviceName: 
[2026-07-15 10:57:57] GetFirstDevice: Attempt 5, Index 9, MTMICRGetDevice returned 6, DeviceName: 
[2026-07-15 10:57:57] GetFirstDevice: Attempt 5, Index 10, MTMICRGetDevice returned 6, DeviceName: 
[2026-07-15 10:57:57] GetFirstDevice: Attempt 5, Index 11, MTMICRGetDevice returned 6, DeviceName: 
[2026-07-15 10:57:57] GetFirstDevice: Attempt 5, Index 12, MTMICRGetDevice returned 6, DeviceName: 
[2026-07-15 10:57:57] GetFirstDevice: Attempt 5, Index 13, MTMICRGetDevice returned 6, DeviceName: 
[2026-07-15 10:57:57] GetFirstDevice: Attempt 5, Index 14, MTMICRGetDevice returned 6, DeviceName: 
[2026-07-15 10:57:57] GetFirstDevice: Attempt 5, Index 15, MTMICRGetDevice returned 6, DeviceName: 
[2026-07-15 10:57:57] GetFirstDevice: Attempt 5, Index 16, MTMICRGetDevice returned 6, DeviceName: 
[2026-07-15 10:57:57] GetFirstDevice: Attempt 5, Index 17, MTMICRGetDevice returned 6, DeviceName: 
[2026-07-15 10:57:57] GetFirstDevice: Attempt 5, Index 18, MTMICRGetDevice returned 6, DeviceName: 
[2026-07-15 10:57:57] GetFirstDevice: Attempt 5, Index 19, MTMICRGetDevice returned 6, DeviceName: 
[2026-07-15 10:57:57] GetFirstDevice: Attempt 5, Index 20, MTMICRGetDevice returned 6, DeviceName: 
[2026-07-15 10:57:57] GetFirstDevice: No devices found on attempt 5, retrying...
[2026-07-15 10:57:59] GetFirstDevice: No devices found after all retries.
[2026-07-15 10:57:59] GetDeviceStatus: No device found.
[2026-07-15 10:57:59] Dispose: Closing resources
[2026-07-15 10:57:59] Dispose: Closed log file handle
[2026-07-15 10:57:59] SetupLogging: Log file initialized at C:\Users\USG\Downloads\ChequeScannerApp\backend\ScannerApi\bin\Release\net6.0\win-x86\debug.log
[2026-07-15 10:57:59] Constructor: Initial DocType=CHECK
[2026-07-15 10:57:59] GetFirstDevice: Attempt 1, Index 1, MTMICRGetDevice returned 6, DeviceName: 
[2026-07-15 10:57:59] GetFirstDevice: Attempt 1, Index 2, MTMICRGetDevice returned 6, DeviceName: 
[2026-07-15 10:57:59] GetFirstDevice: Attempt 1, Index 3, MTMICRGetDevice returned 6, DeviceName: 
[2026-07-15 10:57:59] GetFirstDevice: Attempt 1, Index 4, MTMICRGetDevice returned 6, DeviceName: 
[2026-07-15 10:57:59] GetFirstDevice: Attempt 1, Index 5, MTMICRGetDevice returned 6, DeviceName: 
[2026-07-15 10:57:59] GetFirstDevice: Attempt 1, Index 6, MTMICRGetDevice returned 6, DeviceName: 
[2026-07-15 10:57:59] GetFirstDevice: Attempt 1, Index 7, MTMICRGetDevice returned 6, DeviceName: 
[2026-07-15 10:57:59] GetFirstDevice: Attempt 1, Index 8, MTMICRGetDevice returned 6, DeviceName: 
[2026-07-15 10:57:59] GetFirstDevice: Attempt 1, Index 9, MTMICRGetDevice returned 6, DeviceName: 
[2026-07-15 10:57:59] GetFirstDevice: Attempt 1, Index 10, MTMICRGetDevice returned 6, DeviceName: 
[2026-07-15 10:57:59] GetFirstDevice: Attempt 1, Index 11, MTMICRGetDevice returned 6, DeviceName: 
[2026-07-15 10:57:59] GetFirstDevice: Attempt 1, Index 12, MTMICRGetDevice returned 6, DeviceName: 
[2026-07-15 10:57:59] GetFirstDevice: Attempt 1, Index 13, MTMICRGetDevice returned 6, DeviceName: 
[2026-07-15 10:57:59] GetFirstDevice: Attempt 1, Index 14, MTMICRGetDevice returned 6, DeviceName: 
[2026-07-15 10:57:59] GetFirstDevice: Attempt 1, Index 15, MTMICRGetDevice returned 6, DeviceName: 
[2026-07-15 10:57:59] GetFirstDevice: Attempt 1, Index 16, MTMICRGetDevice returned 6, DeviceName: 
[2026-07-15 10:57:59] GetFirstDevice: Attempt 1, Index 17, MTMICRGetDevice returned 6, DeviceName: 
[2026-07-15 10:57:59] GetFirstDevice: Attempt 1, Index 18, MTMICRGetDevice returned 6, DeviceName: 
[2026-07-15 10:57:59] GetFirstDevice: Attempt 1, Index 19, MTMICRGetDevice returned 6, DeviceName: 
[2026-07-15 10:57:59] GetFirstDevice: Attempt 1, Index 20, MTMICRGetDevice returned 6, DeviceName: 
[2026-07-15 10:57:59] GetFirstDevice: No devices found on attempt 1, retrying...
[2026-07-15 10:58:01] GetFirstDevice: Attempt 2, Index 1, MTMICRGetDevice returned 6, DeviceName: 
[2026-07-15 10:58:01] GetFirstDevice: Attempt 2, Index 2, MTMICRGetDevice returned 6, DeviceName: 
[2026-07-15 10:58:01] GetFirstDevice: Attempt 2, Index 3, MTMICRGetDevice returned 6, DeviceName: 
[2026-07-15 10:58:01] GetFirstDevice: Attempt 2, Index 4, MTMICRGetDevice returned 6, DeviceName: 
[2026-07-15 10:58:01] GetFirstDevice: Attempt 2, Index 5, MTMICRGetDevice returned 6, DeviceName: 
[2026-07-15 10:58:01] GetFirstDevice: Attempt 2, Index 6, MTMICRGetDevice returned 6, DeviceName: 
[2026-07-15 10:58:01] GetFirstDevice: Attempt 2, Index 7, MTMICRGetDevice returned 6, DeviceName: 
[2026-07-15 10:58:01] GetFirstDevice: Attempt 2, Index 8, MTMICRGetDevice returned 6, DeviceName: 
[2026-07-15 10:58:01] GetFirstDevice: Attempt 2, Index 9, MTMICRGetDevice returned 6, DeviceName: 
[2026-07-15 10:58:01] GetFirstDevice: Attempt 2, Index 10, MTMICRGetDevice returned 6, DeviceName: 
[2026-07-15 10:58:01] GetFirstDevice: Attempt 2, Index 11, MTMICRGetDevice returned 6, DeviceName: 
[2026-07-15 10:58:01] GetFirstDevice: Attempt 2, Index 12, MTMICRGetDevice returned 6, DeviceName: 
[2026-07-15 10:58:01] GetFirstDevice: Attempt 2, Index 13, MTMICRGetDevice returned 6, DeviceName: 
[2026-07-15 10:58:01] GetFirstDevice: Attempt 2, Index 14, MTMICRGetDevice returned 6, DeviceName: 
[2026-07-15 10:58:01] GetFirstDevice: Attempt 2, Index 15, MTMICRGetDevice returned 6, DeviceName: 
[2026-07-15 10:58:01] GetFirstDevice: Attempt 2, Index 16, MTMICRGetDevice returned 6, DeviceName: 
[2026-07-15 10:58:01] GetFirstDevice: Attempt 2, Index 17, MTMICRGetDevice returned 6, DeviceName: 
[2026-07-15 10:58:01] GetFirstDevice: Attempt 2, Index 18, MTMICRGetDevice returned 6, DeviceName: 
[2026-07-15 10:58:01] GetFirstDevice: Attempt 2, Index 19, MTMICRGetDevice returned 6, DeviceName: 
[2026-07-15 10:58:01] GetFirstDevice: Attempt 2, Index 20, MTMICRGetDevice returned 6, DeviceName: 
[2026-07-15 10:58:01] GetFirstDevice: No devices found on attempt 2, retrying...
[2026-07-15 10:58:03] GetFirstDevice: Attempt 3, Index 1, MTMICRGetDevice returned 6, DeviceName: 
[2026-07-15 10:58:03] GetFirstDevice: Attempt 3, Index 2, MTMICRGetDevice returned 6, DeviceName: 
[2026-07-15 10:58:03] GetFirstDevice: Attempt 3, Index 3, MTMICRGetDevice returned 6, DeviceName: 
[2026-07-15 10:58:03] GetFirstDevice: Attempt 3, Index 4, MTMICRGetDevice returned 6, DeviceName: 
[2026-07-15 10:58:03] GetFirstDevice: Attempt 3, Index 5, MTMICRGetDevice returned 6, DeviceName: 
[2026-07-15 10:58:03] GetFirstDevice: Attempt 3, Index 6, MTMICRGetDevice returned 6, DeviceName: 
[2026-07-15 10:58:03] GetFirstDevice: Attempt 3, Index 7, MTMICRGetDevice returned 6, DeviceName: 
[2026-07-15 10:58:03] GetFirstDevice: Attempt 3, Index 8, MTMICRGetDevice returned 6, DeviceName: 
[2026-07-15 10:58:03] GetFirstDevice: Attempt 3, Index 9, MTMICRGetDevice returned 6, DeviceName: 
[2026-07-15 10:58:03] GetFirstDevice: Attempt 3, Index 10, MTMICRGetDevice returned 6, DeviceName: 
[2026-07-15 10:58:03] GetFirstDevice: Attempt 3, Index 11, MTMICRGetDevice returned 6, DeviceName: 
[2026-07-15 10:58:03] GetFirstDevice: Attempt 3, Index 12, MTMICRGetDevice returned 6, DeviceName: 
[2026-07-15 10:58:03] GetFirstDevice: Attempt 3, Index 13, MTMICRGetDevice returned 6, DeviceName: 
[2026-07-15 10:58:03] GetFirstDevice: Attempt 3, Index 14, MTMICRGetDevice returned 6, DeviceName: 
[2026-07-15 10:58:03] GetFirstDevice: Attempt 3, Index 15, MTMICRGetDevice returned 6, DeviceName: 
[2026-07-15 10:58:03] GetFirstDevice: Attempt 3, Index 16, MTMICRGetDevice returned 6, DeviceName: 
[2026-07-15 10:58:03] GetFirstDevice: Attempt 3, Index 17, MTMICRGetDevice returned 6, DeviceName: 
[2026-07-15 10:58:03] GetFirstDevice: Attempt 3, Index 18, MTMICRGetDevice returned 6, DeviceName: 
[2026-07-15 10:58:03] GetFirstDevice: Attempt 3, Index 19, MTMICRGetDevice returned 6, DeviceName: 
[2026-07-15 10:58:03] GetFirstDevice: Attempt 3, Index 20, MTMICRGetDevice returned 6, DeviceName: 
[2026-07-15 10:58:03] GetFirstDevice: No devices found on attempt 3, retrying...
[2026-07-15 10:58:05] GetFirstDevice: Attempt 4, Index 1, MTMICRGetDevice returned 6, DeviceName: 
[2026-07-15 10:58:05] GetFirstDevice: Attempt 4, Index 2, MTMICRGetDevice returned 6, DeviceName: 
[2026-07-15 10:58:05] GetFirstDevice: Attempt 4, Index 3, MTMICRGetDevice returned 6, DeviceName: 
[2026-07-15 10:58:05] GetFirstDevice: Attempt 4, Index 4, MTMICRGetDevice returned 6, DeviceName: 
[2026-07-15 10:58:05] GetFirstDevice: Attempt 4, Index 5, MTMICRGetDevice returned 6, DeviceName: 
[2026-07-15 10:58:05] GetFirstDevice: Attempt 4, Index 6, MTMICRGetDevice returned 6, DeviceName: 
[2026-07-15 10:58:05] GetFirstDevice: Attempt 4, Index 7, MTMICRGetDevice returned 6, DeviceName: 
[2026-07-15 10:58:05] GetFirstDevice: Attempt 4, Index 8, MTMICRGetDevice returned 6, DeviceName: 
[2026-07-15 10:58:05] GetFirstDevice: Attempt 4, Index 9, MTMICRGetDevice returned 6, DeviceName: 
[2026-07-15 10:58:05] GetFirstDevice: Attempt 4, Index 10, MTMICRGetDevice returned 6, DeviceName: 
[2026-07-15 10:58:05] GetFirstDevice: Attempt 4, Index 11, MTMICRGetDevice returned 6, DeviceName: 
[2026-07-15 10:58:05] GetFirstDevice: Attempt 4, Index 12, MTMICRGetDevice returned 6, DeviceName: 
[2026-07-15 10:58:05] GetFirstDevice: Attempt 4, Index 13, MTMICRGetDevice returned 6, DeviceName: 
[2026-07-15 10:58:05] GetFirstDevice: Attempt 4, Index 14, MTMICRGetDevice returned 6, DeviceName: 
[2026-07-15 10:58:05] GetFirstDevice: Attempt 4, Index 15, MTMICRGetDevice returned 6, DeviceName: 
[2026-07-15 10:58:05] GetFirstDevice: Attempt 4, Index 16, MTMICRGetDevice returned 6, DeviceName: 
[2026-07-15 10:58:05] GetFirstDevice: Attempt 4, Index 17, MTMICRGetDevice returned 6, DeviceName: 
[2026-07-15 10:58:05] GetFirstDevice: Attempt 4, Index 18, MTMICRGetDevice returned 6, DeviceName: 
[2026-07-15 10:58:05] GetFirstDevice: Attempt 4, Index 19, MTMICRGetDevice returned 6, DeviceName: 
[2026-07-15 10:58:05] GetFirstDevice: Attempt 4, Index 20, MTMICRGetDevice returned 6, DeviceName: 
[2026-07-15 10:58:05] GetFirstDevice: No devices found on attempt 4, retrying...
[2026-07-15 10:58:07] GetFirstDevice: Attempt 5, Index 1, MTMICRGetDevice returned 6, DeviceName: 
[2026-07-15 10:58:07] GetFirstDevice: Attempt 5, Index 2, MTMICRGetDevice returned 6, DeviceName: 
[2026-07-15 10:58:07] GetFirstDevice: Attempt 5, Index 3, MTMICRGetDevice returned 6, DeviceName: 
[2026-07-15 10:58:07] GetFirstDevice: Attempt 5, Index 4, MTMICRGetDevice returned 6, DeviceName: 
[2026-07-15 10:58:07] GetFirstDevice: Attempt 5, Index 5, MTMICRGetDevice returned 6, DeviceName: 
[2026-07-15 10:58:07] GetFirstDevice: Attempt 5, Index 6, MTMICRGetDevice returned 6, DeviceName: 
[2026-07-15 10:58:07] GetFirstDevice: Attempt 5, Index 7, MTMICRGetDevice returned 6, DeviceName: 
[2026-07-15 10:58:07] GetFirstDevice: Attempt 5, Index 8, MTMICRGetDevice returned 6, DeviceName: 
[2026-07-15 10:58:07] GetFirstDevice: Attempt 5, Index 9, MTMICRGetDevice returned 6, DeviceName: 
[2026-07-15 10:58:07] GetFirstDevice: Attempt 5, Index 10, MTMICRGetDevice returned 6, DeviceName: 
[2026-07-15 10:58:07] GetFirstDevice: Attempt 5, Index 11, MTMICRGetDevice returned 6, DeviceName: 
[2026-07-15 10:58:07] GetFirstDevice: Attempt 5, Index 12, MTMICRGetDevice returned 6, DeviceName: 
[2026-07-15 10:58:07] GetFirstDevice: Attempt 5, Index 13, MTMICRGetDevice returned 6, DeviceName: 
[2026-07-15 10:58:07] GetFirstDevice: Attempt 5, Index 14, MTMICRGetDevice returned 6, DeviceName: 
[2026-07-15 10:58:07] GetFirstDevice: Attempt 5, Index 15, MTMICRGetDevice returned 6, DeviceName: 
[2026-07-15 10:58:07] GetFirstDevice: Attempt 5, Index 16, MTMICRGetDevice returned 6, DeviceName: 
[2026-07-15 10:58:07] GetFirstDevice: Attempt 5, Index 17, MTMICRGetDevice returned 6, DeviceName: 
[2026-07-15 10:58:07] GetFirstDevice: Attempt 5, Index 18, MTMICRGetDevice returned 6, DeviceName: 
[2026-07-15 10:58:07] GetFirstDevice: Attempt 5, Index 19, MTMICRGetDevice returned 6, DeviceName: 
[2026-07-15 10:58:07] GetFirstDevice: Attempt 5, Index 20, MTMICRGetDevice returned 6, DeviceName: 
[2026-07-15 10:58:07] GetFirstDevice: No devices found on attempt 5, retrying...
[2026-07-15 10:58:09] GetFirstDevice: No devices found after all retries.
[2026-07-15 10:58:09] GetDeviceStatus: No device found.
[2026-07-15 10:58:09] Dispose: Closing resources
[2026-07-15 10:58:09] Dispose: Closed log file handle
GetFirstDevice: Attempt 3, Index 1, MTMICRGetDevice returned 6, DeviceName: 
[2026-07-15 10:58:08] GetFirstDevice: Attempt 3, Index 2, MTMICRGetDevice returned 6, DeviceName: 
[2026-07-15 10:58:08] GetFirstDevice: Attempt 3, Index 3, MTMICRGetDevice returned 6, DeviceName: 
[2026-07-15 10:58:08] GetFirstDevice: Attempt 3, Index 4, MTMICRGetDevice returned 6, DeviceName: 
[2026-07-15 10:58:08] GetFirstDevice: Attempt 3, Index 5, MTMICRGetDevice returned 6, DeviceName: 
[2026-07-15 10:58:08] GetFirstDevice: Attempt 3, Index 6, MTMICRGetDevice returned 6, DeviceName: 
[2026-07-15 10:58:08] GetFirstDevice: Attempt 3, Index 7, MTMICRGetDevice returned 6, DeviceName: 
[2026-07-15 10:58:08] GetFirstDevice: Attempt 3, Index 8, MTMICRGetDevice returned 6, DeviceName: 
[2026-07-15 10:58:08] GetFirstDevice: Attempt 3, Index 9, MTMICRGetDevice returned 6, DeviceName: 
[2026-07-15 10:58:08] GetFirstDevice: Attempt 3, Index 10, MTMICRGetDevice returned 6, DeviceName: 
[2026-07-15 10:58:08] GetFirstDevice: Attempt 3, Index 11, MTMICRGetDevice returned 6, DeviceName: 
[2026-07-15 10:58:08] GetFirstDevice: Attempt 3, Index 12, MTMICRGetDevice returned 6, DeviceName: 
[2026-07-15 10:58:08] GetFirstDevice: Attempt 3, Index 13, MTMICRGetDevice returned 6, DeviceName: 
[2026-07-15 10:58:08] GetFirstDevice: Attempt 3, Index 14, MTMICRGetDevice returned 6, DeviceName: 
[2026-07-15 10:58:08] GetFirstDevice: Attempt 3, Index 15, MTMICRGetDevice returned 6, DeviceName: 
[2026-07-15 10:58:08] GetFirstDevice: Attempt 3, Index 16, MTMICRGetDevice returned 6, DeviceName: 
[2026-07-15 10:58:08] GetFirstDevice: Attempt 3, Index 17, MTMICRGetDevice returned 6, DeviceName: 
[2026-07-15 10:58:08] GetFirstDevice: Attempt 3, Index 18, MTMICRGetDevice returned 6, DeviceName: 
[2026-07-15 10:58:08] GetFirstDevice: Attempt 3, Index 19, MTMICRGetDevice returned 6, DeviceName: 
[2026-07-15 10:58:08] GetFirstDevice: Attempt 3, Index 20, MTMICRGetDevice returned 6, DeviceName: 
[2026-07-15 10:58:08] GetFirstDevice: No devices found on attempt 3, retrying...
[2026-07-15 10:58:10] GetFirstDevice: Attempt 4, Index 1, MTMICRGetDevice returned 6, DeviceName: 
[2026-07-15 10:58:10] GetFirstDevice: Attempt 4, Index 2, MTMICRGetDevice returned 6, DeviceName: 
[2026-07-15 10:58:10] GetFirstDevice: Attempt 4, Index 3, MTMICRGetDevice returned 6, DeviceName: 
[2026-07-15 10:58:10] GetFirstDevice: Attempt 4, Index 4, MTMICRGetDevice returned 6, DeviceName: 
[2026-07-15 10:58:10] GetFirstDevice: Attempt 4, Index 5, MTMICRGetDevice returned 6, DeviceName: 
[2026-07-15 10:58:10] GetFirstDevice: Attempt 4, Index 6, MTMICRGetDevice returned 6, DeviceName: 
[2026-07-15 10:58:10] GetFirstDevice: Attempt 4, Index 7, MTMICRGetDevice returned 6, DeviceName: 
[2026-07-15 10:58:10] GetFirstDevice: Attempt 4, Index 8, MTMICRGetDevice returned 6, DeviceName: 
[2026-07-15 10:58:10] GetFirstDevice: Attempt 4, Index 9, MTMICRGetDevice returned 6, DeviceName: 
[2026-07-15 10:58:10] GetFirstDevice: Attempt 4, Index 10, MTMICRGetDevice returned 6, DeviceName: 
[2026-07-15 10:58:10] GetFirstDevice: Attempt 4, Index 11, MTMICRGetDevice returned 6, DeviceName: 
[2026-07-15 10:58:10] GetFirstDevice: Attempt 4, Index 12, MTMICRGetDevice returned 6, DeviceName: 
[2026-07-15 10:58:10] GetFirstDevice: Attempt 4, Index 13, MTMICRGetDevice returned 6, DeviceName: 
[2026-07-15 10:58:10] GetFirstDevice: Attempt 4, Index 14, MTMICRGetDevice returned 6, DeviceName: 
[2026-07-15 10:58:10] GetFirstDevice: Attempt 4, Index 15, MTMICRGetDevice returned 6, DeviceName: 
[2026-07-15 10:58:10] GetFirstDevice: Attempt 4, Index 16, MTMICRGetDevice returned 6, DeviceName: 
[2026-07-15 10:58:10] GetFirstDevice: Attempt 4, Index 17, MTMICRGetDevice returned 6, DeviceName: 
[2026-07-15 10:58:10] GetFirstDevice: Attempt 4, Index 18, MTMICRGetDevice returned 6, DeviceName: 
[2026-07-15 10:58:10] GetFirstDevice: Attempt 4, Index 19, MTMICRGetDevice returned 6, DeviceName: 
[2026-07-15 10:58:10] GetFirstDevice: Attempt 4, Index 20, MTMICRGetDevice returned 6, DeviceName: 
[2026-07-15 10:58:10] GetFirstDevice: No devices found on attempt 4, retrying...
[2026-07-15 10:58:12] GetFirstDevice: Attempt 5, Index 1, MTMICRGetDevice returned 6, DeviceName: 
[2026-07-15 10:58:12] GetFirstDevice: Attempt 5, Index 2, MTMICRGetDevice returned 6, DeviceName: 
[2026-07-15 10:58:12] GetFirstDevice: Attempt 5, Index 3, MTMICRGetDevice returned 6, DeviceName: 
[2026-07-15 10:58:12] GetFirstDevice: Attempt 5, Index 4, MTMICRGetDevice returned 6, DeviceName: 
[2026-07-15 10:58:12] GetFirstDevice: Attempt 5, Index 5, MTMICRGetDevice returned 6, DeviceName: 
[2026-07-15 10:58:12] GetFirstDevice: Attempt 5, Index 6, MTMICRGetDevice returned 6, DeviceName: 
[2026-07-15 10:58:12] GetFirstDevice: Attempt 5, Index 7, MTMICRGetDevice returned 6, DeviceName: 
[2026-07-15 10:58:12] GetFirstDevice: Attempt 5, Index 8, MTMICRGetDevice returned 6, DeviceName: 
[2026-07-15 10:58:12] GetFirstDevice: Attempt 5, Index 9, MTMICRGetDevice returned 6, DeviceName: 
[2026-07-15 10:58:12] GetFirstDevice: Attempt 5, Index 10, MTMICRGetDevice returned 6, DeviceName: 
[2026-07-15 10:58:12] GetFirstDevice: Attempt 5, Index 11, MTMICRGetDevice returned 6, DeviceName: 
[2026-07-15 10:58:12] GetFirstDevice: Attempt 5, Index 12, MTMICRGetDevice returned 6, DeviceName: 
[2026-07-15 10:58:12] GetFirstDevice: Attempt 5, Index 13, MTMICRGetDevice returned 6, DeviceName: 
[2026-07-15 10:58:12] GetFirstDevice: Attempt 5, Index 14, MTMICRGetDevice returned 6, DeviceName: 
[2026-07-15 10:58:12] GetFirstDevice: Attempt 5, Index 15, MTMICRGetDevice returned 6, DeviceName: 
[2026-07-15 10:58:12] GetFirstDevice: Attempt 5, Index 16, MTMICRGetDevice returned 6, DeviceName: 
[2026-07-15 10:58:12] GetFirstDevice: Attempt 5, Index 17, MTMICRGetDevice returned 6, DeviceName: 
[2026-07-15 10:58:12] GetFirstDevice: Attempt 5, Index 18, MTMICRGetDevice returned 6, DeviceName: 
[2026-07-15 10:58:12] GetFirstDevice: Attempt 5, Index 19, MTMICRGetDevice returned 6, DeviceName: 
[2026-07-15 10:58:12] GetFirstDevice: Attempt 5, Index 20, MTMICRGetDevice returned 6, DeviceName: 
[2026-07-15 10:58:12] GetFirstDevice: No devices found on attempt 5, retrying...
[2026-07-15 10:58:14] GetFirstDevice: No devices found after all retries.
[2026-07-15 10:58:14] ConnectDevice: No device found
[2026-07-15 10:58:14] Dispose: Closing resources
[2026-07-15 10:58:14] Dispose: Closed log file handle
[2026-07-15 10:58:17] SetupLogging: Log file initialized at C:\Users\USG\Downloads\ChequeScannerApp\backend\ScannerApi\bin\Release\net6.0\win-x86\debug.log
[2026-07-15 10:58:17] Constructor: Initial DocType=CHECK
[2026-07-15 10:58:17] GetFirstDevice: Attempt 1, Index 1, MTMICRGetDevice returned 6, DeviceName: 
[2026-07-15 10:58:17] GetFirstDevice: Attempt 1, Index 2, MTMICRGetDevice returned 6, DeviceName: 
[2026-07-15 10:58:17] GetFirstDevice: Attempt 1, Index 3, MTMICRGetDevice returned 6, DeviceName: 
[2026-07-15 10:58:17] GetFirstDevice: Attempt 1, Index 4, MTMICRGetDevice returned 6, DeviceName: 
[2026-07-15 10:58:17] GetFirstDevice: Attempt 1, Index 5, MTMICRGetDevice returned 6, DeviceName: 
[2026-07-15 10:58:17] GetFirstDevice: Attempt 1, Index 6, MTMICRGetDevice returned 6, DeviceName: 
[2026-07-15 10:58:17] GetFirstDevice: Attempt 1, Index 7, MTMICRGetDevice returned 6, DeviceName: 
[2026-07-15 10:58:17] GetFirstDevice: Attempt 1, Index 8, MTMICRGetDevice returned 6, DeviceName: 
[2026-07-15 10:58:17] GetFirstDevice: Attempt 1, Index 9, MTMICRGetDevice returned 6, DeviceName: 
[2026-07-15 10:58:17] GetFirstDevice: Attempt 1, Index 10, MTMICRGetDevice returned 6, DeviceName: 
[2026-07-15 10:58:17] GetFirstDevice: Attempt 1, Index 11, MTMICRGetDevice returned 6, DeviceName: 
[2026-07-15 10:58:17] GetFirstDevice: Attempt 1, Index 12, MTMICRGetDevice returned 6, DeviceName: 
[2026-07-15 10:58:17] GetFirstDevice: Attempt 1, Index 13, MTMICRGetDevice returned 6, DeviceName: 
[2026-07-15 10:58:17] GetFirstDevice: Attempt 1, Index 14, MTMICRGetDevice returned 6, DeviceName: 
[2026-07-15 10:58:17] GetFirstDevice: Attempt 1, Index 15, MTMICRGetDevice returned 6, DeviceName: 
[2026-07-15 10:58:17] GetFirstDevice: Attempt 1, Index 16, MTMICRGetDevice returned 6, DeviceName: 
[2026-07-15 10:58:17] GetFirstDevice: Attempt 1, Index 17, MTMICRGetDevice returned 6, DeviceName: 
[2026-07-15 10:58:17] GetFirstDevice: Attempt 1, Index 18, MTMICRGetDevice returned 6, DeviceName: 
[2026-07-15 10:58:17] GetFirstDevice: Attempt 1, Index 19, MTMICRGetDevice returned 6, DeviceName: 
[2026-07-15 10:58:17] GetFirstDevice: Attempt 1, Index 20, MTMICRGetDevice returned 6, DeviceName: 
[2026-07-15 10:58:17] GetFirstDevice: No devices found on attempt 1, retrying...
[2026-07-15 10:58:19] GetFirstDevice: Attempt 2, Index 1, MTMICRGetDevice returned 6, DeviceName: 
[2026-07-15 10:58:19] GetFirstDevice: Attempt 2, Index 2, MTMICRGetDevice returned 6, DeviceName: 
[2026-07-15 10:58:19] GetFirstDevice: Attempt 2, Index 3, MTMICRGetDevice returned 6, DeviceName: 
[2026-07-15 10:58:19] GetFirstDevice: Attempt 2, Index 4, MTMICRGetDevice returned 6, DeviceName: 
[2026-07-15 10:58:19] GetFirstDevice: Attempt 2, Index 5, MTMICRGetDevice returned 6, DeviceName: 
[2026-07-15 10:58:19] GetFirstDevice: Attempt 2, Index 6, MTMICRGetDevice returned 6, DeviceName: 
[2026-07-15 10:58:19] GetFirstDevice: Attempt 2, Index 7, MTMICRGetDevice returned 6, DeviceName: 
[2026-07-15 10:58:19] GetFirstDevice: Attempt 2, Index 8, MTMICRGetDevice returned 6, DeviceName: 
[2026-07-15 10:58:19] GetFirstDevice: Attempt 2, Index 9, MTMICRGetDevice returned 6, DeviceName: 
[2026-07-15 10:58:19] GetFirstDevice: Attempt 2, Index 10, MTMICRGetDevice returned 6, DeviceName: 
[2026-07-15 10:58:19] GetFirstDevice: Attempt 2, Index 11, MTMICRGetDevice returned 6, DeviceName: 
[2026-07-15 10:58:19] GetFirstDevice: Attempt 2, Index 12, MTMICRGetDevice returned 6, DeviceName: 
[2026-07-15 10:58:19] GetFirstDevice: Attempt 2, Index 13, MTMICRGetDevice returned 6, DeviceName: 
[2026-07-15 10:58:19] GetFirstDevice: Attempt 2, Index 14, MTMICRGetDevice returned 6, DeviceName: 
[2026-07-15 10:58:19] GetFirstDevice: Attempt 2, Index 15, MTMICRGetDevice returned 6, DeviceName: 
[2026-07-15 10:58:19] GetFirstDevice: Attempt 2, Index 16, MTMICRGetDevice returned 6, DeviceName: 
[2026-07-15 10:58:19] GetFirstDevice: Attempt 2, Index 17, MTMICRGetDevice returned 6, DeviceName: 
[2026-07-15 10:58:19] GetFirstDevice: Attempt 2, Index 18, MTMICRGetDevice returned 6, DeviceName: 
[2026-07-15 10:58:19] GetFirstDevice: Attempt 2, Index 19, MTMICRGetDevice returned 6, DeviceName: 
[2026-07-15 10:58:19] GetFirstDevice: Attempt 2, Index 20, MTMICRGetDevice returned 6, DeviceName: 
[2026-07-15 10:58:19] GetFirstDevice: No devices found on attempt 2, retrying...
[2026-07-15 10:58:21] GetFirstDevice: Attempt 3, Index 1, MTMICRGetDevice returned 6, DeviceName: 
[2026-07-15 10:58:21] GetFirstDevice: Attempt 3, Index 2, MTMICRGetDevice returned 6, DeviceName: 
[2026-07-15 10:58:21] GetFirstDevice: Attempt 3, Index 3, MTMICRGetDevice returned 6, DeviceName: 
[2026-07-15 10:58:21] GetFirstDevice: Attempt 3, Index 4, MTMICRGetDevice returned 6, DeviceName: 
[2026-07-15 10:58:21] GetFirstDevice: Attempt 3, Index 5, MTMICRGetDevice returned 6, DeviceName: 
[2026-07-15 10:58:21] GetFirstDevice: Attempt 3, Index 6, MTMICRGetDevice returned 6, DeviceName: 
[2026-07-15 10:58:21] GetFirstDevice: Attempt 3, Index 7, MTMICRGetDevice returned 6, DeviceName: 
[2026-07-15 10:58:21] GetFirstDevice: Attempt 3, Index 8, MTMICRGetDevice returned 6, DeviceName: 
[2026-07-15 10:58:21] GetFirstDevice: Attempt 3, Index 9, MTMICRGetDevice returned 6, DeviceName: 
[2026-07-15 10:58:21] GetFirstDevice: Attempt 3, Index 10, MTMICRGetDevice returned 6, DeviceName: 
[2026-07-15 10:58:21] GetFirstDevice: Attempt 3, Index 11, MTMICRGetDevice returned 6, DeviceName: 
[2026-07-15 10:58:21] GetFirstDevice: Attempt 3, Index 12, MTMICRGetDevice returned 6, DeviceName: 
[2026-07-15 10:58:21] GetFirstDevice: Attempt 3, Index 13, MTMICRGetDevice returned 6, DeviceName: 
[2026-07-15 10:58:21] GetFirstDevice: Attempt 3, Index 14, MTMICRGetDevice returned 6, DeviceName: 
[2026-07-15 10:58:21] GetFirstDevice: Attempt 3, Index 15, MTMICRGetDevice returned 6, DeviceName: 
[2026-07-15 10:58:21] GetFirstDevice: Attempt 3, Index 16, MTMICRGetDevice returned 6, DeviceName: 
[2026-07-15 10:58:21] GetFirstDevice: Attempt 3, Index 17, MTMICRGetDevice returned 6, DeviceName: 
[2026-07-15 10:58:21] GetFirstDevice: Attempt 3, Index 18, MTMICRGetDevice returned 6, DeviceName: 
[2026-07-15 10:58:21] GetFirstDevice: Attempt 3, Index 19, MTMICRGetDevice returned 6, DeviceName: 
[2026-07-15 10:58:21] GetFirstDevice: Attempt 3, Index 20, MTMICRGetDevice returned 6, DeviceName: 
[2026-07-15 10:58:21] GetFirstDevice: No devices found on attempt 3, retrying...
[2026-07-15 10:58:23] GetFirstDevice: Attempt 4, Index 1, MTMICRGetDevice returned 6, DeviceName: 
[2026-07-15 10:58:23] GetFirstDevice: Attempt 4, Index 2, MTMICRGetDevice returned 6, DeviceName: 
[2026-07-15 10:58:23] GetFirstDevice: Attempt 4, Index 3, MTMICRGetDevice returned 6, DeviceName: 
[2026-07-15 10:58:23] GetFirstDevice: Attempt 4, Index 4, MTMICRGetDevice returned 6, DeviceName: 
[2026-07-15 10:58:23] GetFirstDevice: Attempt 4, Index 5, MTMICRGetDevice returned 6, DeviceName: 
[2026-07-15 10:58:23] GetFirstDevice: Attempt 4, Index 6, MTMICRGetDevice returned 6, DeviceName: 
[2026-07-15 10:58:23] GetFirstDevice: Attempt 4, Index 7, MTMICRGetDevice returned 6, DeviceName: 
[2026-07-15 10:58:23] GetFirstDevice: Attempt 4, Index 8, MTMICRGetDevice returned 6, DeviceName: 
[2026-07-15 10:58:23] GetFirstDevice: Attempt 4, Index 9, MTMICRGetDevice returned 6, DeviceName: 
[2026-07-15 10:58:23] GetFirstDevice: Attempt 4, Index 10, MTMICRGetDevice returned 6, DeviceName: 
[2026-07-15 10:58:23] GetFirstDevice: Attempt 4, Index 11, MTMICRGetDevice returned 6, DeviceName: 
[2026-07-15 10:58:23] GetFirstDevice: Attempt 4, Index 12, MTMICRGetDevice returned 6, DeviceName: 
[2026-07-15 10:58:23] GetFirstDevice: Attempt 4, Index 13, MTMICRGetDevice returned 6, DeviceName: 
[2026-07-15 10:58:23] GetFirstDevice: Attempt 4, Index 14, MTMICRGetDevice returned 6, DeviceName: 
[2026-07-15 10:58:23] GetFirstDevice: Attempt 4, Index 15, MTMICRGetDevice returned 6, DeviceName: 
[2026-07-15 10:58:23] GetFirstDevice: Attempt 4, Index 16, MTMICRGetDevice returned 6, DeviceName: 
[2026-07-15 10:58:23] GetFirstDevice: Attempt 4, Index 17, MTMICRGetDevice returned 6, DeviceName: 
[2026-07-15 10:58:23] GetFirstDevice: Attempt 4, Index 18, MTMICRGetDevice returned 6, DeviceName: 
[2026-07-15 10:58:23] GetFirstDevice: Attempt 4, Index 19, MTMICRGetDevice returned 6, DeviceName: 
[2026-07-15 10:58:23] GetFirstDevice: Attempt 4, Index 20, MTMICRGetDevice returned 6, DeviceName: 
[2026-07-15 10:58:23] GetFirstDevice: No devices found on attempt 4, retrying...
[2026-07-15 10:58:25] GetFirstDevice: Attempt 5, Index 1, MTMICRGetDevice returned 6, DeviceName: 
[2026-07-15 10:58:25] GetFirstDevice: Attempt 5, Index 2, MTMICRGetDevice returned 6, DeviceName: 
[2026-07-15 10:58:25] GetFirstDevice: Attempt 5, Index 3, MTMICRGetDevice returned 6, DeviceName: 
[2026-07-15 10:58:25] GetFirstDevice: Attempt 5, Index 4, MTMICRGetDevice returned 6, DeviceName: 
[2026-07-15 10:58:25] GetFirstDevice: Attempt 5, Index 5, MTMICRGetDevice returned 6, DeviceName: 
[2026-07-15 10:58:25] GetFirstDevice: Attempt 5, Index 6, MTMICRGetDevice returned 6, DeviceName: 
[2026-07-15 10:58:25] GetFirstDevice: Attempt 5, Index 7, MTMICRGetDevice returned 6, DeviceName: 
[2026-07-15 10:58:25] GetFirstDevice: Attempt 5, Index 8, MTMICRGetDevice returned 6, DeviceName: 
[2026-07-15 10:58:25] GetFirstDevice: Attempt 5, Index 9, MTMICRGetDevice returned 6, DeviceName: 
[2026-07-15 10:58:25] GetFirstDevice: Attempt 5, Index 10, MTMICRGetDevice returned 6, DeviceName: 
[2026-07-15 10:58:25] GetFirstDevice: Attempt 5, Index 11, MTMICRGetDevice returned 6, DeviceName: 
[2026-07-15 10:58:25] GetFirstDevice: Attempt 5, Index 12, MTMICRGetDevice returned 6, DeviceName: 
[2026-07-15 10:58:25] GetFirstDevice: Attempt 5, Index 13, MTMICRGetDevice returned 6, DeviceName: 
[2026-07-15 10:58:25] GetFirstDevice: Attempt 5, Index 14, MTMICRGetDevice returned 6, DeviceName: 
[2026-07-15 10:58:25] GetFirstDevice: Attempt 5, Index 15, MTMICRGetDevice returned 6, DeviceName: 
[2026-07-15 10:58:25] GetFirstDevice: Attempt 5, Index 16, MTMICRGetDevice returned 6, DeviceName: 
[2026-07-15 10:58:25] GetFirstDevice: Attempt 5, Index 17, MTMICRGetDevice returned 6, DeviceName: 
[2026-07-15 10:58:25] GetFirstDevice: Attempt 5, Index 18, MTMICRGetDevice returned 6, DeviceName: 
[2026-07-15 10:58:25] GetFirstDevice: Attempt 5, Index 19, MTMICRGetDevice returned 6, DeviceName: 
[2026-07-15 10:58:25] GetFirstDevice: Attempt 5, Index 20, MTMICRGetDevice returned 6, DeviceName: 
[2026-07-15 10:58:25] GetFirstDevice: No devices found on attempt 5, retrying...
[2026-07-15 10:58:27] GetFirstDevice: No devices found after all retries.
[2026-07-15 10:58:27] ConnectDevice: No device found
[2026-07-15 10:58:27] Dispose: Closing resources
[2026-07-15 10:58:27] Dispose: Closed log file handle
[2026-07-15 10:58:37] SetupLogging: Log file initialized at C:\Users\USG\Downloads\ChequeScannerApp\backend\ScannerApi\bin\Release\net6.0\win-x86\debug.log
[2026-07-15 10:58:37] Constructor: Initial DocType=CHECK
[2026-07-15 10:58:37] GetFirstDevice: Attempt 1, Index 1, MTMICRGetDevice returned 6, DeviceName: 
[2026-07-15 10:58:37] GetFirstDevice: Attempt 1, Index 2, MTMICRGetDevice returned 6, DeviceName: 
[2026-07-15 10:58:37] GetFirstDevice: Attempt 1, Index 3, MTMICRGetDevice returned 6, DeviceName: 
[2026-07-15 10:58:37] GetFirstDevice: Attempt 1, Index 4, MTMICRGetDevice returned 6, DeviceName: 
[2026-07-15 10:58:37] GetFirstDevice: Attempt 1, Index 5, MTMICRGetDevice returned 6, DeviceName: 
[2026-07-15 10:58:37] GetFirstDevice: Attempt 1, Index 6, MTMICRGetDevice returned 6, DeviceName: 
[2026-07-15 10:58:37] GetFirstDevice: Attempt 1, Index 7, MTMICRGetDevice returned 6, DeviceName: 
[2026-07-15 10:58:37] GetFirstDevice: Attempt 1, Index 8, MTMICRGetDevice returned 6, DeviceName: 
[2026-07-15 10:58:37] GetFirstDevice: Attempt 1, Index 9, MTMICRGetDevice returned 6, DeviceName: 
[2026-07-15 10:58:37] GetFirstDevice: Attempt 1, Index 10, MTMICRGetDevice returned 6, DeviceName: 
[2026-07-15 10:58:37] GetFirstDevice: Attempt 1, Index 11, MTMICRGetDevice returned 6, DeviceName: 
[2026-07-15 10:58:37] GetFirstDevice: Attempt 1, Index 12, MTMICRGetDevice returned 6, DeviceName: 
[2026-07-15 10:58:37] GetFirstDevice: Attempt 1, Index 13, MTMICRGetDevice returned 6, DeviceName: 
[2026-07-15 10:58:37] GetFirstDevice: Attempt 1, Index 14, MTMICRGetDevice returned 6, DeviceName: 
[2026-07-15 10:58:37] GetFirstDevice: Attempt 1, Index 15, MTMICRGetDevice returned 6, DeviceName: 
[2026-07-15 10:58:37] GetFirstDevice: Attempt 1, Index 16, MTMICRGetDevice returned 6, DeviceName: 
[2026-07-15 10:58:37] GetFirstDevice: Attempt 1, Index 17, MTMICRGetDevice returned 6, DeviceName: 
[2026-07-15 10:58:37] GetFirstDevice: Attempt 1, Index 18, MTMICRGetDevice returned 6, DeviceName: 
[2026-07-15 10:58:37] GetFirstDevice: Attempt 1, Index 19, MTMICRGetDevice returned 6, DeviceName: 
[2026-07-15 10:58:37] GetFirstDevice: Attempt 1, Index 20, MTMICRGetDevice returned 6, DeviceName: 
[2026-07-15 10:58:37] GetFirstDevice: No devices found on attempt 1, retrying...
[2026-07-15 10:58:39] GetFirstDevice: Attempt 2, Index 1, MTMICRGetDevice returned 6, DeviceName: 
[2026-07-15 10:58:39] GetFirstDevice: Attempt 2, Index 2, MTMICRGetDevice returned 6, DeviceName: 
[2026-07-15 10:58:39] GetFirstDevice: Attempt 2, Index 3, MTMICRGetDevice returned 6, DeviceName: 
[2026-07-15 10:58:39] GetFirstDevice: Attempt 2, Index 4, MTMICRGetDevice returned 6, DeviceName: 
[2026-07-15 10:58:39] GetFirstDevice: Attempt 2, Index 5, MTMICRGetDevice returned 6, DeviceName: 
[2026-07-15 10:58:39] GetFirstDevice: Attempt 2, Index 6, MTMICRGetDevice returned 6, DeviceName: 
[2026-07-15 10:58:39] GetFirstDevice: Attempt 2, Index 7, MTMICRGetDevice returned 6, DeviceName: 
[2026-07-15 10:58:39] GetFirstDevice: Attempt 2, Index 8, MTMICRGetDevice returned 6, DeviceName: 
[2026-07-15 10:58:39] GetFirstDevice: Attempt 2, Index 9, MTMICRGetDevice returned 6, DeviceName: 
[2026-07-15 10:58:39] GetFirstDevice: Attempt 2, Index 10, MTMICRGetDevice returned 6, DeviceName: 
[2026-07-15 10:58:39] GetFirstDevice: Attempt 2, Index 11, MTMICRGetDevice returned 6, DeviceName: 
[2026-07-15 10:58:39] GetFirstDevice: Attempt 2, Index 12, MTMICRGetDevice returned 6, DeviceName: 
[2026-07-15 10:58:39] GetFirstDevice: Attempt 2, Index 13, MTMICRGetDevice returned 6, DeviceName: 
[2026-07-15 10:58:39] GetFirstDevice: Attempt 2, Index 14, MTMICRGetDevice returned 6, DeviceName: 
[2026-07-15 10:58:39] GetFirstDevice: Attempt 2, Index 15, MTMICRGetDevice returned 6, DeviceName: 
[2026-07-15 10:58:39] GetFirstDevice: Attempt 2, Index 16, MTMICRGetDevice returned 6, DeviceName: 
[2026-07-15 10:58:39] GetFirstDevice: Attempt 2, Index 17, MTMICRGetDevice returned 6, DeviceName: 
[2026-07-15 10:58:39] GetFirstDevice: Attempt 2, Index 18, MTMICRGetDevice returned 6, DeviceName: 
[2026-07-15 10:58:39] GetFirstDevice: Attempt 2, Index 19, MTMICRGetDevice returned 6, DeviceName: 
[2026-07-15 10:58:39] GetFirstDevice: Attempt 2, Index 20, MTMICRGetDevice returned 6, DeviceName: 
[2026-07-15 10:58:39] GetFirstDevice: No devices found on attempt 2, retrying...
[2026-07-15 10:58:41] GetFirstDevice: Attempt 3, Index 1, MTMICRGetDevice returned 6, DeviceName: 
[2026-07-15 10:58:41] GetFirstDevice: Attempt 3, Index 2, MTMICRGetDevice returned 6, DeviceName: 
[2026-07-15 10:58:41] GetFirstDevice: Attempt 3, Index 3, MTMICRGetDevice returned 6, DeviceName: 
[2026-07-15 10:58:41] GetFirstDevice: Attempt 3, Index 4, MTMICRGetDevice returned 6, DeviceName: 
[2026-07-15 10:58:41] GetFirstDevice: Attempt 3, Index 5, MTMICRGetDevice returned 6, DeviceName: 
[2026-07-15 10:58:41] GetFirstDevice: Attempt 3, Index 6, MTMICRGetDevice returned 6, DeviceName: 
[2026-07-15 10:58:41] GetFirstDevice: Attempt 3, Index 7, MTMICRGetDevice returned 6, DeviceName: 
[2026-07-15 10:58:41] GetFirstDevice: Attempt 3, Index 8, MTMICRGetDevice returned 6, DeviceName: 
[2026-07-15 10:58:41] GetFirstDevice: Attempt 3, Index 9, MTMICRGetDevice returned 6, DeviceName: 
[2026-07-15 10:58:41] GetFirstDevice: Attempt 3, Index 10, MTMICRGetDevice returned 6, DeviceName: 
[2026-07-15 10:58:41] GetFirstDevice: Attempt 3, Index 11, MTMICRGetDevice returned 6, DeviceName: 
[2026-07-15 10:58:41] GetFirstDevice: Attempt 3, Index 12, MTMICRGetDevice returned 6, DeviceName: 
[2026-07-15 10:58:41] GetFirstDevice: Attempt 3, Index 13, MTMICRGetDevice returned 6, DeviceName: 
[2026-07-15 10:58:41] GetFirstDevice: Attempt 3, Index 14, MTMICRGetDevice returned 6, DeviceName: 
[2026-07-15 10:58:41] GetFirstDevice: Attempt 3, Index 15, MTMICRGetDevice returned 6, DeviceName: 
[2026-07-15 10:58:41] GetFirstDevice: Attempt 3, Index 16, MTMICRGetDevice returned 6, DeviceName: 
[2026-07-15 10:58:41] GetFirstDevice: Attempt 3, Index 17, MTMICRGetDevice returned 6, DeviceName: 
[2026-07-15 10:58:41] GetFirstDevice: Attempt 3, Index 18, MTMICRGetDevice returned 6, DeviceName: 
[2026-07-15 10:58:41] GetFirstDevice: Attempt 3, Index 19, MTMICRGetDevice returned 6, DeviceName: 
[2026-07-15 10:58:41] GetFirstDevice: Attempt 3, Index 20, MTMICRGetDevice returned 6, DeviceName: 
[2026-07-15 10:58:41] GetFirstDevice: No devices found on attempt 3, retrying...
[2026-07-15 10:58:43] GetFirstDevice: Attempt 4, Index 1, MTMICRGetDevice returned 6, DeviceName: 
[2026-07-15 10:58:43] GetFirstDevice: Attempt 4, Index 2, MTMICRGetDevice returned 6, DeviceName: 
[2026-07-15 10:58:43] GetFirstDevice: Attempt 4, Index 3, MTMICRGetDevice returned 6, DeviceName: 
[2026-07-15 10:58:43] GetFirstDevice: Attempt 4, Index 4, MTMICRGetDevice returned 6, DeviceName: 
[2026-07-15 10:58:43] GetFirstDevice: Attempt 4, Index 5, MTMICRGetDevice returned 6, DeviceName: 
[2026-07-15 10:58:43] GetFirstDevice: Attempt 4, Index 6, MTMICRGetDevice returned 6, DeviceName: 
[2026-07-15 10:58:43] GetFirstDevice: Attempt 4, Index 7, MTMICRGetDevice returned 6, DeviceName: 
[2026-07-15 10:58:43] GetFirstDevice: Attempt 4, Index 8, MTMICRGetDevice returned 6, DeviceName: 
[2026-07-15 10:58:43] GetFirstDevice: Attempt 4, Index 9, MTMICRGetDevice returned 6, DeviceName: 
[2026-07-15 10:58:43] GetFirstDevice: Attempt 4, Index 10, MTMICRGetDevice returned 6, DeviceName: 
[2026-07-15 10:58:43] GetFirstDevice: Attempt 4, Index 11, MTMICRGetDevice returned 6, DeviceName: 
[2026-07-15 10:58:43] GetFirstDevice: Attempt 4, Index 12, MTMICRGetDevice returned 6, DeviceName: 
[2026-07-15 10:58:43] GetFirstDevice: Attempt 4, Index 13, MTMICRGetDevice returned 6, DeviceName: 
[2026-07-15 10:58:43] GetFirstDevice: Attempt 4, Index 14, MTMICRGetDevice returned 6, DeviceName: 
[2026-07-15 10:58:43] GetFirstDevice: Attempt 4, Index 15, MTMICRGetDevice returned 6, DeviceName: 
[2026-07-15 10:58:43] GetFirstDevice: Attempt 4, Index 16, MTMICRGetDevice returned 6, DeviceName: 
[2026-07-15 10:58:43] GetFirstDevice: Attempt 4, Index 17, MTMICRGetDevice returned 6, DeviceName: 
[2026-07-15 10:58:43] GetFirstDevice: Attempt 4, Index 18, MTMICRGetDevice returned 6, DeviceName: 
[2026-07-15 10:58:43] GetFirstDevice: Attempt 4, Index 19, MTMICRGetDevice returned 6, DeviceName: 
[2026-07-15 10:58:43] GetFirstDevice: Attempt 4, Index 20, MTMICRGetDevice returned 6, DeviceName: 
[2026-07-15 10:58:43] GetFirstDevice: No devices found on attempt 4, retrying...
[2026-07-15 10:58:45] GetFirstDevice: Attempt 5, Index 1, MTMICRGetDevice returned 6, DeviceName: 
[2026-07-15 10:58:45] GetFirstDevice: Attempt 5, Index 2, MTMICRGetDevice returned 6, DeviceName: 
[2026-07-15 10:58:45] GetFirstDevice: Attempt 5, Index 3, MTMICRGetDevice returned 6, DeviceName: 
[2026-07-15 10:58:45] GetFirstDevice: Attempt 5, Index 4, MTMICRGetDevice returned 6, DeviceName: 
[2026-07-15 10:58:45] GetFirstDevice: Attempt 5, Index 5, MTMICRGetDevice returned 6, DeviceName: 
[2026-07-15 10:58:45] GetFirstDevice: Attempt 5, Index 6, MTMICRGetDevice returned 6, DeviceName: 
[2026-07-15 10:58:45] GetFirstDevice: Attempt 5, Index 7, MTMICRGetDevice returned 6, DeviceName: 
[2026-07-15 10:58:45] GetFirstDevice: Attempt 5, Index 8, MTMICRGetDevice returned 6, DeviceName: 
[2026-07-15 10:58:45] GetFirstDevice: Attempt 5, Index 9, MTMICRGetDevice returned 6, DeviceName: 
[2026-07-15 10:58:45] GetFirstDevice: Attempt 5, Index 10, MTMICRGetDevice returned 6, DeviceName: 
[2026-07-15 10:58:45] GetFirstDevice: Attempt 5, Index 11, MTMICRGetDevice returned 6, DeviceName: 
[2026-07-15 10:58:45] GetFirstDevice: Attempt 5, Index 12, MTMICRGetDevice returned 6, DeviceName: 
[2026-07-15 10:58:45] GetFirstDevice: Attempt 5, Index 13, MTMICRGetDevice returned 6, DeviceName: 
[2026-07-15 10:58:45] GetFirstDevice: Attempt 5, Index 14, MTMICRGetDevice returned 6, DeviceName: 
[2026-07-15 10:58:45] GetFirstDevice: Attempt 5, Index 15, MTMICRGetDevice returned 6, DeviceName: 
[2026-07-15 10:58:45] GetFirstDevice: Attempt 5, Index 16, MTMICRGetDevice returned 6, DeviceName: 
[2026-07-15 10:58:45] GetFirstDevice: Attempt 5, Index 17, MTMICRGetDevice returned 6, DeviceName: 
[2026-07-15 10:58:45] GetFirstDevice: Attempt 5, Index 18, MTMICRGetDevice returned 6, DeviceName: 
[2026-07-15 10:58:45] GetFirstDevice: Attempt 5, Index 19, MTMICRGetDevice returned 6, DeviceName: 
[2026-07-15 10:58:45] GetFirstDevice: Attempt 5, Index 20, MTMICRGetDevice returned 6, DeviceName: 
[2026-07-15 10:58:45] GetFirstDevice: No devices found on attempt 5, retrying...
[2026-07-15 10:58:47] GetFirstDevice: No devices found after all retries.
[2026-07-15 10:58:47] GetDeviceStatus: No device found.
[2026-07-15 10:58:47] Dispose: Closing resources
[2026-07-15 10:58:47] Dispose: Closed log file handle
[2026-07-15 10:59:37] SetupLogging: Log file initialized at C:\Users\USG\Downloads\ChequeScannerApp\backend\ScannerApi\bin\Release\net6.0\win-x86\debug.log
[2026-07-15 10:59:37] Constructor: Initial DocType=CHECK
[2026-07-15 10:59:37] GetFirstDevice: Attempt 1, Index 1, MTMICRGetDevice returned 6, DeviceName: 
[2026-07-15 10:59:37] GetFirstDevice: Attempt 1, Index 2, MTMICRGetDevice returned 6, DeviceName: 
[2026-07-15 10:59:37] GetFirstDevice: Attempt 1, Index 3, MTMICRGetDevice returned 6, DeviceName: 
[2026-07-15 10:59:37] GetFirstDevice: Attempt 1, Index 4, MTMICRGetDevice returned 6, DeviceName: 
[2026-07-15 10:59:37] GetFirstDevice: Attempt 1, Index 5, MTMICRGetDevice returned 6, DeviceName: 
[2026-07-15 10:59:37] GetFirstDevice: Attempt 1, Index 6, MTMICRGetDevice returned 6, DeviceName: 
[2026-07-15 10:59:37] GetFirstDevice: Attempt 1, Index 7, MTMICRGetDevice returned 6, DeviceName: 
[2026-07-15 10:59:37] GetFirstDevice: Attempt 1, Index 8, MTMICRGetDevice returned 6, DeviceName: 
[2026-07-15 10:59:37] GetFirstDevice: Attempt 1, Index 9, MTMICRGetDevice returned 6, DeviceName: 
[2026-07-15 10:59:37] GetFirstDevice: Attempt 1, Index 10, MTMICRGetDevice returned 6, DeviceName: 
[2026-07-15 10:59:37] GetFirstDevice: Attempt 1, Index 11, MTMICRGetDevice returned 6, DeviceName: 
[2026-07-15 10:59:37] GetFirstDevice: Attempt 1, Index 12, MTMICRGetDevice returned 6, DeviceName: 
[2026-07-15 10:59:37] GetFirstDevice: Attempt 1, Index 13, MTMICRGetDevice returned 6, DeviceName: 
[2026-07-15 10:59:37] GetFirstDevice: Attempt 1, Index 14, MTMICRGetDevice returned 6, DeviceName: 
[2026-07-15 10:59:37] GetFirstDevice: Attempt 1, Index 15, MTMICRGetDevice returned 6, DeviceName: 
[2026-07-15 10:59:37] GetFirstDevice: Attempt 1, Index 16, MTMICRGetDevice returned 6, DeviceName: 
[2026-07-15 10:59:37] GetFirstDevice: Attempt 1, Index 17, MTMICRGetDevice returned 6, DeviceName: 
[2026-07-15 10:59:37] GetFirstDevice: Attempt 1, Index 18, MTMICRGetDevice returned 6, DeviceName: 
[2026-07-15 10:59:37] GetFirstDevice: Attempt 1, Index 19, MTMICRGetDevice returned 6, DeviceName: 
[2026-07-15 10:59:37] GetFirstDevice: Attempt 1, Index 20, MTMICRGetDevice returned 6, DeviceName: 
[2026-07-15 10:59:37] GetFirstDevice: No devices found on attempt 1, retrying...
[2026-07-15 10:59:39] GetFirstDevice: Attempt 2, Index 1, MTMICRGetDevice returned 6, DeviceName: 
[2026-07-15 10:59:39] GetFirstDevice: Attempt 2, Index 2, MTMICRGetDevice returned 6, DeviceName: 
[2026-07-15 10:59:39] GetFirstDevice: Attempt 2, Index 3, MTMICRGetDevice returned 6, DeviceName: 
[2026-07-15 10:59:39] GetFirstDevice: Attempt 2, Index 4, MTMICRGetDevice returned 6, DeviceName: 
[2026-07-15 10:59:39] GetFirstDevice: Attempt 2, Index 5, MTMICRGetDevice returned 6, DeviceName: 
[2026-07-15 10:59:39] GetFirstDevice: Attempt 2, Index 6, MTMICRGetDevice returned 6, DeviceName: 
[2026-07-15 10:59:39] GetFirstDevice: Attempt 2, Index 7, MTMICRGetDevice returned 6, DeviceName: 
[2026-07-15 10:59:39] GetFirstDevice: Attempt 2, Index 8, MTMICRGetDevice returned 6, DeviceName: 
[2026-07-15 10:59:39] GetFirstDevice: Attempt 2, Index 9, MTMICRGetDevice returned 6, DeviceName: 
[2026-07-15 10:59:39] GetFirstDevice: Attempt 2, Index 10, MTMICRGetDevice returned 6, DeviceName: 
[2026-07-15 10:59:39] GetFirstDevice: Attempt 2, Index 11, MTMICRGetDevice returned 6, DeviceName: 
[2026-07-15 10:59:39] GetFirstDevice: Attempt 2, Index 12, MTMICRGetDevice returned 6, DeviceName: 
[2026-07-15 10:59:39] GetFirstDevice: Attempt 2, Index 13, MTMICRGetDevice returned 6, DeviceName: 
[2026-07-15 10:59:39] GetFirstDevice: Attempt 2, Index 14, MTMICRGetDevice returned 6, DeviceName: 
[2026-07-15 10:59:39] GetFirstDevice: Attempt 2, Index 15, MTMICRGetDevice returned 6, DeviceName: 
[2026-07-15 10:59:39] GetFirstDevice: Attempt 2, Index 16, MTMICRGetDevice returned 6, DeviceName: 
[2026-07-15 10:59:39] GetFirstDevice: Attempt 2, Index 17, MTMICRGetDevice returned 6, DeviceName: 
[2026-07-15 10:59:39] GetFirstDevice: Attempt 2, Index 18, MTMICRGetDevice returned 6, DeviceName: 
[2026-07-15 10:59:39] GetFirstDevice: Attempt 2, Index 19, MTMICRGetDevice returned 6, DeviceName: 
[2026-07-15 10:59:39] GetFirstDevice: Attempt 2, Index 20, MTMICRGetDevice returned 6, DeviceName: 
[2026-07-15 10:59:39] GetFirstDevice: No devices found on attempt 2, retrying...
[2026-07-15 10:59:41] GetFirstDevice: Attempt 3, Index 1, MTMICRGetDevice returned 6, DeviceName: 
[2026-07-15 10:59:41] GetFirstDevice: Attempt 3, Index 2, MTMICRGetDevice returned 6, DeviceName: 
[2026-07-15 10:59:41] GetFirstDevice: Attempt 3, Index 3, MTMICRGetDevice returned 6, DeviceName: 
[2026-07-15 10:59:41] GetFirstDevice: Attempt 3, Index 4, MTMICRGetDevice returned 6, DeviceName: 
[2026-07-15 10:59:41] GetFirstDevice: Attempt 3, Index 5, MTMICRGetDevice returned 6, DeviceName: 
[2026-07-15 10:59:41] GetFirstDevice: Attempt 3, Index 6, MTMICRGetDevice returned 6, DeviceName: 
[2026-07-15 10:59:41] GetFirstDevice: Attempt 3, Index 7, MTMICRGetDevice returned 6, DeviceName: 
[2026-07-15 10:59:41] GetFirstDevice: Attempt 3, Index 8, MTMICRGetDevice returned 6, DeviceName: 
[2026-07-15 10:59:41] GetFirstDevice: Attempt 3, Index 9, MTMICRGetDevice returned 6, DeviceName: 
[2026-07-15 10:59:41] GetFirstDevice: Attempt 3, Index 10, MTMICRGetDevice returned 6, DeviceName: 
[2026-07-15 10:59:41] GetFirstDevice: Attempt 3, Index 11, MTMICRGetDevice returned 6, DeviceName: 
[2026-07-15 10:59:41] GetFirstDevice: Attempt 3, Index 12, MTMICRGetDevice returned 6, DeviceName: 
[2026-07-15 10:59:41] GetFirstDevice: Attempt 3, Index 13, MTMICRGetDevice returned 6, DeviceName: 
[2026-07-15 10:59:41] GetFirstDevice: Attempt 3, Index 14, MTMICRGetDevice returned 6, DeviceName: 
[2026-07-15 10:59:41] GetFirstDevice: Attempt 3, Index 15, MTMICRGetDevice returned 6, DeviceName: 
[2026-07-15 10:59:41] GetFirstDevice: Attempt 3, Index 16, MTMICRGetDevice returned 6, DeviceName: 
[2026-07-15 10:59:41] GetFirstDevice: Attempt 3, Index 17, MTMICRGetDevice returned 6, DeviceName: 
[2026-07-15 10:59:41] GetFirstDevice: Attempt 3, Index 18, MTMICRGetDevice returned 6, DeviceName: 
[2026-07-15 10:59:41] GetFirstDevice: Attempt 3, Index 19, MTMICRGetDevice returned 6, DeviceName: 
[2026-07-15 10:59:41] GetFirstDevice: Attempt 3, Index 20, MTMICRGetDevice returned 6, DeviceName: 
[2026-07-15 10:59:41] GetFirstDevice: No devices found on attempt 3, retrying...
[2026-07-15 10:59:43] GetFirstDevice: Attempt 4, Index 1, MTMICRGetDevice returned 6, DeviceName: 
[2026-07-15 10:59:43] GetFirstDevice: Attempt 4, Index 2, MTMICRGetDevice returned 6, DeviceName: 
[2026-07-15 10:59:43] GetFirstDevice: Attempt 4, Index 3, MTMICRGetDevice returned 6, DeviceName: 
[2026-07-15 10:59:43] GetFirstDevice: Attempt 4, Index 4, MTMICRGetDevice returned 6, DeviceName: 
[2026-07-15 10:59:43] GetFirstDevice: Attempt 4, Index 5, MTMICRGetDevice returned 6, DeviceName: 
[2026-07-15 10:59:43] GetFirstDevice: Attempt 4, Index 6, MTMICRGetDevice returned 6, DeviceName: 
[2026-07-15 10:59:43] GetFirstDevice: Attempt 4, Index 7, MTMICRGetDevice returned 6, DeviceName: 
[2026-07-15 10:59:43] GetFirstDevice: Attempt 4, Index 8, MTMICRGetDevice returned 6, DeviceName: 
[2026-07-15 10:59:43] GetFirstDevice: Attempt 4, Index 9, MTMICRGetDevice returned 6, DeviceName: 
[2026-07-15 10:59:43] GetFirstDevice: Attempt 4, Index 10, MTMICRGetDevice returned 6, DeviceName: 
[2026-07-15 10:59:43] GetFirstDevice: Attempt 4, Index 11, MTMICRGetDevice returned 6, DeviceName: 
[2026-07-15 10:59:43] GetFirstDevice: Attempt 4, Index 12, MTMICRGetDevice returned 6, DeviceName: 
[2026-07-15 10:59:43] GetFirstDevice: Attempt 4, Index 13, MTMICRGetDevice returned 6, DeviceName: 
[2026-07-15 10:59:43] GetFirstDevice: Attempt 4, Index 14, MTMICRGetDevice returned 6, DeviceName: 
[2026-07-15 10:59:43] GetFirstDevice: Attempt 4, Index 15, MTMICRGetDevice returned 6, DeviceName: 
[2026-07-15 10:59:43] GetFirstDevice: Attempt 4, Index 16, MTMICRGetDevice returned 6, DeviceName: 
[2026-07-15 10:59:43] GetFirstDevice: Attempt 4, Index 17, MTMICRGetDevice returned 6, DeviceName: 
[2026-07-15 10:59:43] GetFirstDevice: Attempt 4, Index 18, MTMICRGetDevice returned 6, DeviceName: 
[2026-07-15 10:59:43] GetFirstDevice: Attempt 4, Index 19, MTMICRGetDevice returned 6, DeviceName: 
[2026-07-15 10:59:43] GetFirstDevice: Attempt 4, Index 20, MTMICRGetDevice returned 6, DeviceName: 
[2026-07-15 10:59:43] GetFirstDevice: No devices found on attempt 4, retrying...
[2026-07-15 10:59:45] GetFirstDevice: Attempt 5, Index 1, MTMICRGetDevice returned 6, DeviceName: 
[2026-07-15 10:59:45] GetFirstDevice: Attempt 5, Index 2, MTMICRGetDevice returned 6, DeviceName: 
[2026-07-15 10:59:45] GetFirstDevice: Attempt 5, Index 3, MTMICRGetDevice returned 6, DeviceName: 
[2026-07-15 10:59:45] GetFirstDevice: Attempt 5, Index 4, MTMICRGetDevice returned 6, DeviceName: 
[2026-07-15 10:59:45] GetFirstDevice: Attempt 5, Index 5, MTMICRGetDevice returned 6, DeviceName: 
[2026-07-15 10:59:45] GetFirstDevice: Attempt 5, Index 6, MTMICRGetDevice returned 6, DeviceName: 
[2026-07-15 10:59:45] GetFirstDevice: Attempt 5, Index 7, MTMICRGetDevice returned 6, DeviceName: 
[2026-07-15 10:59:45] GetFirstDevice: Attempt 5, Index 8, MTMICRGetDevice returned 6, DeviceName: 
[2026-07-15 10:59:45] GetFirstDevice: Attempt 5, Index 9, MTMICRGetDevice returned 6, DeviceName: 
[2026-07-15 10:59:45] GetFirstDevice: Attempt 5, Index 10, MTMICRGetDevice returned 6, DeviceName: 
[2026-07-15 10:59:45] GetFirstDevice: Attempt 5, Index 11, MTMICRGetDevice returned 6, DeviceName: 
[2026-07-15 10:59:45] GetFirstDevice: Attempt 5, Index 12, MTMICRGetDevice returned 6, DeviceName: 
[2026-07-15 10:59:45] GetFirstDevice: Attempt 5, Index 13, MTMICRGetDevice returned 6, DeviceName: 
[2026-07-15 10:59:45] GetFirstDevice: Attempt 5, Index 14, MTMICRGetDevice returned 6, DeviceName: 
[2026-07-15 10:59:45] GetFirstDevice: Attempt 5, Index 15, MTMICRGetDevice returned 6, DeviceName: 
[2026-07-15 10:59:45] GetFirstDevice: Attempt 5, Index 16, MTMICRGetDevice returned 6, DeviceName: 
[2026-07-15 10:59:45] GetFirstDevice: Attempt 5, Index 17, MTMICRGetDevice returned 6, DeviceName: 
[2026-07-15 10:59:45] GetFirstDevice: Attempt 5, Index 18, MTMICRGetDevice returned 6, DeviceName: 
[2026-07-15 10:59:45] GetFirstDevice: Attempt 5, Index 19, MTMICRGetDevice returned 6, DeviceName: 
[2026-07-15 10:59:45] GetFirstDevice: Attempt 5, Index 20, MTMICRGetDevice returned 6, DeviceName: 
[2026-07-15 10:59:45] GetFirstDevice: No devices found on attempt 5, retrying...
[2026-07-15 10:59:47] GetFirstDevice: No devices found after all retries.
[2026-07-15 10:59:47] GetDeviceStatus: No device found.
[2026-07-15 10:59:47] Dispose: Closing resources
[2026-07-15 10:59:47] Dispose: Closed log file handle
[2026-07-15 11:00:37] SetupLogging: Log file initialized at C:\Users\USG\Downloads\ChequeScannerApp\backend\ScannerApi\bin\Release\net6.0\win-x86\debug.log
[2026-07-15 11:00:37] Constructor: Initial DocType=CHECK
[2026-07-15 11:00:37] GetFirstDevice: Attempt 1, Index 1, MTMICRGetDevice returned 6, DeviceName: 
[2026-07-15 11:00:37] GetFirstDevice: Attempt 1, Index 2, MTMICRGetDevice returned 6, DeviceName: 
[2026-07-15 11:00:37] GetFirstDevice: Attempt 1, Index 3, MTMICRGetDevice returned 6, DeviceName: 
[2026-07-15 11:00:37] GetFirstDevice: Attempt 1, Index 4, MTMICRGetDevice returned 6, DeviceName: 
[2026-07-15 11:00:37] GetFirstDevice: Attempt 1, Index 5, MTMICRGetDevice returned 6, DeviceName: 
[2026-07-15 11:00:37] GetFirstDevice: Attempt 1, Index 6, MTMICRGetDevice returned 6, DeviceName: 
[2026-07-15 11:00:37] GetFirstDevice: Attempt 1, Index 7, MTMICRGetDevice returned 6, DeviceName: 
[2026-07-15 11:00:37] GetFirstDevice: Attempt 1, Index 8, MTMICRGetDevice returned 6, DeviceName: 
[2026-07-15 11:00:37] GetFirstDevice: Attempt 1, Index 9, MTMICRGetDevice returned 6, DeviceName: 
[2026-07-15 11:00:37] GetFirstDevice: Attempt 1, Index 10, MTMICRGetDevice returned 6, DeviceName: 
[2026-07-15 11:00:37] GetFirstDevice: Attempt 1, Index 11, MTMICRGetDevice returned 6, DeviceName: 
[2026-07-15 11:00:37] GetFirstDevice: Attempt 1, Index 12, MTMICRGetDevice returned 6, DeviceName: 
[2026-07-15 11:00:37] GetFirstDevice: Attempt 1, Index 13, MTMICRGetDevice returned 6, DeviceName: 
[2026-07-15 11:00:37] GetFirstDevice: Attempt 1, Index 14, MTMICRGetDevice returned 6, DeviceName: 
[2026-07-15 11:00:37] GetFirstDevice: Attempt 1, Index 15, MTMICRGetDevice returned 6, DeviceName: 
[2026-07-15 11:00:37] GetFirstDevice: Attempt 1, Index 16, MTMICRGetDevice returned 6, DeviceName: 
[2026-07-15 11:00:37] GetFirstDevice: Attempt 1, Index 17, MTMICRGetDevice returned 6, DeviceName: 
[2026-07-15 11:00:37] GetFirstDevice: Attempt 1, Index 18, MTMICRGetDevice returned 6, DeviceName: 
[2026-07-15 11:00:37] GetFirstDevice: Attempt 1, Index 19, MTMICRGetDevice returned 6, DeviceName: 
[2026-07-15 11:00:37] GetFirstDevice: Attempt 1, Index 20, MTMICRGetDevice returned 6, DeviceName: 
[2026-07-15 11:00:37] GetFirstDevice: No devices found on attempt 1, retrying...
[2026-07-15 11:00:39] GetFirstDevice: Attempt 2, Index 1, MTMICRGetDevice returned 6, DeviceName: 
[2026-07-15 11:00:39] GetFirstDevice: Attempt 2, Index 2, MTMICRGetDevice returned 6, DeviceName: 
[2026-07-15 11:00:39] GetFirstDevice: Attempt 2, Index 3, MTMICRGetDevice returned 6, DeviceName: 
[2026-07-15 11:00:39] GetFirstDevice: Attempt 2, Index 4, MTMICRGetDevice returned 6, DeviceName: 
[2026-07-15 11:00:39] GetFirstDevice: Attempt 2, Index 5, MTMICRGetDevice returned 6, DeviceName: 
[2026-07-15 11:00:39] GetFirstDevice: Attempt 2, Index 6, MTMICRGetDevice returned 6, DeviceName: 
[2026-07-15 11:00:39] GetFirstDevice: Attempt 2, Index 7, MTMICRGetDevice returned 6, DeviceName: 
[2026-07-15 11:00:39] GetFirstDevice: Attempt 2, Index 8, MTMICRGetDevice returned 6, DeviceName: 
[2026-07-15 11:00:39] GetFirstDevice: Attempt 2, Index 9, MTMICRGetDevice returned 6, DeviceName: 
[2026-07-15 11:00:39] GetFirstDevice: Attempt 2, Index 10, MTMICRGetDevice returned 6, DeviceName: 
[2026-07-15 11:00:39] GetFirstDevice: Attempt 2, Index 11, MTMICRGetDevice returned 6, DeviceName: 
[2026-07-15 11:00:39] GetFirstDevice: Attempt 2, Index 12, MTMICRGetDevice returned 6, DeviceName: 
[2026-07-15 11:00:39] GetFirstDevice: Attempt 2, Index 13, MTMICRGetDevice returned 6, DeviceName: 
[2026-07-15 11:00:39] GetFirstDevice: Attempt 2, Index 14, MTMICRGetDevice returned 6, DeviceName: 
[2026-07-15 11:00:39] GetFirstDevice: Attempt 2, Index 15, MTMICRGetDevice returned 6, DeviceName: 
[2026-07-15 11:00:39] GetFirstDevice: Attempt 2, Index 16, MTMICRGetDevice returned 6, DeviceName: 
[2026-07-15 11:00:39] GetFirstDevice: Attempt 2, Index 17, MTMICRGetDevice returned 6, DeviceName: 
[2026-07-15 11:00:39] GetFirstDevice: Attempt 2, Index 18, MTMICRGetDevice returned 6, DeviceName: 
[2026-07-15 11:00:39] GetFirstDevice: Attempt 2, Index 19, MTMICRGetDevice returned 6, DeviceName: 
[2026-07-15 11:00:39] GetFirstDevice: Attempt 2, Index 20, MTMICRGetDevice returned 6, DeviceName: 
[2026-07-15 11:00:39] GetFirstDevice: No devices found on attempt 2, retrying...
[2026-07-15 11:00:41] GetFirstDevice: Attempt 3, Index 1, MTMICRGetDevice returned 6, DeviceName: 
[2026-07-15 11:00:41] GetFirstDevice: Attempt 3, Index 2, MTMICRGetDevice returned 6, DeviceName: 
[2026-07-15 11:00:41] GetFirstDevice: Attempt 3, Index 3, MTMICRGetDevice returned 6, DeviceName: 
[2026-07-15 11:00:41] GetFirstDevice: Attempt 3, Index 4, MTMICRGetDevice returned 6, DeviceName: 
[2026-07-15 11:00:41] GetFirstDevice: Attempt 3, Index 5, MTMICRGetDevice returned 6, DeviceName: 
[2026-07-15 11:00:41] GetFirstDevice: Attempt 3, Index 6, MTMICRGetDevice returned 6, DeviceName: 
[2026-07-15 11:00:41] GetFirstDevice: Attempt 3, Index 7, MTMICRGetDevice returned 6, DeviceName: 
[2026-07-15 11:00:41] GetFirstDevice: Attempt 3, Index 8, MTMICRGetDevice returned 6, DeviceName: 
[2026-07-15 11:00:41] GetFirstDevice: Attempt 3, Index 9, MTMICRGetDevice returned 6, DeviceName: 
[2026-07-15 11:00:41] GetFirstDevice: Attempt 3, Index 10, MTMICRGetDevice returned 6, DeviceName: 
[2026-07-15 11:00:41] GetFirstDevice: Attempt 3, Index 11, MTMICRGetDevice returned 6, DeviceName: 
[2026-07-15 11:00:41] GetFirstDevice: Attempt 3, Index 12, MTMICRGetDevice returned 6, DeviceName: 
[2026-07-15 11:00:41] GetFirstDevice: Attempt 3, Index 13, MTMICRGetDevice returned 6, DeviceName: 
[2026-07-15 11:00:41] GetFirstDevice: Attempt 3, Index 14, MTMICRGetDevice returned 6, DeviceName: 
[2026-07-15 11:00:41] GetFirstDevice: Attempt 3, Index 15, MTMICRGetDevice returned 6, DeviceName: 
[2026-07-15 11:00:41] GetFirstDevice: Attempt 3, Index 16, MTMICRGetDevice returned 6, DeviceName: 
[2026-07-15 11:00:41] GetFirstDevice: Attempt 3, Index 17, MTMICRGetDevice returned 6, DeviceName: 
[2026-07-15 11:00:41] GetFirstDevice: Attempt 3, Index 18, MTMICRGetDevice returned 6, DeviceName: 
[2026-07-15 11:00:41] GetFirstDevice: Attempt 3, Index 19, MTMICRGetDevice returned 6, DeviceName: 
[2026-07-15 11:00:41] GetFirstDevice: Attempt 3, Index 20, MTMICRGetDevice returned 6, DeviceName: 
[2026-07-15 11:00:41] GetFirstDevice: No devices found on attempt 3, retrying...
[2026-07-15 11:00:43] GetFirstDevice: Attempt 4, Index 1, MTMICRGetDevice returned 6, DeviceName: 
[2026-07-15 11:00:43] GetFirstDevice: Attempt 4, Index 2, MTMICRGetDevice returned 6, DeviceName: 
[2026-07-15 11:00:43] GetFirstDevice: Attempt 4, Index 3, MTMICRGetDevice returned 6, DeviceName: 
[2026-07-15 11:00:43] GetFirstDevice: Attempt 4, Index 4, MTMICRGetDevice returned 6, DeviceName: 
[2026-07-15 11:00:43] GetFirstDevice: Attempt 4, Index 5, MTMICRGetDevice returned 6, DeviceName: 
[2026-07-15 11:00:43] GetFirstDevice: Attempt 4, Index 6, MTMICRGetDevice returned 6, DeviceName: 
[2026-07-15 11:00:43] GetFirstDevice: Attempt 4, Index 7, MTMICRGetDevice returned 6, DeviceName: 
[2026-07-15 11:00:43] GetFirstDevice: Attempt 4, Index 8, MTMICRGetDevice returned 6, DeviceName: 
[2026-07-15 11:00:43] GetFirstDevice: Attempt 4, Index 9, MTMICRGetDevice returned 6, DeviceName: 
[2026-07-15 11:00:43] GetFirstDevice: Attempt 4, Index 10, MTMICRGetDevice returned 6, DeviceName: 
[2026-07-15 11:00:43] GetFirstDevice: Attempt 4, Index 11, MTMICRGetDevice returned 6, DeviceName: 
[2026-07-15 11:00:43] GetFirstDevice: Attempt 4, Index 12, MTMICRGetDevice returned 6, DeviceName: 
[2026-07-15 11:00:43] GetFirstDevice: Attempt 4, Index 13, MTMICRGetDevice returned 6, DeviceName: 
[2026-07-15 11:00:43] GetFirstDevice: Attempt 4, Index 14, MTMICRGetDevice returned 6, DeviceName: 
[2026-07-15 11:00:43] GetFirstDevice: Attempt 4, Index 15, MTMICRGetDevice returned 6, DeviceName: 
[2026-07-15 11:00:43] GetFirstDevice: Attempt 4, Index 16, MTMICRGetDevice returned 6, DeviceName: 
[2026-07-15 11:00:43] GetFirstDevice: Attempt 4, Index 17, MTMICRGetDevice returned 6, DeviceName: 
[2026-07-15 11:00:43] GetFirstDevice: Attempt 4, Index 18, MTMICRGetDevice returned 6, DeviceName: 
[2026-07-15 11:00:43] GetFirstDevice: Attempt 4, Index 19, MTMICRGetDevice returned 6, DeviceName: 
[2026-07-15 11:00:43] GetFirstDevice: Attempt 4, Index 20, MTMICRGetDevice returned 6, DeviceName: 
[2026-07-15 11:00:43] GetFirstDevice: No devices found on attempt 4, retrying...
[2026-07-15 11:00:45] GetFirstDevice: Attempt 5, Index 1, MTMICRGetDevice returned 6, DeviceName: 
[2026-07-15 11:00:45] GetFirstDevice: Attempt 5, Index 2, MTMICRGetDevice returned 6, DeviceName: 
[2026-07-15 11:00:45] GetFirstDevice: Attempt 5, Index 3, MTMICRGetDevice returned 6, DeviceName: 
[2026-07-15 11:00:45] GetFirstDevice: Attempt 5, Index 4, MTMICRGetDevice returned 6, DeviceName: 
[2026-07-15 11:00:45] GetFirstDevice: Attempt 5, Index 5, MTMICRGetDevice returned 6, DeviceName: 
[2026-07-15 11:00:45] GetFirstDevice: Attempt 5, Index 6, MTMICRGetDevice returned 6, DeviceName: 
[2026-07-15 11:00:45] GetFirstDevice: Attempt 5, Index 7, MTMICRGetDevice returned 6, DeviceName: 
[2026-07-15 11:00:45] GetFirstDevice: Attempt 5, Index 8, MTMICRGetDevice returned 6, DeviceName: 
[2026-07-15 11:00:45] GetFirstDevice: Attempt 5, Index 9, MTMICRGetDevice returned 6, DeviceName: 
[2026-07-15 11:00:45] GetFirstDevice: Attempt 5, Index 10, MTMICRGetDevice returned 6, DeviceName: 
[2026-07-15 11:00:45] GetFirstDevice: Attempt 5, Index 11, MTMICRGetDevice returned 6, DeviceName: 
[2026-07-15 11:00:45] GetFirstDevice: Attempt 5, Index 12, MTMICRGetDevice returned 6, DeviceName: 
[2026-07-15 11:00:45] GetFirstDevice: Attempt 5, Index 13, MTMICRGetDevice returned 6, DeviceName: 
[2026-07-15 11:00:45] GetFirstDevice: Attempt 5, Index 14, MTMICRGetDevice returned 6, DeviceName: 
[2026-07-15 11:00:45] GetFirstDevice: Attempt 5, Index 15, MTMICRGetDevice returned 6, DeviceName: 
[2026-07-15 11:00:45] GetFirstDevice: Attempt 5, Index 16, MTMICRGetDevice returned 6, DeviceName: 
[2026-07-15 11:00:45] GetFirstDevice: Attempt 5, Index 17, MTMICRGetDevice returned 6, DeviceName: 
[2026-07-15 11:00:45] GetFirstDevice: Attempt 5, Index 18, MTMICRGetDevice returned 6, DeviceName: 
[2026-07-15 11:00:45] GetFirstDevice: Attempt 5, Index 19, MTMICRGetDevice returned 6, DeviceName: 
[2026-07-15 11:00:45] GetFirstDevice: Attempt 5, Index 20, MTMICRGetDevice returned 6, DeviceName: 
[2026-07-15 11:00:45] GetFirstDevice: No devices found on attempt 5, retrying...
[2026-07-15 11:00:47] GetFirstDevice: No devices found after all retries.
[2026-07-15 11:00:47] GetDeviceStatus: No device found.
[2026-07-15 11:00:47] Dispose: Closing resources
[2026-07-15 11:00:47] Dispose: Closed log file handle
[2026-07-15 11:00:52] SetupLogging: Log file initialized at C:\Users\USG\Downloads\ChequeScannerApp\backend\ScannerApi\bin\Release\net6.0\win-x86\debug.log
[2026-07-15 11:00:52] Constructor: Initial DocType=CHECK
[2026-07-15 11:00:52] GetFirstDevice: Attempt 1, Index 1, MTMICRGetDevice returned 6, DeviceName: 
[2026-07-15 11:00:52] GetFirstDevice: Attempt 1, Index 2, MTMICRGetDevice returned 6, DeviceName: 
[2026-07-15 11:00:52] GetFirstDevice: Attempt 1, Index 3, MTMICRGetDevice returned 6, DeviceName: 
[2026-07-15 11:00:52] GetFirstDevice: Attempt 1, Index 4, MTMICRGetDevice returned 6, DeviceName: 
[2026-07-15 11:00:52] GetFirstDevice: Attempt 1, Index 5, MTMICRGetDevice returned 6, DeviceName: 
[2026-07-15 11:00:52] GetFirstDevice: Attempt 1, Index 6, MTMICRGetDevice returned 6, DeviceName: 
[2026-07-15 11:00:52] GetFirstDevice: Attempt 1, Index 7, MTMICRGetDevice returned 6, DeviceName: 
[2026-07-15 11:00:52] GetFirstDevice: Attempt 1, Index 8, MTMICRGetDevice returned 6, DeviceName: 
[2026-07-15 11:00:52] GetFirstDevice: Attempt 1, Index 9, MTMICRGetDevice returned 6, DeviceName: 
[2026-07-15 11:00:52] GetFirstDevice: Attempt 1, Index 10, MTMICRGetDevice returned 6, DeviceName: 
[2026-07-15 11:00:52] GetFirstDevice: Attempt 1, Index 11, MTMICRGetDevice returned 6, DeviceName: 
[2026-07-15 11:00:52] GetFirstDevice: Attempt 1, Index 12, MTMICRGetDevice returned 6, DeviceName: 
[2026-07-15 11:00:52] GetFirstDevice: Attempt 1, Index 13, MTMICRGetDevice returned 6, DeviceName: 
[2026-07-15 11:00:52] GetFirstDevice: Attempt 1, Index 14, MTMICRGetDevice returned 6, DeviceName: 
[2026-07-15 11:00:52] GetFirstDevice: Attempt 1, Index 15, MTMICRGetDevice returned 6, DeviceName: 
[2026-07-15 11:00:52] GetFirstDevice: Attempt 1, Index 16, MTMICRGetDevice returned 6, DeviceName: 
[2026-07-15 11:00:52] GetFirstDevice: Attempt 1, Index 17, MTMICRGetDevice returned 6, DeviceName: 
[2026-07-15 11:00:52] GetFirstDevice: Attempt 1, Index 18, MTMICRGetDevice returned 6, DeviceName: 
[2026-07-15 11:00:52] GetFirstDevice: Attempt 1, Index 19, MTMICRGetDevice returned 6, DeviceName: 
[2026-07-15 11:00:52] GetFirstDevice: Attempt 1, Index 20, MTMICRGetDevice returned 6, DeviceName: 
[2026-07-15 11:00:52] GetFirstDevice: No devices found on attempt 1, retrying...
[2026-07-15 11:00:54] GetFirstDevice: Attempt 2, Index 1, MTMICRGetDevice returned 6, DeviceName: 
[2026-07-15 11:00:54] GetFirstDevice: Attempt 2, Index 2, MTMICRGetDevice returned 6, DeviceName: 
[2026-07-15 11:00:54] GetFirstDevice: Attempt 2, Index 3, MTMICRGetDevice returned 6, DeviceName: 
[2026-07-15 11:00:54] GetFirstDevice: Attempt 2, Index 4, MTMICRGetDevice returned 6, DeviceName: 
[2026-07-15 11:00:54] GetFirstDevice: Attempt 2, Index 5, MTMICRGetDevice returned 6, DeviceName: 
[2026-07-15 11:00:54] GetFirstDevice: Attempt 2, Index 6, MTMICRGetDevice returned 6, DeviceName: 
[2026-07-15 11:00:54] GetFirstDevice: Attempt 2, Index 7, MTMICRGetDevice returned 6, DeviceName: 
[2026-07-15 11:00:54] GetFirstDevice: Attempt 2, Index 8, MTMICRGetDevice returned 6, DeviceName: 
[2026-07-15 11:00:54] GetFirstDevice: Attempt 2, Index 9, MTMICRGetDevice returned 6, DeviceName: 
[2026-07-15 11:00:54] GetFirstDevice: Attempt 2, Index 10, MTMICRGetDevice returned 6, DeviceName: 
[2026-07-15 11:00:54] GetFirstDevice: Attempt 2, Index 11, MTMICRGetDevice returned 6, DeviceName: 
[2026-07-15 11:00:54] GetFirstDevice: Attempt 2, Index 12, MTMICRGetDevice returned 6, DeviceName: 
[2026-07-15 11:00:54] GetFirstDevice: Attempt 2, Index 13, MTMICRGetDevice returned 6, DeviceName: 
[2026-07-15 11:00:54] GetFirstDevice: Attempt 2, Index 14, MTMICRGetDevice returned 6, DeviceName: 
[2026-07-15 11:00:54] GetFirstDevice: Attempt 2, Index 15, MTMICRGetDevice returned 6, DeviceName: 
[2026-07-15 11:00:54] GetFirstDevice: Attempt 2, Index 16, MTMICRGetDevice returned 6, DeviceName: 
[2026-07-15 11:00:54] GetFirstDevice: Attempt 2, Index 17, MTMICRGetDevice returned 6, DeviceName: 
[2026-07-15 11:00:54] GetFirstDevice: Attempt 2, Index 18, MTMICRGetDevice returned 6, DeviceName: 
[2026-07-15 11:00:54] GetFirstDevice: Attempt 2, Index 19, MTMICRGetDevice returned 6, DeviceName: 
[2026-07-15 11:00:54] GetFirstDevice: Attempt 2, Index 20, MTMICRGetDevice returned 6, DeviceName: 
[2026-07-15 11:00:54] GetFirstDevice: No devices found on attempt 2, retrying...
[2026-07-15 11:00:56] GetFirstDevice: Attempt 3, Index 1, MTMICRGetDevice returned 6, DeviceName: 
[2026-07-15 11:00:56] GetFirstDevice: Attempt 3, Index 2, MTMICRGetDevice returned 6, DeviceName: 
[2026-07-15 11:00:56] GetFirstDevice: Attempt 3, Index 3, MTMICRGetDevice returned 6, DeviceName: 
[2026-07-15 11:00:56] GetFirstDevice: Attempt 3, Index 4, MTMICRGetDevice returned 6, DeviceName: 
[2026-07-15 11:00:56] GetFirstDevice: Attempt 3, Index 5, MTMICRGetDevice returned 6, DeviceName: 
[2026-07-15 11:00:56] GetFirstDevice: Attempt 3, Index 6, MTMICRGetDevice returned 6, DeviceName: 
[2026-07-15 11:00:56] GetFirstDevice: Attempt 3, Index 7, MTMICRGetDevice returned 6, DeviceName: 
[2026-07-15 11:00:56] GetFirstDevice: Attempt 3, Index 8, MTMICRGetDevice returned 6, DeviceName: 
[2026-07-15 11:00:56] GetFirstDevice: Attempt 3, Index 9, MTMICRGetDevice returned 6, DeviceName: 
[2026-07-15 11:00:56] GetFirstDevice: Attempt 3, Index 10, MTMICRGetDevice returned 6, DeviceName: 
[2026-07-15 11:00:56] GetFirstDevice: Attempt 3, Index 11, MTMICRGetDevice returned 6, DeviceName: 
[2026-07-15 11:00:56] GetFirstDevice: Attempt 3, Index 12, MTMICRGetDevice returned 6, DeviceName: 
[2026-07-15 11:00:56] GetFirstDevice: Attempt 3, Index 13, MTMICRGetDevice returned 6, DeviceName: 
[2026-07-15 11:00:56] GetFirstDevice: Attempt 3, Index 14, MTMICRGetDevice returned 6, DeviceName: 
[2026-07-15 11:00:56] GetFirstDevice: Attempt 3, Index 15, MTMICRGetDevice returned 6, DeviceName: 
[2026-07-15 11:00:56] GetFirstDevice: Attempt 3, Index 16, MTMICRGetDevice returned 6, DeviceName: 
[2026-07-15 11:00:56] GetFirstDevice: Attempt 3, Index 17, MTMICRGetDevice returned 6, DeviceName: 
[2026-07-15 11:00:56] GetFirstDevice: Attempt 3, Index 18, MTMICRGetDevice returned 6, DeviceName: 
[2026-07-15 11:00:56] GetFirstDevice: Attempt 3, Index 19, MTMICRGetDevice returned 6, DeviceName: 
[2026-07-15 11:00:56] GetFirstDevice: Attempt 3, Index 20, MTMICRGetDevice returned 6, DeviceName: 
[2026-07-15 11:00:56] GetFirstDevice: No devices found on attempt 3, retrying...
[2026-07-15 11:00:58] GetFirstDevice: Attempt 4, Index 1, MTMICRGetDevice returned 6, DeviceName: 
[2026-07-15 11:00:58] GetFirstDevice: Attempt 4, Index 2, MTMICRGetDevice returned 6, DeviceName: 
[2026-07-15 11:00:58] GetFirstDevice: Attempt 4, Index 3, MTMICRGetDevice returned 6, DeviceName: 
[2026-07-15 11:00:58] GetFirstDevice: Attempt 4, Index 4, MTMICRGetDevice returned 6, DeviceName: 
[2026-07-15 11:00:58] GetFirstDevice: Attempt 4, Index 5, MTMICRGetDevice returned 6, DeviceName: 
[2026-07-15 11:00:58] GetFirstDevice: Attempt 4, Index 6, MTMICRGetDevice returned 6, DeviceName: 
[2026-07-15 11:00:58] GetFirstDevice: Attempt 4, Index 7, MTMICRGetDevice returned 6, DeviceName: 
[2026-07-15 11:00:58] GetFirstDevice: Attempt 4, Index 8, MTMICRGetDevice returned 6, DeviceName: 
[2026-07-15 11:00:58] GetFirstDevice: Attempt 4, Index 9, MTMICRGetDevice returned 6, DeviceName: 
[2026-07-15 11:00:58] GetFirstDevice: Attempt 4, Index 10, MTMICRGetDevice returned 6, DeviceName: 
[2026-07-15 11:00:58] GetFirstDevice: Attempt 4, Index 11, MTMICRGetDevice returned 6, DeviceName: 
[2026-07-15 11:00:58] GetFirstDevice: Attempt 4, Index 12, MTMICRGetDevice returned 6, DeviceName: 
[2026-07-15 11:00:58] GetFirstDevice: Attempt 4, Index 13, MTMICRGetDevice returned 6, DeviceName: 
[2026-07-15 11:00:58] GetFirstDevice: Attempt 4, Index 14, MTMICRGetDevice returned 6, DeviceName: 
[2026-07-15 11:00:58] GetFirstDevice: Attempt 4, Index 15, MTMICRGetDevice returned 6, DeviceName: 
[2026-07-15 11:00:58] GetFirstDevice: Attempt 4, Index 16, MTMICRGetDevice returned 6, DeviceName: 
[2026-07-15 11:00:58] GetFirstDevice: Attempt 4, Index 17, MTMICRGetDevice returned 6, DeviceName: 
[2026-07-15 11:00:58] GetFirstDevice: Attempt 4, Index 18, MTMICRGetDevice returned 6, DeviceName: 
[2026-07-15 11:00:58] GetFirstDevice: Attempt 4, Index 19, MTMICRGetDevice returned 6, DeviceName: 
[2026-07-15 11:00:58] GetFirstDevice: Attempt 4, Index 20, MTMICRGetDevice returned 6, DeviceName: 
[2026-07-15 11:00:58] GetFirstDevice: No devices found on attempt 4, retrying...
[2026-07-15 11:01:00] GetFirstDevice: Attempt 5, Index 1, MTMICRGetDevice returned 6, DeviceName: 
[2026-07-15 11:01:00] GetFirstDevice: Attempt 5, Index 2, MTMICRGetDevice returned 6, DeviceName: 
[2026-07-15 11:01:00] GetFirstDevice: Attempt 5, Index 3, MTMICRGetDevice returned 6, DeviceName: 
[2026-07-15 11:01:00] GetFirstDevice: Attempt 5, Index 4, MTMICRGetDevice returned 6, DeviceName: 
[2026-07-15 11:01:00] GetFirstDevice: Attempt 5, Index 5, MTMICRGetDevice returned 6, DeviceName: 
[2026-07-15 11:01:00] GetFirstDevice: Attempt 5, Index 6, MTMICRGetDevice returned 6, DeviceName: 
[2026-07-15 11:01:00] GetFirstDevice: Attempt 5, Index 7, MTMICRGetDevice returned 6, DeviceName: 
[2026-07-15 11:01:00] GetFirstDevice: Attempt 5, Index 8, MTMICRGetDevice returned 6, DeviceName: 
[2026-07-15 11:01:00] GetFirstDevice: Attempt 5, Index 9, MTMICRGetDevice returned 6, DeviceName: 
[2026-07-15 11:01:00] GetFirstDevice: Attempt 5, Index 10, MTMICRGetDevice returned 6, DeviceName: 
[2026-07-15 11:01:00] GetFirstDevice: Attempt 5, Index 11, MTMICRGetDevice returned 6, DeviceName: 
[2026-07-15 11:01:00] GetFirstDevice: Attempt 5, Index 12, MTMICRGetDevice returned 6, DeviceName: 
[2026-07-15 11:01:00] GetFirstDevice: Attempt 5, Index 13, MTMICRGetDevice returned 6, DeviceName: 
[2026-07-15 11:01:00] GetFirstDevice: Attempt 5, Index 14, MTMICRGetDevice returned 6, DeviceName: 
[2026-07-15 11:01:00] GetFirstDevice: Attempt 5, Index 15, MTMICRGetDevice returned 6, DeviceName: 
[2026-07-15 11:01:00] GetFirstDevice: Attempt 5, Index 16, MTMICRGetDevice returned 6, DeviceName: 
[2026-07-15 11:01:00] GetFirstDevice: Attempt 5, Index 17, MTMICRGetDevice returned 6, DeviceName: 
[2026-07-15 11:01:00] GetFirstDevice: Attempt 5, Index 18, MTMICRGetDevice returned 6, DeviceName: 
[2026-07-15 11:01:00] GetFirstDevice: Attempt 5, Index 19, MTMICRGetDevice returned 6, DeviceName: 
[2026-07-15 11:01:00] GetFirstDevice: Attempt 5, Index 20, MTMICRGetDevice returned 6, DeviceName: 
[2026-07-15 11:01:00] GetFirstDevice: No devices found on attempt 5, retrying...
[2026-07-15 11:01:02] GetFirstDevice: No devices found after all retries.
[2026-07-15 11:01:02] ConnectDevice: No device found
[2026-07-15 11:01:02] Dispose: Closing resources
[2026-07-15 11:01:02] Dispose: Closed log file handle
[2026-07-15 11:01:10] SetupLogging: Log file initialized at C:\Users\USG\Downloads\ChequeScannerApp\backend\ScannerApi\bin\Release\net6.0\win-x86\debug.log
[2026-07-15 11:01:10] Constructor: Initial DocType=CHECK
[2026-07-15 11:01:10] GetFirstDevice: Attempt 1, Index 1, MTMICRGetDevice returned 6, DeviceName: 
[2026-07-15 11:01:10] GetFirstDevice: Attempt 1, Index 2, MTMICRGetDevice returned 6, DeviceName: 
[2026-07-15 11:01:10] GetFirstDevice: Attempt 1, Index 3, MTMICRGetDevice returned 6, DeviceName: 
[2026-07-15 11:01:10] GetFirstDevice: Attempt 1, Index 4, MTMICRGetDevice returned 6, DeviceName: 
[2026-07-15 11:01:10] GetFirstDevice: Attempt 1, Index 5, MTMICRGetDevice returned 6, DeviceName: 
[2026-07-15 11:01:10] GetFirstDevice: Attempt 1, Index 6, MTMICRGetDevice returned 6, DeviceName: 
[2026-07-15 11:01:10] GetFirstDevice: Attempt 1, Index 7, MTMICRGetDevice returned 6, DeviceName: 
[2026-07-15 11:01:10] GetFirstDevice: Attempt 1, Index 8, MTMICRGetDevice returned 6, DeviceName: 
[2026-07-15 11:01:10] GetFirstDevice: Attempt 1, Index 9, MTMICRGetDevice returned 6, DeviceName: 
[2026-07-15 11:01:10] GetFirstDevice: Attempt 1, Index 10, MTMICRGetDevice returned 6, DeviceName: 
[2026-07-15 11:01:10] GetFirstDevice: Attempt 1, Index 11, MTMICRGetDevice returned 6, DeviceName: 
[2026-07-15 11:01:10] GetFirstDevice: Attempt 1, Index 12, MTMICRGetDevice returned 6, DeviceName: 
[2026-07-15 11:01:10] GetFirstDevice: Attempt 1, Index 13, MTMICRGetDevice returned 6, DeviceName: 
[2026-07-15 11:01:10] GetFirstDevice: Attempt 1, Index 14, MTMICRGetDevice returned 6, DeviceName: 
[2026-07-15 11:01:10] GetFirstDevice: Attempt 1, Index 15, MTMICRGetDevice returned 6, DeviceName: 
[2026-07-15 11:01:10] GetFirstDevice: Attempt 1, Index 16, MTMICRGetDevice returned 6, DeviceName: 
[2026-07-15 11:01:10] GetFirstDevice: Attempt 1, Index 17, MTMICRGetDevice returned 6, DeviceName: 
[2026-07-15 11:01:10] GetFirstDevice: Attempt 1, Index 18, MTMICRGetDevice returned 6, DeviceName: 
[2026-07-15 11:01:10] GetFirstDevice: Attempt 1, Index 19, MTMICRGetDevice returned 6, DeviceName: 
[2026-07-15 11:01:10] GetFirstDevice: Attempt 1, Index 20, MTMICRGetDevice returned 6, DeviceName: 
[2026-07-15 11:01:10] GetFirstDevice: No devices found on attempt 1, retrying...
[2026-07-15 11:01:12] GetFirstDevice: Attempt 2, Index 1, MTMICRGetDevice returned 6, DeviceName: 
[2026-07-15 11:01:12] GetFirstDevice: Attempt 2, Index 2, MTMICRGetDevice returned 6, DeviceName: 
[2026-07-15 11:01:12] GetFirstDevice: Attempt 2, Index 3, MTMICRGetDevice returned 6, DeviceName: 
[2026-07-15 11:01:12] GetFirstDevice: Attempt 2, Index 4, MTMICRGetDevice returned 6, DeviceName: 
[2026-07-15 11:01:12] GetFirstDevice: Attempt 2, Index 5, MTMICRGetDevice returned 6, DeviceName: 
[2026-07-15 11:01:12] GetFirstDevice: Attempt 2, Index 6, MTMICRGetDevice returned 6, DeviceName: 
[2026-07-15 11:01:12] GetFirstDevice: Attempt 2, Index 7, MTMICRGetDevice returned 6, DeviceName: 
[2026-07-15 11:01:12] GetFirstDevice: Attempt 2, Index 8, MTMICRGetDevice returned 6, DeviceName: 
[2026-07-15 11:01:12] GetFirstDevice: Attempt 2, Index 9, MTMICRGetDevice returned 6, DeviceName: 
[2026-07-15 11:01:12] GetFirstDevice: Attempt 2, Index 10, MTMICRGetDevice returned 6, DeviceName: 
[2026-07-15 11:01:12] GetFirstDevice: Attempt 2, Index 11, MTMICRGetDevice returned 6, DeviceName: 
[2026-07-15 11:01:12] GetFirstDevice: Attempt 2, Index 12, MTMICRGetDevice returned 6, DeviceName: 
[2026-07-15 11:01:12] GetFirstDevice: Attempt 2, Index 13, MTMICRGetDevice returned 6, DeviceName: 
[2026-07-15 11:01:12] GetFirstDevice: Attempt 2, Index 14, MTMICRGetDevice returned 6, DeviceName: 
[2026-07-15 11:01:12] GetFirstDevice: Attempt 2, Index 15, MTMICRGetDevice returned 6, DeviceName: 
[2026-07-15 11:01:12] GetFirstDevice: Attempt 2, Index 16, MTMICRGetDevice returned 6, DeviceName: 
[2026-07-15 11:01:12] GetFirstDevice: Attempt 2, Index 17, MTMICRGetDevice returned 6, DeviceName: 
[2026-07-15 11:01:12] GetFirstDevice: Attempt 2, Index 18, MTMICRGetDevice returned 6, DeviceName: 
[2026-07-15 11:01:12] GetFirstDevice: Attempt 2, Index 19, MTMICRGetDevice returned 6, DeviceName: 
[2026-07-15 11:01:12] GetFirstDevice: Attempt 2, Index 20, MTMICRGetDevice returned 6, DeviceName: 
[2026-07-15 11:01:12] GetFirstDevice: No devices found on attempt 2, retrying...
[2026-07-15 11:01:14] GetFirstDevice: Attempt 3, Index 1, MTMICRGetDevice returned 6, DeviceName: 
[2026-07-15 11:01:14] GetFirstDevice: Attempt 3, Index 2, MTMICRGetDevice returned 6, DeviceName: 
[2026-07-15 11:01:14] GetFirstDevice: Attempt 3, Index 3, MTMICRGetDevice returned 6, DeviceName: 
[2026-07-15 11:01:14] GetFirstDevice: Attempt 3, Index 4, MTMICRGetDevice returned 6, DeviceName: 
[2026-07-15 11:01:14] GetFirstDevice: Attempt 3, Index 5, MTMICRGetDevice returned 6, DeviceName: 
[2026-07-15 11:01:14] GetFirstDevice: Attempt 3, Index 6, MTMICRGetDevice returned 6, DeviceName: 
[2026-07-15 11:01:14] GetFirstDevice: Attempt 3, Index 7, MTMICRGetDevice returned 6, DeviceName: 
[2026-07-15 11:01:14] GetFirstDevice: Attempt 3, Index 8, MTMICRGetDevice returned 6, DeviceName: 
[2026-07-15 11:01:14] GetFirstDevice: Attempt 3, Index 9, MTMICRGetDevice returned 6, DeviceName: 
[2026-07-15 11:01:14] GetFirstDevice: Attempt 3, Index 10, MTMICRGetDevice returned 6, DeviceName: 
[2026-07-15 11:01:14] GetFirstDevice: Attempt 3, Index 11, MTMICRGetDevice returned 6, DeviceName: 
[2026-07-15 11:01:14] GetFirstDevice: Attempt 3, Index 12, MTMICRGetDevice returned 6, DeviceName: 
[2026-07-15 11:01:14] GetFirstDevice: Attempt 3, Index 13, MTMICRGetDevice returned 6, DeviceName: 
[2026-07-15 11:01:14] GetFirstDevice: Attempt 3, Index 14, MTMICRGetDevice returned 6, DeviceName: 
[2026-07-15 11:01:14] GetFirstDevice: Attempt 3, Index 15, MTMICRGetDevice returned 6, DeviceName: 
[2026-07-15 11:01:14] GetFirstDevice: Attempt 3, Index 16, MTMICRGetDevice returned 6, DeviceName: 
[2026-07-15 11:01:14] GetFirstDevice: Attempt 3, Index 17, MTMICRGetDevice returned 6, DeviceName: 
[2026-07-15 11:01:14] GetFirstDevice: Attempt 3, Index 18, MTMICRGetDevice returned 6, DeviceName: 
[2026-07-15 11:01:14] GetFirstDevice: Attempt 3, Index 19, MTMICRGetDevice returned 6, DeviceName: 
[2026-07-15 11:01:14] GetFirstDevice: Attempt 3, Index 20, MTMICRGetDevice returned 6, DeviceName: 
[2026-07-15 11:01:14] GetFirstDevice: No devices found on attempt 3, retrying...
[2026-07-15 11:01:16] GetFirstDevice: Attempt 4, Index 1, MTMICRGetDevice returned 6, DeviceName: 
[2026-07-15 11:01:16] GetFirstDevice: Attempt 4, Index 2, MTMICRGetDevice returned 6, DeviceName: 
[2026-07-15 11:01:16] GetFirstDevice: Attempt 4, Index 3, MTMICRGetDevice returned 6, DeviceName: 
[2026-07-15 11:01:16] GetFirstDevice: Attempt 4, Index 4, MTMICRGetDevice returned 6, DeviceName: 
[2026-07-15 11:01:16] GetFirstDevice: Attempt 4, Index 5, MTMICRGetDevice returned 6, DeviceName: 
[2026-07-15 11:01:16] GetFirstDevice: Attempt 4, Index 6, MTMICRGetDevice returned 6, DeviceName: 
[2026-07-15 11:01:16] GetFirstDevice: Attempt 4, Index 7, MTMICRGetDevice returned 6, DeviceName: 
[2026-07-15 11:01:16] GetFirstDevice: Attempt 4, Index 8, MTMICRGetDevice returned 6, DeviceName: 
[2026-07-15 11:01:16] GetFirstDevice: Attempt 4, Index 9, MTMICRGetDevice returned 6, DeviceName: 
[2026-07-15 11:01:16] GetFirstDevice: Attempt 4, Index 10, MTMICRGetDevice returned 6, DeviceName: 
[2026-07-15 11:01:16] GetFirstDevice: Attempt 4, Index 11, MTMICRGetDevice returned 6, DeviceName: 
[2026-07-15 11:01:16] GetFirstDevice: Attempt 4, Index 12, MTMICRGetDevice returned 6, DeviceName: 
[2026-07-15 11:01:16] GetFirstDevice: Attempt 4, Index 13, MTMICRGetDevice returned 6, DeviceName: 
[2026-07-15 11:01:16] GetFirstDevice: Attempt 4, Index 14, MTMICRGetDevice returned 6, DeviceName: 
[2026-07-15 11:01:16] GetFirstDevice: Attempt 4, Index 15, MTMICRGetDevice returned 6, DeviceName: 
[2026-07-15 11:01:16] GetFirstDevice: Attempt 4, Index 16, MTMICRGetDevice returned 6, DeviceName: 
[2026-07-15 11:01:16] GetFirstDevice: Attempt 4, Index 17, MTMICRGetDevice returned 6, DeviceName: 
[2026-07-15 11:01:16] GetFirstDevice: Attempt 4, Index 18, MTMICRGetDevice returned 6, DeviceName: 
[2026-07-15 11:01:16] GetFirstDevice: Attempt 4, Index 19, MTMICRGetDevice returned 6, DeviceName: 
[2026-07-15 11:01:16] GetFirstDevice: Attempt 4, Index 20, MTMICRGetDevice returned 6, DeviceName: 
[2026-07-15 11:01:16] GetFirstDevice: No devices found on attempt 4, retrying...
[2026-07-15 11:01:18] GetFirstDevice: Attempt 5, Index 1, MTMICRGetDevice returned 6, DeviceName: 
[2026-07-15 11:01:18] GetFirstDevice: Attempt 5, Index 2, MTMICRGetDevice returned 6, DeviceName: 
[2026-07-15 11:01:18] GetFirstDevice: Attempt 5, Index 3, MTMICRGetDevice returned 6, DeviceName: 
[2026-07-15 11:01:18] GetFirstDevice: Attempt 5, Index 4, MTMICRGetDevice returned 6, DeviceName: 
[2026-07-15 11:01:18] GetFirstDevice: Attempt 5, Index 5, MTMICRGetDevice returned 6, DeviceName: 
[2026-07-15 11:01:18] GetFirstDevice: Attempt 5, Index 6, MTMICRGetDevice returned 6, DeviceName: 
[2026-07-15 11:01:18] GetFirstDevice: Attempt 5, Index 7, MTMICRGetDevice returned 6, DeviceName: 
[2026-07-15 11:01:18] GetFirstDevice: Attempt 5, Index 8, MTMICRGetDevice returned 6, DeviceName: 
[2026-07-15 11:01:18] GetFirstDevice: Attempt 5, Index 9, MTMICRGetDevice returned 6, DeviceName: 
[2026-07-15 11:01:18] GetFirstDevice: Attempt 5, Index 10, MTMICRGetDevice returned 6, DeviceName: 
[2026-07-15 11:01:18] GetFirstDevice: Attempt 5, Index 11, MTMICRGetDevice returned 6, DeviceName: 
[2026-07-15 11:01:18] GetFirstDevice: Attempt 5, Index 12, MTMICRGetDevice returned 6, DeviceName: 
[2026-07-15 11:01:18] GetFirstDevice: Attempt 5, Index 13, MTMICRGetDevice returned 6, DeviceName: 
[2026-07-15 11:01:18] GetFirstDevice: Attempt 5, Index 14, MTMICRGetDevice returned 6, DeviceName: 
[2026-07-15 11:01:18] GetFirstDevice: Attempt 5, Index 15, MTMICRGetDevice returned 6, DeviceName: 
[2026-07-15 11:01:18] GetFirstDevice: Attempt 5, Index 16, MTMICRGetDevice returned 6, DeviceName: 
[2026-07-15 11:01:18] GetFirstDevice: Attempt 5, Index 17, MTMICRGetDevice returned 6, DeviceName: 
[2026-07-15 11:01:18] GetFirstDevice: Attempt 5, Index 18, MTMICRGetDevice returned 6, DeviceName: 
[2026-07-15 11:01:18] GetFirstDevice: Attempt 5, Index 19, MTMICRGetDevice returned 6, DeviceName: 
[2026-07-15 11:01:18] GetFirstDevice: Attempt 5, Index 20, MTMICRGetDevice returned 6, DeviceName: 
[2026-07-15 11:01:18] GetFirstDevice: No devices found on attempt 5, retrying...
[2026-07-15 11:01:20] GetFirstDevice: No devices found after all retries.
[2026-07-15 11:01:20] ConnectDevice: No device found
[2026-07-15 11:01:20] Dispose: Closing resources
[2026-07-15 11:01:20] Dispose: Closed log file handle
[2026-07-15 11:01:37] SetupLogging: Log file initialized at C:\Users\USG\Downloads\ChequeScannerApp\backend\ScannerApi\bin\Release\net6.0\win-x86\debug.log
[2026-07-15 11:01:37] Constructor: Initial DocType=CHECK
[2026-07-15 11:01:37] GetFirstDevice: Attempt 1, Index 1, MTMICRGetDevice returned 6, DeviceName: 
[2026-07-15 11:01:37] GetFirstDevice: Attempt 1, Index 2, MTMICRGetDevice returned 6, DeviceName: 
[2026-07-15 11:01:37] GetFirstDevice: Attempt 1, Index 3, MTMICRGetDevice returned 6, DeviceName: 
[2026-07-15 11:01:37] GetFirstDevice: Attempt 1, Index 4, MTMICRGetDevice returned 6, DeviceName: 
[2026-07-15 11:01:37] GetFirstDevice: Attempt 1, Index 5, MTMICRGetDevice returned 6, DeviceName: 
[2026-07-15 11:01:37] GetFirstDevice: Attempt 1, Index 6, MTMICRGetDevice returned 6, DeviceName: 
[2026-07-15 11:01:37] GetFirstDevice: Attempt 1, Index 7, MTMICRGetDevice returned 6, DeviceName: 
[2026-07-15 11:01:37] GetFirstDevice: Attempt 1, Index 8, MTMICRGetDevice returned 6, DeviceName: 
[2026-07-15 11:01:37] GetFirstDevice: Attempt 1, Index 9, MTMICRGetDevice returned 6, DeviceName: 
[2026-07-15 11:01:37] GetFirstDevice: Attempt 1, Index 10, MTMICRGetDevice returned 6, DeviceName: 
[2026-07-15 11:01:37] GetFirstDevice: Attempt 1, Index 11, MTMICRGetDevice returned 6, DeviceName: 
[2026-07-15 11:01:37] GetFirstDevice: Attempt 1, Index 12, MTMICRGetDevice returned 6, DeviceName: 
[2026-07-15 11:01:37] GetFirstDevice: Attempt 1, Index 13, MTMICRGetDevice returned 6, DeviceName: 
[2026-07-15 11:01:37] GetFirstDevice: Attempt 1, Index 14, MTMICRGetDevice returned 6, DeviceName: 
[2026-07-15 11:01:37] GetFirstDevice: Attempt 1, Index 15, MTMICRGetDevice returned 6, DeviceName: 
[2026-07-15 11:01:37] GetFirstDevice: Attempt 1, Index 16, MTMICRGetDevice returned 6, DeviceName: 
[2026-07-15 11:01:37] GetFirstDevice: Attempt 1, Index 17, MTMICRGetDevice returned 6, DeviceName: 
[2026-07-15 11:01:37] GetFirstDevice: Attempt 1, Index 18, MTMICRGetDevice returned 6, DeviceName: 
[2026-07-15 11:01:37] GetFirstDevice: Attempt 1, Index 19, MTMICRGetDevice returned 6, DeviceName: 
[2026-07-15 11:01:37] GetFirstDevice: Attempt 1, Index 20, MTMICRGetDevice returned 6, DeviceName: 
[2026-07-15 11:01:37] GetFirstDevice: No devices found on attempt 1, retrying...
[2026-07-15 11:01:39] GetFirstDevice: Attempt 2, Index 1, MTMICRGetDevice returned 6, DeviceName: 
[2026-07-15 11:01:39] GetFirstDevice: Attempt 2, Index 2, MTMICRGetDevice returned 6, DeviceName: 
[2026-07-15 11:01:39] GetFirstDevice: Attempt 2, Index 3, MTMICRGetDevice returned 6, DeviceName: 
[2026-07-15 11:01:39] GetFirstDevice: Attempt 2, Index 4, MTMICRGetDevice returned 6, DeviceName: 
[2026-07-15 11:01:39] GetFirstDevice: Attempt 2, Index 5, MTMICRGetDevice returned 6, DeviceName: 
[2026-07-15 11:01:39] GetFirstDevice: Attempt 2, Index 6, MTMICRGetDevice returned 6, DeviceName: 
[2026-07-15 11:01:39] GetFirstDevice: Attempt 2, Index 7, MTMICRGetDevice returned 6, DeviceName: 
[2026-07-15 11:01:39] GetFirstDevice: Attempt 2, Index 8, MTMICRGetDevice returned 6, DeviceName: 
[2026-07-15 11:01:39] GetFirstDevice: Attempt 2, Index 9, MTMICRGetDevice returned 6, DeviceName: 
[2026-07-15 11:01:39] GetFirstDevice: Attempt 2, Index 10, MTMICRGetDevice returned 6, DeviceName: 
[2026-07-15 11:01:39] GetFirstDevice: Attempt 2, Index 11, MTMICRGetDevice returned 6, DeviceName: 
[2026-07-15 11:01:39] GetFirstDevice: Attempt 2, Index 12, MTMICRGetDevice returned 6, DeviceName: 
[2026-07-15 11:01:39] GetFirstDevice: Attempt 2, Index 13, MTMICRGetDevice returned 6, DeviceName: 
[2026-07-15 11:01:39] GetFirstDevice: Attempt 2, Index 14, MTMICRGetDevice returned 6, DeviceName: 
[2026-07-15 11:01:39] GetFirstDevice: Attempt 2, Index 15, MTMICRGetDevice returned 6, DeviceName: 
[2026-07-15 11:01:39] GetFirstDevice: Attempt 2, Index 16, MTMICRGetDevice returned 6, DeviceName: 
[2026-07-15 11:01:39] GetFirstDevice: Attempt 2, Index 17, MTMICRGetDevice returned 6, DeviceName: 
[2026-07-15 11:01:39] GetFirstDevice: Attempt 2, Index 18, MTMICRGetDevice returned 6, DeviceName: 
[2026-07-15 11:01:39] GetFirstDevice: Attempt 2, Index 19, MTMICRGetDevice returned 6, DeviceName: 
[2026-07-15 11:01:39] GetFirstDevice: Attempt 2, Index 20, MTMICRGetDevice returned 6, DeviceName: 
[2026-07-15 11:01:39] GetFirstDevice: No devices found on attempt 2, retrying...
[2026-07-15 11:01:41] GetFirstDevice: Attempt 3, Index 1, MTMICRGetDevice returned 6, DeviceName: 
[2026-07-15 11:01:41] GetFirstDevice: Attempt 3, Index 2, MTMICRGetDevice returned 6, DeviceName: 
[2026-07-15 11:01:41] GetFirstDevice: Attempt 3, Index 3, MTMICRGetDevice returned 6, DeviceName: 
[2026-07-15 11:01:41] GetFirstDevice: Attempt 3, Index 4, MTMICRGetDevice returned 6, DeviceName: 
[2026-07-15 11:01:41] GetFirstDevice: Attempt 3, Index 5, MTMICRGetDevice returned 6, DeviceName: 
[2026-07-15 11:01:41] GetFirstDevice: Attempt 3, Index 6, MTMICRGetDevice returned 6, DeviceName: 
[2026-07-15 11:01:41] GetFirstDevice: Attempt 3, Index 7, MTMICRGetDevice returned 6, DeviceName: 
[2026-07-15 11:01:41] GetFirstDevice: Attempt 3, Index 8, MTMICRGetDevice returned 6, DeviceName: 
[2026-07-15 11:01:41] GetFirstDevice: Attempt 3, Index 9, MTMICRGetDevice returned 6, DeviceName: 
[2026-07-15 11:01:41] GetFirstDevice: Attempt 3, Index 10, MTMICRGetDevice returned 6, DeviceName: 
[2026-07-15 11:01:41] GetFirstDevice: Attempt 3, Index 11, MTMICRGetDevice returned 6, DeviceName: 
[2026-07-15 11:01:41] GetFirstDevice: Attempt 3, Index 12, MTMICRGetDevice returned 6, DeviceName: 
[2026-07-15 11:01:41] GetFirstDevice: Attempt 3, Index 13, MTMICRGetDevice returned 6, DeviceName: 
[2026-07-15 11:01:41] GetFirstDevice: Attempt 3, Index 14, MTMICRGetDevice returned 6, DeviceName: 
[2026-07-15 11:01:41] GetFirstDevice: Attempt 3, Index 15, MTMICRGetDevice returned 6, DeviceName: 
[2026-07-15 11:01:41] GetFirstDevice: Attempt 3, Index 16, MTMICRGetDevice returned 6, DeviceName: 
[2026-07-15 11:01:41] GetFirstDevice: Attempt 3, Index 17, MTMICRGetDevice returned 6, DeviceName: 
[2026-07-15 11:01:41] GetFirstDevice: Attempt 3, Index 18, MTMICRGetDevice returned 6, DeviceName: 
[2026-07-15 11:01:41] GetFirstDevice: Attempt 3, Index 19, MTMICRGetDevice returned 6, DeviceName: 
[2026-07-15 11:01:41] GetFirstDevice: Attempt 3, Index 20, MTMICRGetDevice returned 6, DeviceName: 
[2026-07-15 11:01:41] GetFirstDevice: No devices found on attempt 3, retrying...
[2026-07-15 11:01:43] GetFirstDevice: Attempt 4, Index 1, MTMICRGetDevice returned 6, DeviceName: 
[2026-07-15 11:01:43] GetFirstDevice: Attempt 4, Index 2, MTMICRGetDevice returned 6, DeviceName: 
[2026-07-15 11:01:43] GetFirstDevice: Attempt 4, Index 3, MTMICRGetDevice returned 6, DeviceName: 
[2026-07-15 11:01:43] GetFirstDevice: Attempt 4, Index 4, MTMICRGetDevice returned 6, DeviceName: 
[2026-07-15 11:01:43] GetFirstDevice: Attempt 4, Index 5, MTMICRGetDevice returned 6, DeviceName: 
[2026-07-15 11:01:43] GetFirstDevice: Attempt 4, Index 6, MTMICRGetDevice returned 6, DeviceName: 
[2026-07-15 11:01:43] GetFirstDevice: Attempt 4, Index 7, MTMICRGetDevice returned 6, DeviceName: 
[2026-07-15 11:01:43] GetFirstDevice: Attempt 4, Index 8, MTMICRGetDevice returned 6, DeviceName: 
[2026-07-15 11:01:43] GetFirstDevice: Attempt 4, Index 9, MTMICRGetDevice returned 6, DeviceName: 
[2026-07-15 11:01:43] GetFirstDevice: Attempt 4, Index 10, MTMICRGetDevice returned 6, DeviceName: 
[2026-07-15 11:01:43] GetFirstDevice: Attempt 4, Index 11, MTMICRGetDevice returned 6, DeviceName: 
[2026-07-15 11:01:43] GetFirstDevice: Attempt 4, Index 12, MTMICRGetDevice returned 6, DeviceName: 
[2026-07-15 11:01:43] GetFirstDevice: Attempt 4, Index 13, MTMICRGetDevice returned 6, DeviceName: 
[2026-07-15 11:01:43] GetFirstDevice: Attempt 4, Index 14, MTMICRGetDevice returned 6, DeviceName: 
[2026-07-15 11:01:43] GetFirstDevice: Attempt 4, Index 15, MTMICRGetDevice returned 6, DeviceName: 
[2026-07-15 11:01:43] GetFirstDevice: Attempt 4, Index 16, MTMICRGetDevice returned 6, DeviceName: 
[2026-07-15 11:01:43] GetFirstDevice: Attempt 4, Index 17, MTMICRGetDevice returned 6, DeviceName: 
[2026-07-15 11:01:43] GetFirstDevice: Attempt 4, Index 18, MTMICRGetDevice returned 6, DeviceName: 
[2026-07-15 11:01:43] GetFirstDevice: Attempt 4, Index 19, MTMICRGetDevice returned 6, DeviceName: 
[2026-07-15 11:01:43] GetFirstDevice: Attempt 4, Index 20, MTMICRGetDevice returned 6, DeviceName: 
[2026-07-15 11:01:43] GetFirstDevice: No devices found on attempt 4, retrying...
[2026-07-15 11:01:45] GetFirstDevice: Attempt 5, Index 1, MTMICRGetDevice returned 6, DeviceName: 
[2026-07-15 11:01:45] GetFirstDevice: Attempt 5, Index 2, MTMICRGetDevice returned 6, DeviceName: 
[2026-07-15 11:01:45] GetFirstDevice: Attempt 5, Index 3, MTMICRGetDevice returned 6, DeviceName: 
[2026-07-15 11:01:45] GetFirstDevice: Attempt 5, Index 4, MTMICRGetDevice returned 6, DeviceName: 
[2026-07-15 11:01:45] GetFirstDevice: Attempt 5, Index 5, MTMICRGetDevice returned 6, DeviceName: 
[2026-07-15 11:01:45] GetFirstDevice: Attempt 5, Index 6, MTMICRGetDevice returned 6, DeviceName: 
[2026-07-15 11:01:45] GetFirstDevice: Attempt 5, Index 7, MTMICRGetDevice returned 6, DeviceName: 
[2026-07-15 11:01:45] GetFirstDevice: Attempt 5, Index 8, MTMICRGetDevice returned 6, DeviceName: 
[2026-07-15 11:01:45] GetFirstDevice: Attempt 5, Index 9, MTMICRGetDevice returned 6, DeviceName: 
[2026-07-15 11:01:45] GetFirstDevice: Attempt 5, Index 10, MTMICRGetDevice returned 6, DeviceName: 
[2026-07-15 11:01:45] GetFirstDevice: Attempt 5, Index 11, MTMICRGetDevice returned 6, DeviceName: 
[2026-07-15 11:01:45] GetFirstDevice: Attempt 5, Index 12, MTMICRGetDevice returned 6, DeviceName: 
[2026-07-15 11:01:45] GetFirstDevice: Attempt 5, Index 13, MTMICRGetDevice returned 6, DeviceName: 
[2026-07-15 11:01:45] GetFirstDevice: Attempt 5, Index 14, MTMICRGetDevice returned 6, DeviceName: 
[2026-07-15 11:01:45] GetFirstDevice: Attempt 5, Index 15, MTMICRGetDevice returned 6, DeviceName: 
[2026-07-15 11:01:45] GetFirstDevice: Attempt 5, Index 16, MTMICRGetDevice returned 6, DeviceName: 
[2026-07-15 11:01:45] GetFirstDevice: Attempt 5, Index 17, MTMICRGetDevice returned 6, DeviceName: 
[2026-07-15 11:01:45] GetFirstDevice: Attempt 5, Index 18, MTMICRGetDevice returned 6, DeviceName: 
[2026-07-15 11:01:45] GetFirstDevice: Attempt 5, Index 19, MTMICRGetDevice returned 6, DeviceName: 
[2026-07-15 11:01:45] GetFirstDevice: Attempt 5, Index 20, MTMICRGetDevice returned 6, DeviceName: 
[2026-07-15 11:01:45] GetFirstDevice: No devices found on attempt 5, retrying...
[2026-07-15 11:01:47] GetFirstDevice: No devices found after all retries.
[2026-07-15 11:01:47] GetDeviceStatus: No device found.
[2026-07-15 11:01:47] Dispose: Closing resources
[2026-07-15 11:01:47] Dispose: Closed log file handle
[2026-07-15 11:03:14] SetupLogging: Log file initialized at C:\Users\USG\Downloads\ChequeScannerApp\backend\ScannerApi\bin\Release\net6.0\win-x86\debug.log
[2026-07-15 11:03:14] Constructor: Initial DocType=CHECK
[2026-07-15 11:03:14] GetFirstDevice: Attempt 1, Index 1, MTMICRGetDevice returned 0, DeviceName: STX.STX001
[2026-07-15 11:03:14] GetFirstDevice: Added device: STX.STX001
[2026-07-15 11:03:14] GetFirstDevice: Attempt 1, Index 2, MTMICRGetDevice returned 6, DeviceName: 
[2026-07-15 11:03:14] GetFirstDevice: Attempt 1, Index 3, MTMICRGetDevice returned 6, DeviceName: 
[2026-07-15 11:03:14] GetFirstDevice: Attempt 1, Index 4, MTMICRGetDevice returned 6, DeviceName: 
[2026-07-15 11:03:14] GetFirstDevice: Attempt 1, Index 5, MTMICRGetDevice returned 6, DeviceName: 
[2026-07-15 11:03:14] GetFirstDevice: Attempt 1, Index 6, MTMICRGetDevice returned 6, DeviceName: 
[2026-07-15 11:03:14] GetFirstDevice: Attempt 1, Index 7, MTMICRGetDevice returned 6, DeviceName: 
[2026-07-15 11:03:14] GetFirstDevice: Attempt 1, Index 8, MTMICRGetDevice returned 6, DeviceName: 
[2026-07-15 11:03:14] GetFirstDevice: Attempt 1, Index 9, MTMICRGetDevice returned 6, DeviceName: 
[2026-07-15 11:03:14] GetFirstDevice: Attempt 1, Index 10, MTMICRGetDevice returned 6, DeviceName: 
[2026-07-15 11:03:14] GetFirstDevice: Attempt 1, Index 11, MTMICRGetDevice returned 6, DeviceName: 
[2026-07-15 11:03:14] GetFirstDevice: Attempt 1, Index 12, MTMICRGetDevice returned 6, DeviceName: 
[2026-07-15 11:03:14] GetFirstDevice: Attempt 1, Index 13, MTMICRGetDevice returned 6, DeviceName: 
[2026-07-15 11:03:14] GetFirstDevice: Attempt 1, Index 14, MTMICRGetDevice returned 6, DeviceName: 
[2026-07-15 11:03:14] GetFirstDevice: Attempt 1, Index 15, MTMICRGetDevice returned 6, DeviceName: 
[2026-07-15 11:03:14] GetFirstDevice: Attempt 1, Index 16, MTMICRGetDevice returned 6, DeviceName: 
[2026-07-15 11:03:14] GetFirstDevice: Attempt 1, Index 17, MTMICRGetDevice returned 6, DeviceName: 
[2026-07-15 11:03:14] GetFirstDevice: Attempt 1, Index 18, MTMICRGetDevice returned 6, DeviceName: 
[2026-07-15 11:03:14] GetFirstDevice: Attempt 1, Index 19, MTMICRGetDevice returned 6, DeviceName: 
[2026-07-15 11:03:14] GetFirstDevice: Attempt 1, Index 20, MTMICRGetDevice returned 6, DeviceName: 
[2026-07-15 11:03:14] GetFirstDevice: Selected device: STX.STX001 on attempt 1, DocType=CHECK
[2026-07-15 11:03:15] ConnectDevice: MTMICROpenDevice returned 0
[2026-07-15 11:03:15] ConnectDevice: Device opened successfully: STX.STX001, DocType=CHECK
[2026-07-15 11:03:15] Dispose: Closing resources
[2026-07-15 11:03:15] Dispose: Closed log file handle
[2026-07-15 11:03:15] Dispose: Closed device connection
[2026-07-15 11:03:19] SetupLogging: Log file initialized at C:\Users\USG\Downloads\ChequeScannerApp\backend\ScannerApi\bin\Release\net6.0\win-x86\debug.log
[2026-07-15 11:03:19] Constructor: Initial DocType=CHECK
[2026-07-15 11:03:19] GetFirstDevice: Attempt 1, Index 1, MTMICRGetDevice returned 0, DeviceName: STX.STX001
[2026-07-15 11:03:19] GetFirstDevice: Added device: STX.STX001
[2026-07-15 11:03:19] GetFirstDevice: Attempt 1, Index 2, MTMICRGetDevice returned 6, DeviceName: 
[2026-07-15 11:03:19] GetFirstDevice: Attempt 1, Index 3, MTMICRGetDevice returned 6, DeviceName: 
[2026-07-15 11:03:19] GetFirstDevice: Attempt 1, Index 4, MTMICRGetDevice returned 6, DeviceName: 
[2026-07-15 11:03:19] GetFirstDevice: Attempt 1, Index 5, MTMICRGetDevice returned 6, DeviceName: 
[2026-07-15 11:03:19] GetFirstDevice: Attempt 1, Index 6, MTMICRGetDevice returned 6, DeviceName: 
[2026-07-15 11:03:19] GetFirstDevice: Attempt 1, Index 7, MTMICRGetDevice returned 6, DeviceName: 
[2026-07-15 11:03:19] GetFirstDevice: Attempt 1, Index 8, MTMICRGetDevice returned 6, DeviceName: 
[2026-07-15 11:03:19] GetFirstDevice: Attempt 1, Index 9, MTMICRGetDevice returned 6, DeviceName: 
[2026-07-15 11:03:19] GetFirstDevice: Attempt 1, Index 10, MTMICRGetDevice returned 6, DeviceName: 
[2026-07-15 11:03:19] GetFirstDevice: Attempt 1, Index 11, MTMICRGetDevice returned 6, DeviceName: 
[2026-07-15 11:03:19] GetFirstDevice: Attempt 1, Index 12, MTMICRGetDevice returned 6, DeviceName: 
[2026-07-15 11:03:19] GetFirstDevice: Attempt 1, Index 13, MTMICRGetDevice returned 6, DeviceName: 
[2026-07-15 11:03:19] GetFirstDevice: Attempt 1, Index 14, MTMICRGetDevice returned 6, DeviceName: 
[2026-07-15 11:03:19] GetFirstDevice: Attempt 1, Index 15, MTMICRGetDevice returned 6, DeviceName: 
[2026-07-15 11:03:19] GetFirstDevice: Attempt 1, Index 16, MTMICRGetDevice returned 6, DeviceName: 
[2026-07-15 11:03:19] GetFirstDevice: Attempt 1, Index 17, MTMICRGetDevice returned 6, DeviceName: 
[2026-07-15 11:03:19] GetFirstDevice: Attempt 1, Index 18, MTMICRGetDevice returned 6, DeviceName: 
[2026-07-15 11:03:19] GetFirstDevice: Attempt 1, Index 19, MTMICRGetDevice returned 6, DeviceName: 
[2026-07-15 11:03:19] GetFirstDevice: Attempt 1, Index 20, MTMICRGetDevice returned 6, DeviceName: 
[2026-07-15 11:03:19] GetFirstDevice: Selected device: STX.STX001 on attempt 1, DocType=CHECK
[2026-07-15 11:03:19] GetDeviceStatus: Found device: STX.STX001, Current DocType=CHECK
[2026-07-15 11:03:19] GetDeviceStatus: MTMICROpenDevice returned 0
[2026-07-15 11:03:19] GetDeviceStatus: MTMICRQueryInfo attempt 1 returned 0, Response: <?xml version="1.0" encoding="utf-8"?><DeviceInformation>
<DeviceStatus>
<AccessGuide>LATCHED</AccessGuide>
<AutoFeeder>NOTSUP</AutoFeeder>
<FrontInk>OK</FrontInk>
<FrontPrinter>PRESENT</FrontPrinter>
<IDFeeder>EMPTY</IDFeeder>
<Ink>OK</Ink>
<LED1>NNNN</LED1>
<LED2>GGGG</LED2>
<LED3>NNNN</LED3>
<Lamp1>OK</Lamp1>
<Lamp2>OK</Lamp2>
<ManualFeeder>DOCPRESENT</ManualFeeder>
<Path>OK</Path>
<Printer>PRESENT</Printer>
<RTCBattery>OK</RTCBattery>
<RawSensors>3</RawSensors>
<ScanCalibStatus>FACTORY</ScanCalibStatus>
<SnsrCalibStatus>FACTORY</SnsrCalibStatus>
<StartTimeout>4000</StartTimeout>
<State>ONLINE</State>
</DeviceStatus>
</DeviceInformation>
  , ResponseLength: 651
[2026-07-15 11:03:19] GetDeviceStatus: Device is connected
[2026-07-15 11:03:19] Dispose: Closing resources
[2026-07-15 11:03:19] Dispose: Closed log file handle
[2026-07-15 11:03:19] Dispose: Closed device connection
[2026-07-15 11:03:29] SetupLogging: Log file initialized at C:\Users\USG\Downloads\ChequeScannerApp\backend\ScannerApi\bin\Release\net6.0\win-x86\debug.log
[2026-07-15 11:03:29] Constructor: Initial DocType=CHECK
[2026-07-15 11:03:29] GetDeviceList: Attempt 1, Index 1, MTMICRGetDevice returned 0, DeviceName: STX.STX001
[2026-07-15 11:03:29] GetDeviceList: Added device: STX.STX001
[2026-07-15 11:03:29] GetDeviceList: Attempt 1, Index 2, MTMICRGetDevice returned 6, DeviceName: 
[2026-07-15 11:03:29] GetDeviceList: Attempt 1, Index 3, MTMICRGetDevice returned 6, DeviceName: 
[2026-07-15 11:03:29] GetDeviceList: Attempt 1, Index 4, MTMICRGetDevice returned 6, DeviceName: 
[2026-07-15 11:03:29] GetDeviceList: Attempt 1, Index 5, MTMICRGetDevice returned 6, DeviceName: 
[2026-07-15 11:03:29] GetDeviceList: Attempt 1, Index 6, MTMICRGetDevice returned 6, DeviceName: 
[2026-07-15 11:03:29] GetDeviceList: Attempt 1, Index 7, MTMICRGetDevice returned 6, DeviceName: 
[2026-07-15 11:03:29] GetDeviceList: Attempt 1, Index 8, MTMICRGetDevice returned 6, DeviceName: 
[2026-07-15 11:03:29] GetDeviceList: Attempt 1, Index 9, MTMICRGetDevice returned 6, DeviceName: 
[2026-07-15 11:03:29] GetDeviceList: Attempt 1, Index 10, MTMICRGetDevice returned 6, DeviceName: 
[2026-07-15 11:03:29] GetDeviceList: Attempt 1, Index 11, MTMICRGetDevice returned 6, DeviceName: 
[2026-07-15 11:03:29] GetDeviceList: Attempt 1, Index 12, MTMICRGetDevice returned 6, DeviceName: 
[2026-07-15 11:03:29] GetDeviceList: Attempt 1, Index 13, MTMICRGetDevice returned 6, DeviceName: 
[2026-07-15 11:03:29] GetDeviceList: Attempt 1, Index 14, MTMICRGetDevice returned 6, DeviceName: 
[2026-07-15 11:03:29] GetDeviceList: Attempt 1, Index 15, MTMICRGetDevice returned 6, DeviceName: 
[2026-07-15 11:03:29] GetDeviceList: Attempt 1, Index 16, MTMICRGetDevice returned 6, DeviceName: 
[2026-07-15 11:03:29] GetDeviceList: Attempt 1, Index 17, MTMICRGetDevice returned 6, DeviceName: 
[2026-07-15 11:03:29] GetDeviceList: Attempt 1, Index 18, MTMICRGetDevice returned 6, DeviceName: 
[2026-07-15 11:03:29] GetDeviceList: Attempt 1, Index 19, MTMICRGetDevice returned 6, DeviceName: 
[2026-07-15 11:03:29] GetDeviceList: Attempt 1, Index 20, MTMICRGetDevice returned 6, DeviceName: 
[2026-07-15 11:03:29] GetDeviceList: Found 1 devices on attempt 1: STX.STX001
[2026-07-15 11:03:29] GetDeviceList: Final list: STX.STX001
[2026-07-15 11:03:29] Dispose: Closing resources
[2026-07-15 11:03:29] Dispose: Closed log file handle
[2026-07-15 11:03:30] SetupLogging: Log file initialized at C:\Users\USG\Downloads\ChequeScannerApp\backend\ScannerApi\bin\Release\net6.0\win-x86\debug.log
[2026-07-15 11:03:30] Constructor: Initial DocType=CHECK
[2026-07-15 11:03:30] ConnectSpecificDevice: MTMICROpenDevice for STX.STX001 returned 0
[2026-07-15 11:03:30] ConnectSpecificDevice: Device opened successfully: STX.STX001, DocType=CHECK
[2026-07-15 11:03:30] Dispose: Closing resources
[2026-07-15 11:03:30] Dispose: Closed log file handle
[2026-07-15 11:03:30] Dispose: Closed device connection
[2026-07-15 11:03:37] SetupLogging: Log file initialized at C:\Users\USG\Downloads\ChequeScannerApp\backend\ScannerApi\bin\Release\net6.0\win-x86\debug.log
[2026-07-15 11:03:37] Constructor: Initial DocType=CHECK
[2026-07-15 11:03:37] GetFirstDevice: Attempt 1, Index 1, MTMICRGetDevice returned 0, DeviceName: STX.STX001
[2026-07-15 11:03:37] GetFirstDevice: Added device: STX.STX001
[2026-07-15 11:03:37] GetFirstDevice: Attempt 1, Index 2, MTMICRGetDevice returned 6, DeviceName: 
[2026-07-15 11:03:37] GetFirstDevice: Attempt 1, Index 3, MTMICRGetDevice returned 6, DeviceName: 
[2026-07-15 11:03:37] GetFirstDevice: Attempt 1, Index 4, MTMICRGetDevice returned 6, DeviceName: 
[2026-07-15 11:03:37] GetFirstDevice: Attempt 1, Index 5, MTMICRGetDevice returned 6, DeviceName: 
[2026-07-15 11:03:37] GetFirstDevice: Attempt 1, Index 6, MTMICRGetDevice returned 6, DeviceName: 
[2026-07-15 11:03:37] GetFirstDevice: Attempt 1, Index 7, MTMICRGetDevice returned 6, DeviceName: 
[2026-07-15 11:03:37] GetFirstDevice: Attempt 1, Index 8, MTMICRGetDevice returned 6, DeviceName: 
[2026-07-15 11:03:37] GetFirstDevice: Attempt 1, Index 9, MTMICRGetDevice returned 6, DeviceName: 
[2026-07-15 11:03:37] GetFirstDevice: Attempt 1, Index 10, MTMICRGetDevice returned 6, DeviceName: 
[2026-07-15 11:03:37] GetFirstDevice: Attempt 1, Index 11, MTMICRGetDevice returned 6, DeviceName: 
[2026-07-15 11:03:37] GetFirstDevice: Attempt 1, Index 12, MTMICRGetDevice returned 6, DeviceName: 
[2026-07-15 11:03:37] GetFirstDevice: Attempt 1, Index 13, MTMICRGetDevice returned 6, DeviceName: 
[2026-07-15 11:03:37] GetFirstDevice: Attempt 1, Index 14, MTMICRGetDevice returned 6, DeviceName: 
[2026-07-15 11:03:37] GetFirstDevice: Attempt 1, Index 15, MTMICRGetDevice returned 6, DeviceName: 
[2026-07-15 11:03:37] GetFirstDevice: Attempt 1, Index 16, MTMICRGetDevice returned 6, DeviceName: 
[2026-07-15 11:03:37] GetFirstDevice: Attempt 1, Index 17, MTMICRGetDevice returned 6, DeviceName: 
[2026-07-15 11:03:37] GetFirstDevice: Attempt 1, Index 18, MTMICRGetDevice returned 6, DeviceName: 
[2026-07-15 11:03:37] GetFirstDevice: Attempt 1, Index 19, MTMICRGetDevice returned 6, DeviceName: 
[2026-07-15 11:03:37] GetFirstDevice: Attempt 1, Index 20, MTMICRGetDevice returned 6, DeviceName: 
[2026-07-15 11:03:37] GetFirstDevice: Selected device: STX.STX001 on attempt 1, DocType=CHECK
[2026-07-15 11:03:37] GetDeviceStatus: Found device: STX.STX001, Current DocType=CHECK
[2026-07-15 11:03:37] GetDeviceStatus: MTMICROpenDevice returned 0
[2026-07-15 11:03:37] GetDeviceStatus: MTMICRQueryInfo attempt 1 returned 0, Response: <?xml version="1.0" encoding="utf-8"?><DeviceInformation>
<DeviceStatus>
<AccessGuide>LATCHED</AccessGuide>
<AutoFeeder>NOTSUP</AutoFeeder>
<FrontInk>OK</FrontInk>
<FrontPrinter>PRESENT</FrontPrinter>
<IDFeeder>EMPTY</IDFeeder>
<Ink>OK</Ink>
<LED1>NNNN</LED1>
<LED2>GGGG</LED2>
<LED3>NNNN</LED3>
<Lamp1>OK</Lamp1>
<Lamp2>OK</Lamp2>
<ManualFeeder>DOCPRESENT</ManualFeeder>
<Path>OK</Path>
<Printer>PRESENT</Printer>
<RTCBattery>OK</RTCBattery>
<RawSensors>3</RawSensors>
<ScanCalibStatus>FACTORY</ScanCalibStatus>
<SnsrCalibStatus>FACTORY</SnsrCalibStatus>
<StartTimeout>4000</StartTimeout>
<State>ONLINE</State>
</DeviceStatus>
</DeviceInformation>
  , ResponseLength: 651
[2026-07-15 11:03:37] GetDeviceStatus: Device is connected
[2026-07-15 11:03:37] Dispose: Closing resources
[2026-07-15 11:03:37] Dispose: Closed log file handle
[2026-07-15 11:03:37] Dispose: Closed device connection
[2026-07-15 11:03:46] SetupLogging: Log file initialized at C:\Users\USG\Downloads\ChequeScannerApp\backend\ScannerApi\bin\Release\net6.0\win-x86\debug.log
[2026-07-15 11:03:46] Constructor: Initial DocType=CHECK
[2026-07-15 11:03:46] SetDocType: Document type set to CHECK
[2026-07-15 11:03:46] Dispose: Closing resources
[2026-07-15 11:03:46] Dispose: Closed log file handle
[2026-07-15 11:03:46] SetupLogging: Log file initialized at C:\Users\USG\Downloads\ChequeScannerApp\backend\ScannerApi\bin\Release\net6.0\win-x86\debug.log
[2026-07-15 11:03:46] Constructor: Initial DocType=CHECK
[2026-07-15 11:03:46] ScanVoucher: Starting scan with DocType=CHECK, Device=STX.STX001
[2026-07-15 11:03:46] GetFirstDevice: Attempt 1, Index 1, MTMICRGetDevice returned 0, DeviceName: STX.STX001
[2026-07-15 11:03:46] GetFirstDevice: Added device: STX.STX001
[2026-07-15 11:03:46] GetFirstDevice: Attempt 1, Index 2, MTMICRGetDevice returned 6, DeviceName: 
[2026-07-15 11:03:46] GetFirstDevice: Attempt 1, Index 3, MTMICRGetDevice returned 6, DeviceName: 
[2026-07-15 11:03:46] GetFirstDevice: Attempt 1, Index 4, MTMICRGetDevice returned 6, DeviceName: 
[2026-07-15 11:03:46] GetFirstDevice: Attempt 1, Index 5, MTMICRGetDevice returned 6, DeviceName: 
[2026-07-15 11:03:46] GetFirstDevice: Attempt 1, Index 6, MTMICRGetDevice returned 6, DeviceName: 
[2026-07-15 11:03:46] GetFirstDevice: Attempt 1, Index 7, MTMICRGetDevice returned 6, DeviceName: 
[2026-07-15 11:03:46] GetFirstDevice: Attempt 1, Index 8, MTMICRGetDevice returned 6, DeviceName: 
[2026-07-15 11:03:46] GetFirstDevice: Attempt 1, Index 9, MTMICRGetDevice returned 6, DeviceName: 
[2026-07-15 11:03:46] GetFirstDevice: Attempt 1, Index 10, MTMICRGetDevice returned 6, DeviceName: 
[2026-07-15 11:03:46] GetFirstDevice: Attempt 1, Index 11, MTMICRGetDevice returned 6, DeviceName: 
[2026-07-15 11:03:46] GetFirstDevice: Attempt 1, Index 12, MTMICRGetDevice returned 6, DeviceName: 
[2026-07-15 11:03:46] GetFirstDevice: Attempt 1, Index 13, MTMICRGetDevice returned 6, DeviceName: 
[2026-07-15 11:03:46] GetFirstDevice: Attempt 1, Index 14, MTMICRGetDevice returned 6, DeviceName: 
[2026-07-15 11:03:46] GetFirstDevice: Attempt 1, Index 15, MTMICRGetDevice returned 6, DeviceName: 
[2026-07-15 11:03:46] GetFirstDevice: Attempt 1, Index 16, MTMICRGetDevice returned 6, DeviceName: 
[2026-07-15 11:03:46] GetFirstDevice: Attempt 1, Index 17, MTMICRGetDevice returned 6, DeviceName: 
[2026-07-15 11:03:46] GetFirstDevice: Attempt 1, Index 18, MTMICRGetDevice returned 6, DeviceName: 
[2026-07-15 11:03:46] GetFirstDevice: Attempt 1, Index 19, MTMICRGetDevice returned 6, DeviceName: 
[2026-07-15 11:03:46] GetFirstDevice: Attempt 1, Index 20, MTMICRGetDevice returned 6, DeviceName: 
[2026-07-15 11:03:46] GetFirstDevice: Selected device: STX.STX001 on attempt 1, DocType=CHECK
[2026-07-15 11:03:46] ScanVoucher: MTMICROpenDevice returned 0
[2026-07-15 11:03:46] ScanVoucher: Device opened successfully: STX.STX001, DocType=CHECK
[2026-07-15 11:03:46] ScanVoucher: Closed device STX.STX001 for reset
[2026-07-15 11:03:46] ScanVoucher: Reopened device STX.STX001, returned 0
[2026-07-15 11:03:46] SetupOptions: Options set for CHECK: <?xml version="1.0"?>
<DeviceSettings><Application><Transfer>HTTP</Transfer><DocUnits>ENGLISH</DocUnits></Application><ProcessOptions><DocFeedTimeout>10000</DocFeedTimeout><DocFeed>MANUAL</DocFeed><ReadMICR>E13B</ReadMICR><MICRFmt>6200</MICRFmt></ProcessOptions><ImageOptions><Number>2</Number><ImageSide1>FRONT</ImageSide1><ImageSide2>BACK</ImageSide2><ImageColor1>COL24</ImageColor1><ImageColor2>COL24</ImageColor2><Resolution1>100x100</Resolution1><Resolution2>100x100</Resolution2><Compression1>JPEG</Compression1><Compression2>JPEG</Compression2><FileType1>JPG</FileType1><FileType2>JPG</FileType2></ImageOptions></DeviceSettings>

[2026-07-15 11:03:46] ScanVoucher: Attempt 1 calling MTMICRProcessCheck with Options=<?xml version="1.0"?>
<DeviceSettings><Application><Transfer>HTTP</Transfer><DocUnits>ENGLISH</DocUnits></Application><ProcessOptions><DocFeedTimeout>10000</DocFeedTimeout><DocFeed>MANUAL</DocFeed><ReadMICR>E13B</ReadMICR><MICRFmt>6200</MICRFmt></ProcessOptions><ImageOptions><Number>2</Number><ImageSide1>FRONT</ImageSide1><ImageSide2>BACK</ImageSide2><ImageColor1>COL24</ImageColor1><ImageColor2>COL24</ImageColor2><Resolution1>100x100</Resolution1><Resolution2>100x100</Resolution2><Compression1>JPEG</Compression1><Compression2>JPEG</Compression2><FileType1>JPG</FileType1><FileType2>JPG</FileType2></ImageOptions></DeviceSettings>

[2026-07-15 11:03:52] ScanVoucher: Attempt 1 MTMICRProcessCheck returned 0, ResponseLength=4096, DocInfo=<?xml version="1.0" encoding="utf-8"?><DeviceInformation>
<CommandStatus>
<BadData>NONE</BadData>
<CheckDS>F</CheckDS>
<KVErrCnt>1</KVErrCnt>
<KVErrCode1>154</KVErrCode1>
<KVErrVal1>MICRFmt</KVErrVal1>
<ResponseType>CHECK</ResponseType>
<ReturnCode>0</ReturnCode>
<ReturnMsg>OK</ReturnMsg>
</CommandStatus>
<DeviceStatus>
<AccessGuide>LATCHED</AccessGuide>
<AutoFeeder>NOTSUP</AutoFeeder>
<FrontInk>OK</FrontInk>
<FrontPrinter>PRESENT</FrontPrinter>
<IDFeeder>EMPTY</IDFeeder>
<Ink>OK</Ink>
<LED1>NNNN</LED1>
<LED2>GGGG</LED2>
<LED3>NNNN</LED3>
<Lamp1>OK</Lamp1>
<Lamp2>OK</Lamp2>
<ManualFeeder>EMPTY</ManualFeeder>
<Path>OK</Path>
<Printer>PRESENT</Printer>
<RTCBattery>OK</RTCBattery>
<RawSensors>384</RawSensors>
<ScanCalibStatus>FACTORY</ScanCalibStatus>
<SnsrCalibStatus>FACTORY</SnsrCalibStatus>
<StartTimeout>4000</StartTimeout>
<State>ONLINE</State>
</DeviceStatus>
<DocInfo>
<DocHeight>2810</DocHeight>
<DocUnits>ENGLISH</DocUnits>
<DocWidth>6880</DocWidth>
<MICRAcct>211</MICRAcct>
<MICRAmt></MICRAmt>
<MICRAux>000024</MICRAux>
<MICRBankNum>0078</MICRBankNum>
<MICRChkType>BUSINESS</MICRChkType>
<MICRCountry>USA</MICRCountry>
<MICRDecode>ERROR</MICRDecode>
<MICREPC>9</MICREPC>
<MICRFont>E13B</MICRFont>
<MICROnUs>211U01</MICROnUs>
<MICROut>U000024U?90109T9040007857211U01</MICROut>
<MICRParseSts0>0104</MICRParseSts0>
<MICRParseSts1>05</MICRParseSts1>
<MICRRaw>U000024U?90109T9040007857211U01</MICRRaw>
<MICRSerNum>000024</MICRSerNum>
<MICRTPC>01</MICRTPC>
<MICRTransit>904000785</MICRTransit>
</DocInfo>
<ImageInfo>
<ImageSHA1Key1>NONE</ImageSHA1Key1>
<ImageSHA1Key2>NONE</ImageSHA1Key2>
<ImageSize1>52754</ImageSize1>
<ImageSize2>34019</ImageSize2>
<ImageURL1>/chkimg/FRONT100COL24_1.JPG</ImageURL1>
<ImageURL2>/chkimg/BACK100COL24_2.JPG</ImageURL2>
<Number>2</Number>
</ImageInfo>
</DeviceInformation>
  
[2026-07-15 11:03:52] ScanVoucher: CommandStatus ReturnCode: 0
[2026-07-15 11:03:52] ExtractVoucherData: MICRRaw retrieved: U000024U?90109T9040007857211U01, RetCode=0
[2026-07-15 11:03:52] ExtractVoucherData: Parsed MICR - CheckNo: 000024, RoutingNo: 90109, AccountNo: 9040007857211, BankCode: 01
[2026-07-15 11:03:52] ExtractVoucherData: AccountNumber retrieved: 9040007857211, RetCode=17
[2026-07-15 11:03:52] ExtractVoucherData: RoutingNumber retrieved: 90109, RetCode=17
[2026-07-15 11:03:52] ExtractVoucherData: FrontImageSize retrieved: 52754, RetCode=0
[2026-07-15 11:03:52] ExtractVoucherData: FrontImageURL retrieved: /chkimg/FRONT100COL24_1.JPG, RetCode=0
[2026-07-15 11:03:53] ExtractVoucherData: FrontImage attempt 1 MTMICRGetImage returned 0, Size=52754
[2026-07-15 11:03:53] ExtractVoucherData: FrontImage Base64 length=70340
[2026-07-15 11:03:53] ExtractVoucherData: Attempting to save front image to C:\Users\USG\Downloads\ChequeScannerApp\backend\ScannerApi\bin\Release\net6.0\win-x86\ScannedImages\front_20260715_110352.jpg
[2026-07-15 11:03:53] ExtractVoucherData: Saved front image to C:\Users\USG\Downloads\ChequeScannerApp\backend\ScannerApi\bin\Release\net6.0\win-x86\ScannedImages\front_20260715_110352.jpg, Size=52754 bytes
[2026-07-15 11:03:53] ExtractVoucherData: Saved raw front image to C:\Users\USG\Downloads\ChequeScannerApp\backend\ScannerApi\bin\Release\net6.0\win-x86\ScannedImages\raw_front_20260715_110352.jpg
[2026-07-15 11:03:53] ExtractVoucherData: BackImageSize retrieved: 34019, RetCode=0
[2026-07-15 11:03:53] ExtractVoucherData: BackImageURL retrieved: /chkimg/BACK100COL24_2.JPG, RetCode=0
[2026-07-15 11:03:53] ExtractVoucherData: BackImage attempt 1 MTMICRGetImage returned 0, Size=34019
[2026-07-15 11:03:53] ExtractVoucherData: BackImage Base64 length=45360
[2026-07-15 11:03:53] ExtractVoucherData: Attempting to save back image to C:\Users\USG\Downloads\ChequeScannerApp\backend\ScannerApi\bin\Release\net6.0\win-x86\ScannedImages\back_20260715_110352.jpg
[2026-07-15 11:03:53] ExtractVoucherData: Saved back image to C:\Users\USG\Downloads\ChequeScannerApp\backend\ScannerApi\bin\Release\net6.0\win-x86\ScannedImages\back_20260715_110352.jpg, Size=34019 bytes
[2026-07-15 11:03:53] ScanVoucher: Voucher data extracted: voucherNo=scan, checkNumber=000024, narration=
[2026-07-15 11:03:53] Dispose: Closing resources
[2026-07-15 11:03:53] Dispose: Closed log file handle
[2026-07-15 11:03:53] Dispose: Closed device connection
[2026-07-15 11:20:10] SetupLogging: Log file initialized at C:\Users\USG\Downloads\ChequeScannerApp\backend\ScannerApi\bin\Release\net6.0\win-x86\debug.log
[2026-07-15 11:20:10] Constructor: Initial DocType=CHECK
[2026-07-15 11:20:10] ScanVoucher: Starting scan with DocType=CHECK, Device=STX.STX001
[2026-07-15 11:20:10] GetFirstDevice: Attempt 1, Index 1, MTMICRGetDevice returned 0, DeviceName: STX.STX001
[2026-07-15 11:20:10] GetFirstDevice: Added device: STX.STX001
[2026-07-15 11:20:10] GetFirstDevice: Attempt 1, Index 2, MTMICRGetDevice returned 6, DeviceName: 
[2026-07-15 11:20:10] GetFirstDevice: Attempt 1, Index 3, MTMICRGetDevice returned 6, DeviceName: 
[2026-07-15 11:20:10] GetFirstDevice: Attempt 1, Index 4, MTMICRGetDevice returned 6, DeviceName: 
[2026-07-15 11:20:10] GetFirstDevice: Attempt 1, Index 5, MTMICRGetDevice returned 6, DeviceName: 
[2026-07-15 11:20:10] GetFirstDevice: Attempt 1, Index 6, MTMICRGetDevice returned 6, DeviceName: 
[2026-07-15 11:20:10] GetFirstDevice: Attempt 1, Index 7, MTMICRGetDevice returned 6, DeviceName: 
[2026-07-15 11:20:10] GetFirstDevice: Attempt 1, Index 8, MTMICRGetDevice returned 6, DeviceName: 
[2026-07-15 11:20:10] GetFirstDevice: Attempt 1, Index 9, MTMICRGetDevice returned 6, DeviceName: 
[2026-07-15 11:20:10] GetFirstDevice: Attempt 1, Index 10, MTMICRGetDevice returned 6, DeviceName: 
[2026-07-15 11:20:10] GetFirstDevice: Attempt 1, Index 11, MTMICRGetDevice returned 6, DeviceName: 
[2026-07-15 11:20:10] GetFirstDevice: Attempt 1, Index 12, MTMICRGetDevice returned 6, DeviceName: 
[2026-07-15 11:20:10] GetFirstDevice: Attempt 1, Index 13, MTMICRGetDevice returned 6, DeviceName: 
[2026-07-15 11:20:10] GetFirstDevice: Attempt 1, Index 14, MTMICRGetDevice returned 6, DeviceName: 
[2026-07-15 11:20:10] GetFirstDevice: Attempt 1, Index 15, MTMICRGetDevice returned 6, DeviceName: 
[2026-07-15 11:20:10] GetFirstDevice: Attempt 1, Index 16, MTMICRGetDevice returned 6, DeviceName: 
[2026-07-15 11:20:10] GetFirstDevice: Attempt 1, Index 17, MTMICRGetDevice returned 6, DeviceName: 
[2026-07-15 11:20:10] GetFirstDevice: Attempt 1, Index 18, MTMICRGetDevice returned 6, DeviceName: 
[2026-07-15 11:20:10] GetFirstDevice: Attempt 1, Index 19, MTMICRGetDevice returned 6, DeviceName: 
[2026-07-15 11:20:10] GetFirstDevice: Attempt 1, Index 20, MTMICRGetDevice returned 6, DeviceName: 
[2026-07-15 11:20:10] GetFirstDevice: Selected device: STX.STX001 on attempt 1, DocType=CHECK
[2026-07-15 11:20:10] ScanVoucher: MTMICROpenDevice returned 0
[2026-07-15 11:20:10] ScanVoucher: Device opened successfully: STX.STX001, DocType=CHECK
[2026-07-15 11:20:10] ScanVoucher: Closed device STX.STX001 for reset
[2026-07-15 11:20:10] ScanVoucher: Reopened device STX.STX001, returned 0
[2026-07-15 11:20:10] SetupOptions: Options set for CHECK: <?xml version="1.0"?>
<DeviceSettings><Application><Transfer>HTTP</Transfer><DocUnits>ENGLISH</DocUnits></Application><ProcessOptions><DocFeedTimeout>10000</DocFeedTimeout><DocFeed>MANUAL</DocFeed><ReadMICR>E13B</ReadMICR><MICRFmt>6200</MICRFmt></ProcessOptions><ImageOptions><Number>2</Number><ImageSide1>FRONT</ImageSide1><ImageSide2>BACK</ImageSide2><ImageColor1>COL24</ImageColor1><ImageColor2>COL24</ImageColor2><Resolution1>100x100</Resolution1><Resolution2>100x100</Resolution2><Compression1>JPEG</Compression1><Compression2>JPEG</Compression2><FileType1>JPG</FileType1><FileType2>JPG</FileType2></ImageOptions></DeviceSettings>

[2026-07-15 11:20:10] ScanVoucher: Attempt 1 calling MTMICRProcessCheck with Options=<?xml version="1.0"?>
<DeviceSettings><Application><Transfer>HTTP</Transfer><DocUnits>ENGLISH</DocUnits></Application><ProcessOptions><DocFeedTimeout>10000</DocFeedTimeout><DocFeed>MANUAL</DocFeed><ReadMICR>E13B</ReadMICR><MICRFmt>6200</MICRFmt></ProcessOptions><ImageOptions><Number>2</Number><ImageSide1>FRONT</ImageSide1><ImageSide2>BACK</ImageSide2><ImageColor1>COL24</ImageColor1><ImageColor2>COL24</ImageColor2><Resolution1>100x100</Resolution1><Resolution2>100x100</Resolution2><Compression1>JPEG</Compression1><Compression2>JPEG</Compression2><FileType1>JPG</FileType1><FileType2>JPG</FileType2></ImageOptions></DeviceSettings>

[2026-07-15 11:20:18] ScanVoucher: Attempt 1 MTMICRProcessCheck returned 0, ResponseLength=4096, DocInfo=<?xml version="1.0" encoding="utf-8"?><DeviceInformation>
<CommandStatus>
<BadData>NONE</BadData>
<CheckDS>F</CheckDS>
<KVErrCnt>1</KVErrCnt>
<KVErrCode1>154</KVErrCode1>
<KVErrVal1>MICRFmt</KVErrVal1>
<ResponseType>CHECK</ResponseType>
<ReturnCode>0</ReturnCode>
<ReturnMsg>OK</ReturnMsg>
</CommandStatus>
<DeviceStatus>
<AccessGuide>LATCHED</AccessGuide>
<AutoFeeder>NOTSUP</AutoFeeder>
<FrontInk>OK</FrontInk>
<FrontPrinter>PRESENT</FrontPrinter>
<IDFeeder>EMPTY</IDFeeder>
<Ink>OK</Ink>
<LED1>NNNN</LED1>
<LED2>GGGG</LED2>
<LED3>NNNN</LED3>
<Lamp1>OK</Lamp1>
<Lamp2>OK</Lamp2>
<ManualFeeder>EMPTY</ManualFeeder>
<Path>OK</Path>
<Printer>PRESENT</Printer>
<RTCBattery>OK</RTCBattery>
<RawSensors>384</RawSensors>
<ScanCalibStatus>FACTORY</ScanCalibStatus>
<SnsrCalibStatus>FACTORY</SnsrCalibStatus>
<StartTimeout>4000</StartTimeout>
<State>ONLINE</State>
</DeviceStatus>
<DocInfo>
<DocHeight>2800</DocHeight>
<DocUnits>ENGLISH</DocUnits>
<DocWidth>6880</DocWidth>
<MICRAcct>211</MICRAcct>
<MICRAmt></MICRAmt>
<MICRAux>000024</MICRAux>
<MICRBankNum>0078</MICRBankNum>
<MICRChkType>BUSINESS</MICRChkType>
<MICRCountry>USA</MICRCountry>
<MICRDecode>ERROR</MICRDecode>
<MICREPC>9</MICREPC>
<MICRFont>E13B</MICRFont>
<MICROnUs>211U01</MICROnUs>
<MICROut>U000024U?90109T9040007857211U01</MICROut>
<MICRParseSts0>0104</MICRParseSts0>
<MICRParseSts1>05</MICRParseSts1>
<MICRRaw>U000024U?90109T9040007857211U01</MICRRaw>
<MICRSerNum>000024</MICRSerNum>
<MICRTPC>01</MICRTPC>
<MICRTransit>904000785</MICRTransit>
</DocInfo>
<ImageInfo>
<ImageSHA1Key1>NONE</ImageSHA1Key1>
<ImageSHA1Key2>NONE</ImageSHA1Key2>
<ImageSize1>49200</ImageSize1>
<ImageSize2>34703</ImageSize2>
<ImageURL1>/chkimg/FRONT100COL24_1.JPG</ImageURL1>
<ImageURL2>/chkimg/BACK100COL24_2.JPG</ImageURL2>
<Number>2</Number>
</ImageInfo>
</DeviceInformation>
  
[2026-07-15 11:20:18] ScanVoucher: CommandStatus ReturnCode: 0
[2026-07-15 11:20:18] ExtractVoucherData: MICRRaw retrieved: U000024U?90109T9040007857211U01, RetCode=0
[2026-07-15 11:20:18] ExtractVoucherData: Parsed MICR - CheckNo: 000024, RoutingNo: 90109, AccountNo: 9040007857211, BankCode: 01
[2026-07-15 11:20:18] ExtractVoucherData: AccountNumber retrieved: 9040007857211, RetCode=17
[2026-07-15 11:20:18] ExtractVoucherData: RoutingNumber retrieved: 90109, RetCode=17
[2026-07-15 11:20:18] ExtractVoucherData: FrontImageSize retrieved: 49200, RetCode=0
[2026-07-15 11:20:18] ExtractVoucherData: FrontImageURL retrieved: /chkimg/FRONT100COL24_1.JPG, RetCode=0
[2026-07-15 11:20:18] ExtractVoucherData: FrontImage attempt 1 MTMICRGetImage returned 0, Size=49200
[2026-07-15 11:20:18] ExtractVoucherData: FrontImage Base64 length=65600
[2026-07-15 11:20:18] ExtractVoucherData: Attempting to save front image to C:\Users\USG\Downloads\ChequeScannerApp\backend\ScannerApi\bin\Release\net6.0\win-x86\ScannedImages\front_20260715_112018.jpg
[2026-07-15 11:20:18] ExtractVoucherData: Saved front image to C:\Users\USG\Downloads\ChequeScannerApp\backend\ScannerApi\bin\Release\net6.0\win-x86\ScannedImages\front_20260715_112018.jpg, Size=49200 bytes
[2026-07-15 11:20:18] ExtractVoucherData: Saved raw front image to C:\Users\USG\Downloads\ChequeScannerApp\backend\ScannerApi\bin\Release\net6.0\win-x86\ScannedImages\raw_front_20260715_112018.jpg
[2026-07-15 11:20:18] ExtractVoucherData: BackImageSize retrieved: 34703, RetCode=0
[2026-07-15 11:20:18] ExtractVoucherData: BackImageURL retrieved: /chkimg/BACK100COL24_2.JPG, RetCode=0
[2026-07-15 11:20:18] ExtractVoucherData: BackImage attempt 1 MTMICRGetImage returned 0, Size=34703
[2026-07-15 11:20:18] ExtractVoucherData: BackImage Base64 length=46272
[2026-07-15 11:20:18] ExtractVoucherData: Attempting to save back image to C:\Users\USG\Downloads\ChequeScannerApp\backend\ScannerApi\bin\Release\net6.0\win-x86\ScannedImages\back_20260715_112018.jpg
[2026-07-15 11:20:18] ExtractVoucherData: Saved back image to C:\Users\USG\Downloads\ChequeScannerApp\backend\ScannerApi\bin\Release\net6.0\win-x86\ScannedImages\back_20260715_112018.jpg, Size=34703 bytes
[2026-07-15 11:20:18] ScanVoucher: Voucher data extracted: voucherNo=scan, checkNumber=000024, narration=
[2026-07-15 11:20:18] Dispose: Closing resources
[2026-07-15 11:20:18] Dispose: Closed log file handle
[2026-07-15 11:20:18] Dispose: Closed device connection
[2026-07-15 11:21:03] SetupLogging: Log file initialized at C:\Users\USG\Downloads\ChequeScannerApp\backend\ScannerApi\bin\Release\net6.0\win-x86\debug.log
[2026-07-15 11:21:03] Constructor: Initial DocType=CHECK
[2026-07-15 11:21:03] SaveToDatabase: Received voucher data
[2026-07-15 11:21:03] SaveToDatabase: Processing voucher 1234999_final, DocType=CHECK
[2026-07-15 11:21:03] SaveToDatabase: Front image size: 49200 bytes
[2026-07-15 11:21:03] SaveToDatabase: Back image size: 34703 bytes
[2026-07-15 11:21:03] SaveToDatabase: Attempting database connection
[2026-07-15 11:21:04] SaveToDatabase: Database connection opened
[2026-07-15 11:21:04] SaveToDatabase: Executing query
[2026-07-15 11:21:04] SaveToDatabase: Inserted 1 row(s) for voucher 1234999_final
[2026-07-15 11:21:04] SaveToDatabase: Successfully saved voucher 1234999_final to database
[2026-07-15 11:21:04] Dispose: Closing resources
[2026-07-15 11:21:04] Dispose: Closed log file handle
[2026-07-15 11:21:09] SetupLogging: Log file initialized at C:\Users\USG\Downloads\ChequeScannerApp\backend\ScannerApi\bin\Release\net6.0\win-x86\debug.log
[2026-07-15 11:21:09] Constructor: Initial DocType=CHECK
[2026-07-15 11:21:09] ViewVoucherData: Fetching data for TRANS_ID=1234999_final, DocType=CHECK
[2026-07-15 11:21:09] ViewVoucherData: Database connection opened
[2026-07-15 11:21:10] ViewVoucherData: Found voucher 1234999_final, Narration=End-to-End verified, FrontImageLen=49200, BackImageLen=34703
[2026-07-15 11:21:10] Dispose: Closing resources
[2026-07-15 11:21:10] Dispose: Closed log file handle
[2026-07-15 11:22:10] SetupLogging: Log file initialized at C:\Users\USG\Downloads\ChequeScannerApp\backend\ScannerApi\bin\Release\net6.0\win-x86\debug.log
[2026-07-15 11:22:10] Constructor: Initial DocType=CHECK
[2026-07-15 11:22:10] SetDocType: Document type set to CHECK
[2026-07-15 11:22:10] Dispose: Closing resources
[2026-07-15 11:22:10] Dispose: Closed log file handle
[2026-07-15 11:22:10] SetupLogging: Log file initialized at C:\Users\USG\Downloads\ChequeScannerApp\backend\ScannerApi\bin\Release\net6.0\win-x86\debug.log
[2026-07-15 11:22:10] Constructor: Initial DocType=CHECK
[2026-07-15 11:22:10] ScanVoucher: Starting scan with DocType=CHECK, Device=STX.STX001
[2026-07-15 11:22:10] GetFirstDevice: Attempt 1, Index 1, MTMICRGetDevice returned 0, DeviceName: STX.STX001
[2026-07-15 11:22:10] GetFirstDevice: Added device: STX.STX001
[2026-07-15 11:22:10] GetFirstDevice: Attempt 1, Index 2, MTMICRGetDevice returned 6, DeviceName: 
[2026-07-15 11:22:10] GetFirstDevice: Attempt 1, Index 3, MTMICRGetDevice returned 6, DeviceName: 
[2026-07-15 11:22:10] GetFirstDevice: Attempt 1, Index 4, MTMICRGetDevice returned 6, DeviceName: 
[2026-07-15 11:22:10] GetFirstDevice: Attempt 1, Index 5, MTMICRGetDevice returned 6, DeviceName: 
[2026-07-15 11:22:10] GetFirstDevice: Attempt 1, Index 6, MTMICRGetDevice returned 6, DeviceName: 
[2026-07-15 11:22:10] GetFirstDevice: Attempt 1, Index 7, MTMICRGetDevice returned 6, DeviceName: 
[2026-07-15 11:22:10] GetFirstDevice: Attempt 1, Index 8, MTMICRGetDevice returned 6, DeviceName: 
[2026-07-15 11:22:10] GetFirstDevice: Attempt 1, Index 9, MTMICRGetDevice returned 6, DeviceName: 
[2026-07-15 11:22:10] GetFirstDevice: Attempt 1, Index 10, MTMICRGetDevice returned 6, DeviceName: 
[2026-07-15 11:22:10] GetFirstDevice: Attempt 1, Index 11, MTMICRGetDevice returned 6, DeviceName: 
[2026-07-15 11:22:10] GetFirstDevice: Attempt 1, Index 12, MTMICRGetDevice returned 6, DeviceName: 
[2026-07-15 11:22:10] GetFirstDevice: Attempt 1, Index 13, MTMICRGetDevice returned 6, DeviceName: 
[2026-07-15 11:22:10] GetFirstDevice: Attempt 1, Index 14, MTMICRGetDevice returned 6, DeviceName: 
[2026-07-15 11:22:10] GetFirstDevice: Attempt 1, Index 15, MTMICRGetDevice returned 6, DeviceName: 
[2026-07-15 11:22:10] GetFirstDevice: Attempt 1, Index 16, MTMICRGetDevice returned 6, DeviceName: 
[2026-07-15 11:22:10] GetFirstDevice: Attempt 1, Index 17, MTMICRGetDevice returned 6, DeviceName: 
[2026-07-15 11:22:10] GetFirstDevice: Attempt 1, Index 18, MTMICRGetDevice returned 6, DeviceName: 
[2026-07-15 11:22:10] GetFirstDevice: Attempt 1, Index 19, MTMICRGetDevice returned 6, DeviceName: 
[2026-07-15 11:22:10] GetFirstDevice: Attempt 1, Index 20, MTMICRGetDevice returned 6, DeviceName: 
[2026-07-15 11:22:10] GetFirstDevice: Selected device: STX.STX001 on attempt 1, DocType=CHECK
[2026-07-15 11:22:10] ScanVoucher: MTMICROpenDevice returned 0
[2026-07-15 11:22:10] ScanVoucher: Device opened successfully: STX.STX001, DocType=CHECK
[2026-07-15 11:22:10] ScanVoucher: Closed device STX.STX001 for reset
[2026-07-15 11:22:10] ScanVoucher: Reopened device STX.STX001, returned 0
[2026-07-15 11:22:10] SetupOptions: Options set for CHECK: <?xml version="1.0"?>
<DeviceSettings><Application><Transfer>HTTP</Transfer><DocUnits>ENGLISH</DocUnits></Application><ProcessOptions><DocFeedTimeout>10000</DocFeedTimeout><DocFeed>MANUAL</DocFeed><ReadMICR>E13B</ReadMICR><MICRFmt>6200</MICRFmt></ProcessOptions><ImageOptions><Number>2</Number><ImageSide1>FRONT</ImageSide1><ImageSide2>BACK</ImageSide2><ImageColor1>COL24</ImageColor1><ImageColor2>COL24</ImageColor2><Resolution1>100x100</Resolution1><Resolution2>100x100</Resolution2><Compression1>JPEG</Compression1><Compression2>JPEG</Compression2><FileType1>JPG</FileType1><FileType2>JPG</FileType2></ImageOptions></DeviceSettings>

[2026-07-15 11:22:10] ScanVoucher: Attempt 1 calling MTMICRProcessCheck with Options=<?xml version="1.0"?>
<DeviceSettings><Application><Transfer>HTTP</Transfer><DocUnits>ENGLISH</DocUnits></Application><ProcessOptions><DocFeedTimeout>10000</DocFeedTimeout><DocFeed>MANUAL</DocFeed><ReadMICR>E13B</ReadMICR><MICRFmt>6200</MICRFmt></ProcessOptions><ImageOptions><Number>2</Number><ImageSide1>FRONT</ImageSide1><ImageSide2>BACK</ImageSide2><ImageColor1>COL24</ImageColor1><ImageColor2>COL24</ImageColor2><Resolution1>100x100</Resolution1><Resolution2>100x100</Resolution2><Compression1>JPEG</Compression1><Compression2>JPEG</Compression2><FileType1>JPG</FileType1><FileType2>JPG</FileType2></ImageOptions></DeviceSettings>

[2026-07-15 11:22:15] ScanVoucher: Attempt 1 MTMICRProcessCheck returned 0, ResponseLength=4096, DocInfo=<?xml version="1.0" encoding="utf-8"?><DeviceInformation>
<CommandStatus>
<BadData>NONE</BadData>
<CheckDS>F</CheckDS>
<KVErrCnt>1</KVErrCnt>
<KVErrCode1>154</KVErrCode1>
<KVErrVal1>MICRFmt</KVErrVal1>
<ResponseType>CHECK</ResponseType>
<ReturnCode>0</ReturnCode>
<ReturnMsg>OK</ReturnMsg>
</CommandStatus>
<DeviceStatus>
<AccessGuide>LATCHED</AccessGuide>
<AutoFeeder>NOTSUP</AutoFeeder>
<FrontInk>OK</FrontInk>
<FrontPrinter>PRESENT</FrontPrinter>
<IDFeeder>EMPTY</IDFeeder>
<Ink>OK</Ink>
<LED1>NNNN</LED1>
<LED2>GGGG</LED2>
<LED3>NNNN</LED3>
<Lamp1>OK</Lamp1>
<Lamp2>OK</Lamp2>
<ManualFeeder>EMPTY</ManualFeeder>
<Path>OK</Path>
<Printer>PRESENT</Printer>
<RTCBattery>OK</RTCBattery>
<RawSensors>384</RawSensors>
<ScanCalibStatus>FACTORY</ScanCalibStatus>
<SnsrCalibStatus>FACTORY</SnsrCalibStatus>
<StartTimeout>4000</StartTimeout>
<State>ONLINE</State>
</DeviceStatus>
<DocInfo>
<DocHeight>2840</DocHeight>
<DocUnits>ENGLISH</DocUnits>
<DocWidth>6880</DocWidth>
<MICRAcct>211</MICRAcct>
<MICRAmt></MICRAmt>
<MICRAux>000024</MICRAux>
<MICRBankNum>0078</MICRBankNum>
<MICRChkType>BUSINESS</MICRChkType>
<MICRCountry>USA</MICRCountry>
<MICRDecode>ERROR</MICRDecode>
<MICREPC>9</MICREPC>
<MICRFont>E13B</MICRFont>
<MICROnUs>211U01</MICROnUs>
<MICROut>U000024U?90109T9040007857211U01</MICROut>
<MICRParseSts0>0104</MICRParseSts0>
<MICRParseSts1>05</MICRParseSts1>
<MICRRaw>U000024U?90109T9040007857211U01</MICRRaw>
<MICRSerNum>000024</MICRSerNum>
<MICRTPC>01</MICRTPC>
<MICRTransit>904000785</MICRTransit>
</DocInfo>
<ImageInfo>
<ImageSHA1Key1>NONE</ImageSHA1Key1>
<ImageSHA1Key2>NONE</ImageSHA1Key2>
<ImageSize1>51339</ImageSize1>
<ImageSize2>35836</ImageSize2>
<ImageURL1>/chkimg/FRONT100COL24_1.JPG</ImageURL1>
<ImageURL2>/chkimg/BACK100COL24_2.JPG</ImageURL2>
<Number>2</Number>
</ImageInfo>
</DeviceInformation>
  
[2026-07-15 11:22:15] ScanVoucher: CommandStatus ReturnCode: 0
[2026-07-15 11:22:15] ExtractVoucherData: MICRRaw retrieved: U000024U?90109T9040007857211U01, RetCode=0
[2026-07-15 11:22:15] ExtractVoucherData: Parsed MICR - CheckNo: 000024, RoutingNo: 90109, AccountNo: 9040007857211, BankCode: 01
[2026-07-15 11:22:15] ExtractVoucherData: AccountNumber retrieved: 9040007857211, RetCode=17
[2026-07-15 11:22:15] ExtractVoucherData: RoutingNumber retrieved: 90109, RetCode=17
[2026-07-15 11:22:15] ExtractVoucherData: FrontImageSize retrieved: 51339, RetCode=0
[2026-07-15 11:22:15] ExtractVoucherData: FrontImageURL retrieved: /chkimg/FRONT100COL24_1.JPG, RetCode=0
[2026-07-15 11:22:15] ExtractVoucherData: FrontImage attempt 1 MTMICRGetImage returned 0, Size=51339
[2026-07-15 11:22:15] ExtractVoucherData: FrontImage Base64 length=68452
[2026-07-15 11:22:15] ExtractVoucherData: Attempting to save front image to C:\Users\USG\Downloads\ChequeScannerApp\backend\ScannerApi\bin\Release\net6.0\win-x86\ScannedImages\front_20260715_112215.jpg
[2026-07-15 11:22:15] ExtractVoucherData: Saved front image to C:\Users\USG\Downloads\ChequeScannerApp\backend\ScannerApi\bin\Release\net6.0\win-x86\ScannedImages\front_20260715_112215.jpg, Size=51339 bytes
[2026-07-15 11:22:15] ExtractVoucherData: Saved raw front image to C:\Users\USG\Downloads\ChequeScannerApp\backend\ScannerApi\bin\Release\net6.0\win-x86\ScannedImages\raw_front_20260715_112215.jpg
[2026-07-15 11:22:15] ExtractVoucherData: BackImageSize retrieved: 35836, RetCode=0
[2026-07-15 11:22:15] ExtractVoucherData: BackImageURL retrieved: /chkimg/BACK100COL24_2.JPG, RetCode=0
[2026-07-15 11:22:15] ExtractVoucherData: BackImage attempt 1 MTMICRGetImage returned 0, Size=35836
[2026-07-15 11:22:15] ExtractVoucherData: BackImage Base64 length=47784
[2026-07-15 11:22:15] ExtractVoucherData: Attempting to save back image to C:\Users\USG\Downloads\ChequeScannerApp\backend\ScannerApi\bin\Release\net6.0\win-x86\ScannedImages\back_20260715_112215.jpg
[2026-07-15 11:22:15] ExtractVoucherData: Saved back image to C:\Users\USG\Downloads\ChequeScannerApp\backend\ScannerApi\bin\Release\net6.0\win-x86\ScannedImages\back_20260715_112215.jpg, Size=35836 bytes
[2026-07-15 11:22:15] ScanVoucher: Voucher data extracted: voucherNo=scan, checkNumber=000024, narration=
[2026-07-15 11:22:15] Dispose: Closing resources
[2026-07-15 11:22:15] Dispose: Closed log file handle
[2026-07-15 11:22:15] Dispose: Closed device connection
[2026-07-15 17:44:40] SetupLogging: Log file initialized at C:\Users\USG\Downloads\ChequeScannerApp\backend\ScannerApi\bin\Release\net6.0\win-x86\debug.log
[2026-07-15 17:44:40] Constructor: Initial DocType=CHECK
[2026-07-15 17:44:40] GetDeviceList: Attempt 1, Index 1, MTMICRGetDevice returned 0, DeviceName: STX.STX001
[2026-07-15 17:44:40] GetDeviceList: Added device: STX.STX001
[2026-07-15 17:44:40] GetDeviceList: Attempt 1, Index 2, MTMICRGetDevice returned 6, DeviceName: 
[2026-07-15 17:44:40] GetDeviceList: Attempt 1, Index 3, MTMICRGetDevice returned 6, DeviceName: 
[2026-07-15 17:44:40] GetDeviceList: Attempt 1, Index 4, MTMICRGetDevice returned 6, DeviceName: 
[2026-07-15 17:44:40] GetDeviceList: Attempt 1, Index 5, MTMICRGetDevice returned 6, DeviceName: 
[2026-07-15 17:44:40] GetDeviceList: Attempt 1, Index 6, MTMICRGetDevice returned 6, DeviceName: 
[2026-07-15 17:44:40] GetDeviceList: Attempt 1, Index 7, MTMICRGetDevice returned 6, DeviceName: 
[2026-07-15 17:44:40] GetDeviceList: Attempt 1, Index 8, MTMICRGetDevice returned 6, DeviceName: 
[2026-07-15 17:44:40] GetDeviceList: Attempt 1, Index 9, MTMICRGetDevice returned 6, DeviceName: 
[2026-07-15 17:44:40] GetDeviceList: Attempt 1, Index 10, MTMICRGetDevice returned 6, DeviceName: 
[2026-07-15 17:44:40] GetDeviceList: Attempt 1, Index 11, MTMICRGetDevice returned 6, DeviceName: 
[2026-07-15 17:44:40] GetDeviceList: Attempt 1, Index 12, MTMICRGetDevice returned 6, DeviceName: 
[2026-07-15 17:44:40] GetDeviceList: Attempt 1, Index 13, MTMICRGetDevice returned 6, DeviceName: 
[2026-07-15 17:44:40] GetDeviceList: Attempt 1, Index 14, MTMICRGetDevice returned 6, DeviceName: 
[2026-07-15 17:44:40] GetDeviceList: Attempt 1, Index 15, MTMICRGetDevice returned 6, DeviceName: 
[2026-07-15 17:44:40] GetDeviceList: Attempt 1, Index 16, MTMICRGetDevice returned 6, DeviceName: 
[2026-07-15 17:44:40] GetDeviceList: Attempt 1, Index 17, MTMICRGetDevice returned 6, DeviceName: 
[2026-07-15 17:44:40] GetDeviceList: Attempt 1, Index 18, MTMICRGetDevice returned 6, DeviceName: 
[2026-07-15 17:44:40] GetDeviceList: Attempt 1, Index 19, MTMICRGetDevice returned 6, DeviceName: 
[2026-07-15 17:44:40] GetDeviceList: Attempt 1, Index 20, MTMICRGetDevice returned 6, DeviceName: 
[2026-07-15 17:44:40] GetDeviceList: Found 1 devices on attempt 1: STX.STX001
[2026-07-15 17:44:40] GetDeviceList: Final list: STX.STX001
[2026-07-15 17:44:40] Dispose: Closing resources
[2026-07-15 17:44:40] Dispose: Closed log file handle
[2026-07-15 17:44:40] SetupLogging: Log file initialized at C:\Users\USG\Downloads\ChequeScannerApp\backend\ScannerApi\bin\Release\net6.0\win-x86\debug.log
[2026-07-15 17:44:40] Constructor: Initial DocType=CHECK
[2026-07-15 17:44:40] ConnectSpecificDevice: MTMICROpenDevice for STX.STX001 returned 25
[2026-07-15 17:44:40] ConnectSpecificDevice: Failed to open device STX.STX001, code: 25
[2026-07-15 17:44:40] Dispose: Closing resources
[2026-07-15 17:44:40] Dispose: Closed log file handle
[2026-07-15 17:44:40] SetupLogging: Log file initialized at C:\Users\USG\Downloads\ChequeScannerApp\backend\ScannerApi\bin\Release\net6.0\win-x86\debug.log
[2026-07-15 17:44:40] Constructor: Initial DocType=CHECK
[2026-07-15 17:44:40] GetDeviceList: Attempt 1, Index 1, MTMICRGetDevice returned 0, DeviceName: STX.STX001
[2026-07-15 17:44:40] GetDeviceList: Added device: STX.STX001
[2026-07-15 17:44:40] GetDeviceList: Attempt 1, Index 2, MTMICRGetDevice returned 6, DeviceName: 
[2026-07-15 17:44:40] GetDeviceList: Attempt 1, Index 3, MTMICRGetDevice returned 6, DeviceName: 
[2026-07-15 17:44:40] GetDeviceList: Attempt 1, Index 4, MTMICRGetDevice returned 6, DeviceName: 
[2026-07-15 17:44:40] GetDeviceList: Attempt 1, Index 5, MTMICRGetDevice returned 6, DeviceName: 
[2026-07-15 17:44:40] GetDeviceList: Attempt 1, Index 6, MTMICRGetDevice returned 6, DeviceName: 
[2026-07-15 17:44:40] GetDeviceList: Attempt 1, Index 7, MTMICRGetDevice returned 6, DeviceName: 
[2026-07-15 17:44:40] GetDeviceList: Attempt 1, Index 8, MTMICRGetDevice returned 6, DeviceName: 
[2026-07-15 17:44:40] GetDeviceList: Attempt 1, Index 9, MTMICRGetDevice returned 6, DeviceName: 
[2026-07-15 17:44:40] GetDeviceList: Attempt 1, Index 10, MTMICRGetDevice returned 6, DeviceName: 
[2026-07-15 17:44:40] GetDeviceList: Attempt 1, Index 11, MTMICRGetDevice returned 6, DeviceName: 
[2026-07-15 17:44:40] GetDeviceList: Attempt 1, Index 12, MTMICRGetDevice returned 6, DeviceName: 
[2026-07-15 17:44:40] GetDeviceList: Attempt 1, Index 13, MTMICRGetDevice returned 6, DeviceName: 
[2026-07-15 17:44:40] GetDeviceList: Attempt 1, Index 14, MTMICRGetDevice returned 6, DeviceName: 
[2026-07-15 17:44:40] GetDeviceList: Attempt 1, Index 15, MTMICRGetDevice returned 6, DeviceName: 
[2026-07-15 17:44:40] GetDeviceList: Attempt 1, Index 16, MTMICRGetDevice returned 6, DeviceName: 
[2026-07-15 17:44:40] GetDeviceList: Attempt 1, Index 17, MTMICRGetDevice returned 6, DeviceName: 
[2026-07-15 17:44:40] GetDeviceList: Attempt 1, Index 18, MTMICRGetDevice returned 6, DeviceName: 
[2026-07-15 17:44:40] GetDeviceList: Attempt 1, Index 19, MTMICRGetDevice returned 6, DeviceName: 
[2026-07-15 17:44:40] GetDeviceList: Attempt 1, Index 20, MTMICRGetDevice returned 6, DeviceName: 
[2026-07-15 17:44:40] GetDeviceList: Found 1 devices on attempt 1: STX.STX001
[2026-07-15 17:44:40] GetDeviceList: Final list: STX.STX001
[2026-07-15 17:44:40] Dispose: Closing resources
[2026-07-15 17:44:40] Dispose: Closed log file handle
[2026-07-15 17:44:40] SetupLogging: Log file initialized at C:\Users\USG\Downloads\ChequeScannerApp\backend\ScannerApi\bin\Release\net6.0\win-x86\debug.log
[2026-07-15 17:44:40] Constructor: Initial DocType=CHECK
[2026-07-15 17:44:40] ConnectSpecificDevice: MTMICROpenDevice for STX.STX001 returned 25
[2026-07-15 17:44:40] ConnectSpecificDevice: Failed to open device STX.STX001, code: 25
[2026-07-15 17:44:40] Dispose: Closing resources
[2026-07-15 17:44:40] Dispose: Closed log file handle
[2026-07-16 08:09:39] SetupLogging: Log file initialized at C:\Users\USG\Downloads\ChequeScannerApp\backend\ScannerApi\bin\Release\net6.0\win-x86\debug.log
[2026-07-16 08:09:39] Constructor: Initial DocType=CHECK
[2026-07-16 08:09:39] GetFirstDevice: Attempt 1, Index 1, MTMICRGetDevice returned 0, DeviceName: STX.STX001
[2026-07-16 08:09:39] GetFirstDevice: Added device: STX.STX001
[2026-07-16 08:09:39] GetFirstDevice: Attempt 1, Index 2, MTMICRGetDevice returned 6, DeviceName: 
[2026-07-16 08:09:39] GetFirstDevice: Attempt 1, Index 3, MTMICRGetDevice returned 6, DeviceName: 
[2026-07-16 08:09:39] GetFirstDevice: Attempt 1, Index 4, MTMICRGetDevice returned 6, DeviceName: 
[2026-07-16 08:09:39] GetFirstDevice: Attempt 1, Index 5, MTMICRGetDevice returned 6, DeviceName: 
[2026-07-16 08:09:39] GetFirstDevice: Attempt 1, Index 6, MTMICRGetDevice returned 6, DeviceName: 
[2026-07-16 08:09:39] GetFirstDevice: Attempt 1, Index 7, MTMICRGetDevice returned 6, DeviceName: 
[2026-07-16 08:09:39] GetFirstDevice: Attempt 1, Index 8, MTMICRGetDevice returned 6, DeviceName: 
[2026-07-16 08:09:39] GetFirstDevice: Attempt 1, Index 9, MTMICRGetDevice returned 6, DeviceName: 
[2026-07-16 08:09:39] GetFirstDevice: Attempt 1, Index 10, MTMICRGetDevice returned 6, DeviceName: 
[2026-07-16 08:09:39] GetFirstDevice: Attempt 1, Index 11, MTMICRGetDevice returned 6, DeviceName: 
[2026-07-16 08:09:39] GetFirstDevice: Attempt 1, Index 12, MTMICRGetDevice returned 6, DeviceName: 
[2026-07-16 08:09:39] GetFirstDevice: Attempt 1, Index 13, MTMICRGetDevice returned 6, DeviceName: 
[2026-07-16 08:09:39] GetFirstDevice: Attempt 1, Index 14, MTMICRGetDevice returned 6, DeviceName: 
[2026-07-16 08:09:39] GetFirstDevice: Attempt 1, Index 15, MTMICRGetDevice returned 6, DeviceName: 
[2026-07-16 08:09:39] GetFirstDevice: Attempt 1, Index 16, MTMICRGetDevice returned 6, DeviceName: 
[2026-07-16 08:09:39] GetFirstDevice: Attempt 1, Index 17, MTMICRGetDevice returned 6, DeviceName: 
[2026-07-16 08:09:39] GetFirstDevice: Attempt 1, Index 18, MTMICRGetDevice returned 6, DeviceName: 
[2026-07-16 08:09:39] GetFirstDevice: Attempt 1, Index 19, MTMICRGetDevice returned 6, DeviceName: 
[2026-07-16 08:09:39] GetFirstDevice: Attempt 1, Index 20, MTMICRGetDevice returned 6, DeviceName: 
[2026-07-16 08:09:39] GetFirstDevice: Selected device: STX.STX001 on attempt 1, DocType=CHECK
[2026-07-16 08:09:39] GetDeviceStatus: Found device: STX.STX001, Current DocType=CHECK
[2026-07-16 08:09:39] GetDeviceStatus: MTMICROpenDevice returned 25
[2026-07-16 08:09:39] GetDeviceStatus: Retried MTMICRCloseDevice
[2026-07-16 08:09:39] GetDeviceStatus: Retry MTMICROpenDevice returned 25
[2026-07-16 08:09:39] Dispose: Closing resources
[2026-07-16 08:09:39] Dispose: Closed log file handle
[2026-07-16 08:09:52] SetupLogging: Log file initialized at C:\Users\USG\Downloads\ChequeScannerApp\backend\ScannerApi\bin\Release\net6.0\win-x86\debug.log
[2026-07-16 08:09:52] Constructor: Initial DocType=CHECK
[2026-07-16 08:09:52] GetFirstDevice: Attempt 1, Index 1, MTMICRGetDevice returned 0, DeviceName: STX.STX001
[2026-07-16 08:09:52] GetFirstDevice: Added device: STX.STX001
[2026-07-16 08:09:52] GetFirstDevice: Attempt 1, Index 2, MTMICRGetDevice returned 6, DeviceName: 
[2026-07-16 08:09:52] GetFirstDevice: Attempt 1, Index 3, MTMICRGetDevice returned 6, DeviceName: 
[2026-07-16 08:09:52] GetFirstDevice: Attempt 1, Index 4, MTMICRGetDevice returned 6, DeviceName: 
[2026-07-16 08:09:52] GetFirstDevice: Attempt 1, Index 5, MTMICRGetDevice returned 6, DeviceName: 
[2026-07-16 08:09:52] GetFirstDevice: Attempt 1, Index 6, MTMICRGetDevice returned 6, DeviceName: 
[2026-07-16 08:09:52] GetFirstDevice: Attempt 1, Index 7, MTMICRGetDevice returned 6, DeviceName: 
[2026-07-16 08:09:52] GetFirstDevice: Attempt 1, Index 8, MTMICRGetDevice returned 6, DeviceName: 
[2026-07-16 08:09:52] GetFirstDevice: Attempt 1, Index 9, MTMICRGetDevice returned 6, DeviceName: 
[2026-07-16 08:09:52] GetFirstDevice: Attempt 1, Index 10, MTMICRGetDevice returned 6, DeviceName: 
[2026-07-16 08:09:52] GetFirstDevice: Attempt 1, Index 11, MTMICRGetDevice returned 6, DeviceName: 
[2026-07-16 08:09:52] GetFirstDevice: Attempt 1, Index 12, MTMICRGetDevice returned 6, DeviceName: 
[2026-07-16 08:09:52] GetFirstDevice: Attempt 1, Index 13, MTMICRGetDevice returned 6, DeviceName: 
[2026-07-16 08:09:52] GetFirstDevice: Attempt 1, Index 14, MTMICRGetDevice returned 6, DeviceName: 
[2026-07-16 08:09:52] GetFirstDevice: Attempt 1, Index 15, MTMICRGetDevice returned 6, DeviceName: 
[2026-07-16 08:09:52] GetFirstDevice: Attempt 1, Index 16, MTMICRGetDevice returned 6, DeviceName: 
[2026-07-16 08:09:52] GetFirstDevice: Attempt 1, Index 17, MTMICRGetDevice returned 6, DeviceName: 
[2026-07-16 08:09:52] GetFirstDevice: Attempt 1, Index 18, MTMICRGetDevice returned 6, DeviceName: 
[2026-07-16 08:09:52] GetFirstDevice: Attempt 1, Index 19, MTMICRGetDevice returned 6, DeviceName: 
[2026-07-16 08:09:52] GetFirstDevice: Attempt 1, Index 20, MTMICRGetDevice returned 6, DeviceName: 
[2026-07-16 08:09:52] GetFirstDevice: Selected device: STX.STX001 on attempt 1, DocType=CHECK
[2026-07-16 08:09:52] GetDeviceStatus: Found device: STX.STX001, Current DocType=CHECK
[2026-07-16 08:09:52] GetDeviceStatus: MTMICROpenDevice returned 25
[2026-07-16 08:09:52] GetDeviceStatus: Retried MTMICRCloseDevice
[2026-07-16 08:09:52] GetDeviceStatus: Retry MTMICROpenDevice returned 25
[2026-07-16 08:09:52] Dispose: Closing resources
[2026-07-16 08:09:52] Dispose: Closed log file handle
[2026-07-16 08:09:53] SetupLogging: Log file initialized at C:\Users\USG\Downloads\ChequeScannerApp\backend\ScannerApi\bin\Release\net6.0\win-x86\debug.log
[2026-07-16 08:09:53] Constructor: Initial DocType=CHECK
[2026-07-16 08:09:53] GetFirstDevice: Attempt 1, Index 1, MTMICRGetDevice returned 0, DeviceName: STX.STX001
[2026-07-16 08:09:53] GetFirstDevice: Added device: STX.STX001
[2026-07-16 08:09:53] GetFirstDevice: Attempt 1, Index 2, MTMICRGetDevice returned 6, DeviceName: 
[2026-07-16 08:09:53] GetFirstDevice: Attempt 1, Index 3, MTMICRGetDevice returned 6, DeviceName: 
[2026-07-16 08:09:53] GetFirstDevice: Attempt 1, Index 4, MTMICRGetDevice returned 6, DeviceName: 
[2026-07-16 08:09:53] GetFirstDevice: Attempt 1, Index 5, MTMICRGetDevice returned 6, DeviceName: 
[2026-07-16 08:09:53] GetFirstDevice: Attempt 1, Index 6, MTMICRGetDevice returned 6, DeviceName: 
[2026-07-16 08:09:53] GetFirstDevice: Attempt 1, Index 7, MTMICRGetDevice returned 6, DeviceName: 
[2026-07-16 08:09:53] GetFirstDevice: Attempt 1, Index 8, MTMICRGetDevice returned 6, DeviceName: 
[2026-07-16 08:09:53] GetFirstDevice: Attempt 1, Index 9, MTMICRGetDevice returned 6, DeviceName: 
[2026-07-16 08:09:53] GetFirstDevice: Attempt 1, Index 10, MTMICRGetDevice returned 6, DeviceName: 
[2026-07-16 08:09:53] GetFirstDevice: Attempt 1, Index 11, MTMICRGetDevice returned 6, DeviceName: 
[2026-07-16 08:09:53] GetFirstDevice: Attempt 1, Index 12, MTMICRGetDevice returned 6, DeviceName: 
[2026-07-16 08:09:53] GetFirstDevice: Attempt 1, Index 13, MTMICRGetDevice returned 6, DeviceName: 
[2026-07-16 08:09:53] GetFirstDevice: Attempt 1, Index 14, MTMICRGetDevice returned 6, DeviceName: 
[2026-07-16 08:09:53] GetFirstDevice: Attempt 1, Index 15, MTMICRGetDevice returned 6, DeviceName: 
[2026-07-16 08:09:53] GetFirstDevice: Attempt 1, Index 16, MTMICRGetDevice returned 6, DeviceName: 
[2026-07-16 08:09:53] GetFirstDevice: Attempt 1, Index 17, MTMICRGetDevice returned 6, DeviceName: 
[2026-07-16 08:09:53] GetFirstDevice: Attempt 1, Index 18, MTMICRGetDevice returned 6, DeviceName: 
[2026-07-16 08:09:53] GetFirstDevice: Attempt 1, Index 19, MTMICRGetDevice returned 6, DeviceName: 
[2026-07-16 08:09:53] GetFirstDevice: Attempt 1, Index 20, MTMICRGetDevice returned 6, DeviceName: 
[2026-07-16 08:09:53] GetFirstDevice: Selected device: STX.STX001 on attempt 1, DocType=CHECK
[2026-07-16 08:09:53] GetDeviceStatus: Found device: STX.STX001, Current DocType=CHECK
[2026-07-16 08:09:53] GetDeviceStatus: MTMICROpenDevice returned 25
[2026-07-16 08:09:53] GetDeviceStatus: Retried MTMICRCloseDevice
[2026-07-16 08:09:53] GetDeviceStatus: Retry MTMICROpenDevice returned 25
[2026-07-16 08:09:53] Dispose: Closing resources
[2026-07-16 08:09:53] Dispose: Closed log file handle
[2026-07-16 08:09:57] SetupLogging: Log file initialized at C:\Users\USG\Downloads\ChequeScannerApp\backend\ScannerApi\bin\Release\net6.0\win-x86\debug.log
[2026-07-16 08:09:57] Constructor: Initial DocType=CHECK
[2026-07-16 08:09:57] GetDeviceList: Attempt 1, Index 1, MTMICRGetDevice returned 0, DeviceName: STX.STX001
[2026-07-16 08:09:57] GetDeviceList: Added device: STX.STX001
[2026-07-16 08:09:57] GetDeviceList: Attempt 1, Index 2, MTMICRGetDevice returned 6, DeviceName: 
[2026-07-16 08:09:57] GetDeviceList: Attempt 1, Index 3, MTMICRGetDevice returned 6, DeviceName: 
[2026-07-16 08:09:57] GetDeviceList: Attempt 1, Index 4, MTMICRGetDevice returned 6, DeviceName: 
[2026-07-16 08:09:57] GetDeviceList: Attempt 1, Index 5, MTMICRGetDevice returned 6, DeviceName: 
[2026-07-16 08:09:57] GetDeviceList: Attempt 1, Index 6, MTMICRGetDevice returned 6, DeviceName: 
[2026-07-16 08:09:57] GetDeviceList: Attempt 1, Index 7, MTMICRGetDevice returned 6, DeviceName: 
[2026-07-16 08:09:57] GetDeviceList: Attempt 1, Index 8, MTMICRGetDevice returned 6, DeviceName: 
[2026-07-16 08:09:57] GetDeviceList: Attempt 1, Index 9, MTMICRGetDevice returned 6, DeviceName: 
[2026-07-16 08:09:57] GetDeviceList: Attempt 1, Index 10, MTMICRGetDevice returned 6, DeviceName: 
[2026-07-16 08:09:57] GetDeviceList: Attempt 1, Index 11, MTMICRGetDevice returned 6, DeviceName: 
[2026-07-16 08:09:57] GetDeviceList: Attempt 1, Index 12, MTMICRGetDevice returned 6, DeviceName: 
[2026-07-16 08:09:57] GetDeviceList: Attempt 1, Index 13, MTMICRGetDevice returned 6, DeviceName: 
[2026-07-16 08:09:57] GetDeviceList: Attempt 1, Index 14, MTMICRGetDevice returned 6, DeviceName: 
[2026-07-16 08:09:57] GetDeviceList: Attempt 1, Index 15, MTMICRGetDevice returned 6, DeviceName: 
[2026-07-16 08:09:57] GetDeviceList: Attempt 1, Index 16, MTMICRGetDevice returned 6, DeviceName: 
[2026-07-16 08:09:57] GetDeviceList: Attempt 1, Index 17, MTMICRGetDevice returned 6, DeviceName: 
[2026-07-16 08:09:57] GetDeviceList: Attempt 1, Index 18, MTMICRGetDevice returned 6, DeviceName: 
[2026-07-16 08:09:57] GetDeviceList: Attempt 1, Index 19, MTMICRGetDevice returned 6, DeviceName: 
[2026-07-16 08:09:57] GetDeviceList: Attempt 1, Index 20, MTMICRGetDevice returned 6, DeviceName: 
[2026-07-16 08:09:57] GetDeviceList: Found 1 devices on attempt 1: STX.STX001
[2026-07-16 08:09:57] GetDeviceList: Final list: STX.STX001
[2026-07-16 08:09:57] Dispose: Closing resources
[2026-07-16 08:09:57] Dispose: Closed log file handle
[2026-07-16 08:09:57] SetupLogging: Log file initialized at C:\Users\USG\Downloads\ChequeScannerApp\backend\ScannerApi\bin\Release\net6.0\win-x86\debug.log
[2026-07-16 08:09:57] Constructor: Initial DocType=CHECK
[2026-07-16 08:09:57] ConnectSpecificDevice: MTMICROpenDevice for STX.STX001 returned 25
[2026-07-16 08:09:57] ConnectSpecificDevice: Failed to open device STX.STX001, code: 25
[2026-07-16 08:09:57] Dispose: Closing resources
[2026-07-16 08:09:57] Dispose: Closed log file handle
[2026-07-16 08:10:00] SetupLogging: Log file initialized at C:\Users\USG\Downloads\ChequeScannerApp\backend\ScannerApi\bin\Release\net6.0\win-x86\debug.log
[2026-07-16 08:10:00] Constructor: Initial DocType=CHECK
[2026-07-16 08:10:00] GetFirstDevice: Attempt 1, Index 1, MTMICRGetDevice returned 0, DeviceName: STX.STX001
[2026-07-16 08:10:00] GetFirstDevice: Added device: STX.STX001
[2026-07-16 08:10:00] GetFirstDevice: Attempt 1, Index 2, MTMICRGetDevice returned 6, DeviceName: 
[2026-07-16 08:10:00] GetFirstDevice: Attempt 1, Index 3, MTMICRGetDevice returned 6, DeviceName: 
[2026-07-16 08:10:00] GetFirstDevice: Attempt 1, Index 4, MTMICRGetDevice returned 6, DeviceName: 
[2026-07-16 08:10:00] GetFirstDevice: Attempt 1, Index 5, MTMICRGetDevice returned 6, DeviceName: 
[2026-07-16 08:10:00] GetFirstDevice: Attempt 1, Index 6, MTMICRGetDevice returned 6, DeviceName: 
[2026-07-16 08:10:00] GetFirstDevice: Attempt 1, Index 7, MTMICRGetDevice returned 6, DeviceName: 
[2026-07-16 08:10:00] GetFirstDevice: Attempt 1, Index 8, MTMICRGetDevice returned 6, DeviceName: 
[2026-07-16 08:10:00] GetFirstDevice: Attempt 1, Index 9, MTMICRGetDevice returned 6, DeviceName: 
[2026-07-16 08:10:00] GetFirstDevice: Attempt 1, Index 10, MTMICRGetDevice returned 6, DeviceName: 
[2026-07-16 08:10:00] GetFirstDevice: Attempt 1, Index 11, MTMICRGetDevice returned 6, DeviceName: 
[2026-07-16 08:10:00] GetFirstDevice: Attempt 1, Index 12, MTMICRGetDevice returned 6, DeviceName: 
[2026-07-16 08:10:00] GetFirstDevice: Attempt 1, Index 13, MTMICRGetDevice returned 6, DeviceName: 
[2026-07-16 08:10:00] GetFirstDevice: Attempt 1, Index 14, MTMICRGetDevice returned 6, DeviceName: 
[2026-07-16 08:10:00] GetFirstDevice: Attempt 1, Index 15, MTMICRGetDevice returned 6, DeviceName: 
[2026-07-16 08:10:00] GetFirstDevice: Attempt 1, Index 16, MTMICRGetDevice returned 6, DeviceName: 
[2026-07-16 08:10:00] GetFirstDevice: Attempt 1, Index 17, MTMICRGetDevice returned 6, DeviceName: 
[2026-07-16 08:10:00] GetFirstDevice: Attempt 1, Index 18, MTMICRGetDevice returned 6, DeviceName: 
[2026-07-16 08:10:00] GetFirstDevice: Attempt 1, Index 19, MTMICRGetDevice returned 6, DeviceName: 
[2026-07-16 08:10:00] GetFirstDevice: Attempt 1, Index 20, MTMICRGetDevice returned 6, DeviceName: 
[2026-07-16 08:10:00] GetFirstDevice: Selected device: STX.STX001 on attempt 1, DocType=CHECK
[2026-07-16 08:10:00] GetDeviceStatus: Found device: STX.STX001, Current DocType=CHECK
[2026-07-16 08:10:00] GetDeviceStatus: MTMICROpenDevice returned 25
[2026-07-16 08:10:00] GetDeviceStatus: Retried MTMICRCloseDevice
[2026-07-16 08:10:00] GetDeviceStatus: Retry MTMICROpenDevice returned 25
[2026-07-16 08:10:00] Dispose: Closing resources
[2026-07-16 08:10:00] Dispose: Closed log file handle
[2026-07-16 08:10:05] SetupLogging: Log file initialized at C:\Users\USG\Downloads\ChequeScannerApp\backend\ScannerApi\bin\Release\net6.0\win-x86\debug.log
[2026-07-16 08:10:05] Constructor: Initial DocType=CHECK
[2026-07-16 08:10:05] GetFirstDevice: Attempt 1, Index 1, MTMICRGetDevice returned 0, DeviceName: STX.STX001
[2026-07-16 08:10:05] GetFirstDevice: Added device: STX.STX001
[2026-07-16 08:10:05] GetFirstDevice: Attempt 1, Index 2, MTMICRGetDevice returned 6, DeviceName: 
[2026-07-16 08:10:05] GetFirstDevice: Attempt 1, Index 3, MTMICRGetDevice returned 6, DeviceName: 
[2026-07-16 08:10:05] GetFirstDevice: Attempt 1, Index 4, MTMICRGetDevice returned 6, DeviceName: 
[2026-07-16 08:10:05] GetFirstDevice: Attempt 1, Index 5, MTMICRGetDevice returned 6, DeviceName: 
[2026-07-16 08:10:05] GetFirstDevice: Attempt 1, Index 6, MTMICRGetDevice returned 6, DeviceName: 
[2026-07-16 08:10:05] GetFirstDevice: Attempt 1, Index 7, MTMICRGetDevice returned 6, DeviceName: 
[2026-07-16 08:10:05] GetFirstDevice: Attempt 1, Index 8, MTMICRGetDevice returned 6, DeviceName: 
[2026-07-16 08:10:05] GetFirstDevice: Attempt 1, Index 9, MTMICRGetDevice returned 6, DeviceName: 
[2026-07-16 08:10:05] GetFirstDevice: Attempt 1, Index 10, MTMICRGetDevice returned 6, DeviceName: 
[2026-07-16 08:10:05] GetFirstDevice: Attempt 1, Index 11, MTMICRGetDevice returned 6, DeviceName: 
[2026-07-16 08:10:05] GetFirstDevice: Attempt 1, Index 12, MTMICRGetDevice returned 6, DeviceName: 
[2026-07-16 08:10:05] GetFirstDevice: Attempt 1, Index 13, MTMICRGetDevice returned 6, DeviceName: 
[2026-07-16 08:10:05] GetFirstDevice: Attempt 1, Index 14, MTMICRGetDevice returned 6, DeviceName: 
[2026-07-16 08:10:05] GetFirstDevice: Attempt 1, Index 15, MTMICRGetDevice returned 6, DeviceName: 
[2026-07-16 08:10:05] GetFirstDevice: Attempt 1, Index 16, MTMICRGetDevice returned 6, DeviceName: 
[2026-07-16 08:10:05] GetFirstDevice: Attempt 1, Index 17, MTMICRGetDevice returned 6, DeviceName: 
[2026-07-16 08:10:05] GetFirstDevice: Attempt 1, Index 18, MTMICRGetDevice returned 6, DeviceName: 
[2026-07-16 08:10:05] GetFirstDevice: Attempt 1, Index 19, MTMICRGetDevice returned 6, DeviceName: 
[2026-07-16 08:10:05] GetFirstDevice: Attempt 1, Index 20, MTMICRGetDevice returned 6, DeviceName: 
[2026-07-16 08:10:05] GetFirstDevice: Selected device: STX.STX001 on attempt 1, DocType=CHECK
[2026-07-16 08:10:05] GetDeviceStatus: Found device: STX.STX001, Current DocType=CHECK
[2026-07-16 08:10:05] GetDeviceStatus: MTMICROpenDevice returned 25
[2026-07-16 08:10:05] GetDeviceStatus: Retried MTMICRCloseDevice
[2026-07-16 08:10:05] GetDeviceStatus: Retry MTMICROpenDevice returned 25
[2026-07-16 08:10:05] Dispose: Closing resources
[2026-07-16 08:10:05] Dispose: Closed log file handle
[2026-07-16 08:10:10] SetupLogging: Log file initialized at C:\Users\USG\Downloads\ChequeScannerApp\backend\ScannerApi\bin\Release\net6.0\win-x86\debug.log
[2026-07-16 08:10:10] Constructor: Initial DocType=CHECK
[2026-07-16 08:10:10] GetFirstDevice: Attempt 1, Index 1, MTMICRGetDevice returned 0, DeviceName: STX.STX001
[2026-07-16 08:10:10] GetFirstDevice: Added device: STX.STX001
[2026-07-16 08:10:10] GetFirstDevice: Attempt 1, Index 2, MTMICRGetDevice returned 6, DeviceName: 
[2026-07-16 08:10:10] GetFirstDevice: Attempt 1, Index 3, MTMICRGetDevice returned 6, DeviceName: 
[2026-07-16 08:10:10] GetFirstDevice: Attempt 1, Index 4, MTMICRGetDevice returned 6, DeviceName: 
[2026-07-16 08:10:10] GetFirstDevice: Attempt 1, Index 5, MTMICRGetDevice returned 6, DeviceName: 
[2026-07-16 08:10:10] GetFirstDevice: Attempt 1, Index 6, MTMICRGetDevice returned 6, DeviceName: 
[2026-07-16 08:10:10] GetFirstDevice: Attempt 1, Index 7, MTMICRGetDevice returned 6, DeviceName: 
[2026-07-16 08:10:10] GetFirstDevice: Attempt 1, Index 8, MTMICRGetDevice returned 6, DeviceName: 
[2026-07-16 08:10:10] GetFirstDevice: Attempt 1, Index 9, MTMICRGetDevice returned 6, DeviceName: 
[2026-07-16 08:10:10] GetFirstDevice: Attempt 1, Index 10, MTMICRGetDevice returned 6, DeviceName: 
[2026-07-16 08:10:10] GetFirstDevice: Attempt 1, Index 11, MTMICRGetDevice returned 6, DeviceName: 
[2026-07-16 08:10:10] GetFirstDevice: Attempt 1, Index 12, MTMICRGetDevice returned 6, DeviceName: 
[2026-07-16 08:10:10] GetFirstDevice: Attempt 1, Index 13, MTMICRGetDevice returned 6, DeviceName: 
[2026-07-16 08:10:10] GetFirstDevice: Attempt 1, Index 14, MTMICRGetDevice returned 6, DeviceName: 
[2026-07-16 08:10:10] GetFirstDevice: Attempt 1, Index 15, MTMICRGetDevice returned 6, DeviceName: 
[2026-07-16 08:10:10] GetFirstDevice: Attempt 1, Index 16, MTMICRGetDevice returned 6, DeviceName: 
[2026-07-16 08:10:10] GetFirstDevice: Attempt 1, Index 17, MTMICRGetDevice returned 6, DeviceName: 
[2026-07-16 08:10:10] GetFirstDevice: Attempt 1, Index 18, MTMICRGetDevice returned 6, DeviceName: 
[2026-07-16 08:10:10] GetFirstDevice: Attempt 1, Index 19, MTMICRGetDevice returned 6, DeviceName: 
[2026-07-16 08:10:10] GetFirstDevice: Attempt 1, Index 20, MTMICRGetDevice returned 6, DeviceName: 
[2026-07-16 08:10:10] GetFirstDevice: Selected device: STX.STX001 on attempt 1, DocType=CHECK
[2026-07-16 08:10:10] GetDeviceStatus: Found device: STX.STX001, Current DocType=CHECK
[2026-07-16 08:10:10] GetDeviceStatus: MTMICROpenDevice returned 25
[2026-07-16 08:10:10] GetDeviceStatus: Retried MTMICRCloseDevice
[2026-07-16 08:10:10] GetDeviceStatus: Retry MTMICROpenDevice returned 25
[2026-07-16 08:10:10] Dispose: Closing resources
[2026-07-16 08:10:10] Dispose: Closed log file handle
[2026-07-16 08:10:15] SetupLogging: Log file initialized at C:\Users\USG\Downloads\ChequeScannerApp\backend\ScannerApi\bin\Release\net6.0\win-x86\debug.log
[2026-07-16 08:10:15] Constructor: Initial DocType=CHECK
[2026-07-16 08:10:15] GetFirstDevice: Attempt 1, Index 1, MTMICRGetDevice returned 0, DeviceName: STX.STX001
[2026-07-16 08:10:15] GetFirstDevice: Added device: STX.STX001
[2026-07-16 08:10:15] GetFirstDevice: Attempt 1, Index 2, MTMICRGetDevice returned 6, DeviceName: 
[2026-07-16 08:10:15] GetFirstDevice: Attempt 1, Index 3, MTMICRGetDevice returned 6, DeviceName: 
[2026-07-16 08:10:15] GetFirstDevice: Attempt 1, Index 4, MTMICRGetDevice returned 6, DeviceName: 
[2026-07-16 08:10:15] GetFirstDevice: Attempt 1, Index 5, MTMICRGetDevice returned 6, DeviceName: 
[2026-07-16 08:10:15] GetFirstDevice: Attempt 1, Index 6, MTMICRGetDevice returned 6, DeviceName: 
[2026-07-16 08:10:15] GetFirstDevice: Attempt 1, Index 7, MTMICRGetDevice returned 6, DeviceName: 
[2026-07-16 08:10:15] GetFirstDevice: Attempt 1, Index 8, MTMICRGetDevice returned 6, DeviceName: 
[2026-07-16 08:10:15] GetFirstDevice: Attempt 1, Index 9, MTMICRGetDevice returned 6, DeviceName: 
[2026-07-16 08:10:15] GetFirstDevice: Attempt 1, Index 10, MTMICRGetDevice returned 6, DeviceName: 
[2026-07-16 08:10:15] GetFirstDevice: Attempt 1, Index 11, MTMICRGetDevice returned 6, DeviceName: 
[2026-07-16 08:10:15] GetFirstDevice: Attempt 1, Index 12, MTMICRGetDevice returned 6, DeviceName: 
[2026-07-16 08:10:15] GetFirstDevice: Attempt 1, Index 13, MTMICRGetDevice returned 6, DeviceName: 
[2026-07-16 08:10:15] GetFirstDevice: Attempt 1, Index 14, MTMICRGetDevice returned 6, DeviceName: 
[2026-07-16 08:10:15] GetFirstDevice: Attempt 1, Index 15, MTMICRGetDevice returned 6, DeviceName: 
[2026-07-16 08:10:15] GetFirstDevice: Attempt 1, Index 16, MTMICRGetDevice returned 6, DeviceName: 
[2026-07-16 08:10:15] GetFirstDevice: Attempt 1, Index 17, MTMICRGetDevice returned 6, DeviceName: 
[2026-07-16 08:10:15] GetFirstDevice: Attempt 1, Index 18, MTMICRGetDevice returned 6, DeviceName: 
[2026-07-16 08:10:15] GetFirstDevice: Attempt 1, Index 19, MTMICRGetDevice returned 6, DeviceName: 
[2026-07-16 08:10:15] GetFirstDevice: Attempt 1, Index 20, MTMICRGetDevice returned 6, DeviceName: 
[2026-07-16 08:10:15] GetFirstDevice: Selected device: STX.STX001 on attempt 1, DocType=CHECK
[2026-07-16 08:10:15] GetDeviceStatus: Found device: STX.STX001, Current DocType=CHECK
[2026-07-16 08:10:15] GetDeviceStatus: MTMICROpenDevice returned 25
[2026-07-16 08:10:15] GetDeviceStatus: Retried MTMICRCloseDevice
[2026-07-16 08:10:15] GetDeviceStatus: Retry MTMICROpenDevice returned 25
[2026-07-16 08:10:15] Dispose: Closing resources
[2026-07-16 08:10:15] Dispose: Closed log file handle
[2026-07-16 08:10:22] SetupLogging: Log file initialized at C:\Users\USG\Downloads\ChequeScannerApp\backend\ScannerApi\bin\Release\net6.0\win-x86\debug.log
[2026-07-16 08:10:22] Constructor: Initial DocType=CHECK
[2026-07-16 08:10:22] GetFirstDevice: Attempt 1, Index 1, MTMICRGetDevice returned 0, DeviceName: STX.STX001
[2026-07-16 08:10:22] GetFirstDevice: Added device: STX.STX001
[2026-07-16 08:10:22] GetFirstDevice: Attempt 1, Index 2, MTMICRGetDevice returned 6, DeviceName: 
[2026-07-16 08:10:22] GetFirstDevice: Attempt 1, Index 3, MTMICRGetDevice returned 6, DeviceName: 
[2026-07-16 08:10:22] GetFirstDevice: Attempt 1, Index 4, MTMICRGetDevice returned 6, DeviceName: 
[2026-07-16 08:10:22] GetFirstDevice: Attempt 1, Index 5, MTMICRGetDevice returned 6, DeviceName: 
[2026-07-16 08:10:22] GetFirstDevice: Attempt 1, Index 6, MTMICRGetDevice returned 6, DeviceName: 
[2026-07-16 08:10:22] GetFirstDevice: Attempt 1, Index 7, MTMICRGetDevice returned 6, DeviceName: 
[2026-07-16 08:10:22] GetFirstDevice: Attempt 1, Index 8, MTMICRGetDevice returned 6, DeviceName: 
[2026-07-16 08:10:22] GetFirstDevice: Attempt 1, Index 9, MTMICRGetDevice returned 6, DeviceName: 
[2026-07-16 08:10:22] GetFirstDevice: Attempt 1, Index 10, MTMICRGetDevice returned 6, DeviceName: 
[2026-07-16 08:10:22] GetFirstDevice: Attempt 1, Index 11, MTMICRGetDevice returned 6, DeviceName: 
[2026-07-16 08:10:22] GetFirstDevice: Attempt 1, Index 12, MTMICRGetDevice returned 6, DeviceName: 
[2026-07-16 08:10:22] GetFirstDevice: Attempt 1, Index 13, MTMICRGetDevice returned 6, DeviceName: 
[2026-07-16 08:10:22] GetFirstDevice: Attempt 1, Index 14, MTMICRGetDevice returned 6, DeviceName: 
[2026-07-16 08:10:22] GetFirstDevice: Attempt 1, Index 15, MTMICRGetDevice returned 6, DeviceName: 
[2026-07-16 08:10:22] GetFirstDevice: Attempt 1, Index 16, MTMICRGetDevice returned 6, DeviceName: 
[2026-07-16 08:10:22] GetFirstDevice: Attempt 1, Index 17, MTMICRGetDevice returned 6, DeviceName: 
[2026-07-16 08:10:22] GetFirstDevice: Attempt 1, Index 18, MTMICRGetDevice returned 6, DeviceName: 
[2026-07-16 08:10:22] GetFirstDevice: Attempt 1, Index 19, MTMICRGetDevice returned 6, DeviceName: 
[2026-07-16 08:10:22] GetFirstDevice: Attempt 1, Index 20, MTMICRGetDevice returned 6, DeviceName: 
[2026-07-16 08:10:22] GetFirstDevice: Selected device: STX.STX001 on attempt 1, DocType=CHECK
[2026-07-16 08:10:22] GetDeviceStatus: Found device: STX.STX001, Current DocType=CHECK
[2026-07-16 08:10:22] GetDeviceStatus: MTMICROpenDevice returned 25
[2026-07-16 08:10:22] GetDeviceStatus: Retried MTMICRCloseDevice
[2026-07-16 08:10:22] GetDeviceStatus: Retry MTMICROpenDevice returned 25
[2026-07-16 08:10:22] Dispose: Closing resources
[2026-07-16 08:10:22] Dispose: Closed log file handle
[2026-07-16 08:10:25] SetupLogging: Log file initialized at C:\Users\USG\Downloads\ChequeScannerApp\backend\ScannerApi\bin\Release\net6.0\win-x86\debug.log
[2026-07-16 08:10:25] Constructor: Initial DocType=CHECK
[2026-07-16 08:10:25] GetFirstDevice: Attempt 1, Index 1, MTMICRGetDevice returned 0, DeviceName: STX.STX001
[2026-07-16 08:10:25] GetFirstDevice: Added device: STX.STX001
[2026-07-16 08:10:25] GetFirstDevice: Attempt 1, Index 2, MTMICRGetDevice returned 6, DeviceName: 
[2026-07-16 08:10:25] GetFirstDevice: Attempt 1, Index 3, MTMICRGetDevice returned 6, DeviceName: 
[2026-07-16 08:10:25] GetFirstDevice: Attempt 1, Index 4, MTMICRGetDevice returned 6, DeviceName: 
[2026-07-16 08:10:25] GetFirstDevice: Attempt 1, Index 5, MTMICRGetDevice returned 6, DeviceName: 
[2026-07-16 08:10:25] GetFirstDevice: Attempt 1, Index 6, MTMICRGetDevice returned 6, DeviceName: 
[2026-07-16 08:10:25] GetFirstDevice: Attempt 1, Index 7, MTMICRGetDevice returned 6, DeviceName: 
[2026-07-16 08:10:25] GetFirstDevice: Attempt 1, Index 8, MTMICRGetDevice returned 6, DeviceName: 
[2026-07-16 08:10:25] GetFirstDevice: Attempt 1, Index 9, MTMICRGetDevice returned 6, DeviceName: 
[2026-07-16 08:10:25] GetFirstDevice: Attempt 1, Index 10, MTMICRGetDevice returned 6, DeviceName: 
[2026-07-16 08:10:25] GetFirstDevice: Attempt 1, Index 11, MTMICRGetDevice returned 6, DeviceName: 
[2026-07-16 08:10:25] GetFirstDevice: Attempt 1, Index 12, MTMICRGetDevice returned 6, DeviceName: 
[2026-07-16 08:10:25] GetFirstDevice: Attempt 1, Index 13, MTMICRGetDevice returned 6, DeviceName: 
[2026-07-16 08:10:25] GetFirstDevice: Attempt 1, Index 14, MTMICRGetDevice returned 6, DeviceName: 
[2026-07-16 08:10:25] GetFirstDevice: Attempt 1, Index 15, MTMICRGetDevice returned 6, DeviceName: 
[2026-07-16 08:10:25] GetFirstDevice: Attempt 1, Index 16, MTMICRGetDevice returned 6, DeviceName: 
[2026-07-16 08:10:25] GetFirstDevice: Attempt 1, Index 17, MTMICRGetDevice returned 6, DeviceName: 
[2026-07-16 08:10:25] GetFirstDevice: Attempt 1, Index 18, MTMICRGetDevice returned 6, DeviceName: 
[2026-07-16 08:10:25] GetFirstDevice: Attempt 1, Index 19, MTMICRGetDevice returned 6, DeviceName: 
[2026-07-16 08:10:25] GetFirstDevice: Attempt 1, Index 20, MTMICRGetDevice returned 6, DeviceName: 
[2026-07-16 08:10:25] GetFirstDevice: Selected device: STX.STX001 on attempt 1, DocType=CHECK
[2026-07-16 08:10:25] GetDeviceStatus: Found device: STX.STX001, Current DocType=CHECK
[2026-07-16 08:10:25] GetDeviceStatus: MTMICROpenDevice returned 25
[2026-07-16 08:10:25] GetDeviceStatus: Retried MTMICRCloseDevice
[2026-07-16 08:10:25] GetDeviceStatus: Retry MTMICROpenDevice returned 25
[2026-07-16 08:10:25] Dispose: Closing resources
[2026-07-16 08:10:25] Dispose: Closed log file handle
[2026-07-16 08:10:30] SetupLogging: Log file initialized at C:\Users\USG\Downloads\ChequeScannerApp\backend\ScannerApi\bin\Release\net6.0\win-x86\debug.log
[2026-07-16 08:10:30] Constructor: Initial DocType=CHECK
[2026-07-16 08:10:30] GetFirstDevice: Attempt 1, Index 1, MTMICRGetDevice returned 0, DeviceName: STX.STX001
[2026-07-16 08:10:30] GetFirstDevice: Added device: STX.STX001
[2026-07-16 08:10:30] GetFirstDevice: Attempt 1, Index 2, MTMICRGetDevice returned 6, DeviceName: 
[2026-07-16 08:10:30] GetFirstDevice: Attempt 1, Index 3, MTMICRGetDevice returned 6, DeviceName: 
[2026-07-16 08:10:30] GetFirstDevice: Attempt 1, Index 4, MTMICRGetDevice returned 6, DeviceName: 
[2026-07-16 08:10:30] GetFirstDevice: Attempt 1, Index 5, MTMICRGetDevice returned 6, DeviceName: 
[2026-07-16 08:10:30] GetFirstDevice: Attempt 1, Index 6, MTMICRGetDevice returned 6, DeviceName: 
[2026-07-16 08:10:30] GetFirstDevice: Attempt 1, Index 7, MTMICRGetDevice returned 6, DeviceName: 
[2026-07-16 08:10:30] GetFirstDevice: Attempt 1, Index 8, MTMICRGetDevice returned 6, DeviceName: 
[2026-07-16 08:10:30] GetFirstDevice: Attempt 1, Index 9, MTMICRGetDevice returned 6, DeviceName: 
[2026-07-16 08:10:30] GetFirstDevice: Attempt 1, Index 10, MTMICRGetDevice returned 6, DeviceName: 
[2026-07-16 08:10:30] GetFirstDevice: Attempt 1, Index 11, MTMICRGetDevice returned 6, DeviceName: 
[2026-07-16 08:10:30] GetFirstDevice: Attempt 1, Index 12, MTMICRGetDevice returned 6, DeviceName: 
[2026-07-16 08:10:30] GetFirstDevice: Attempt 1, Index 13, MTMICRGetDevice returned 6, DeviceName: 
[2026-07-16 08:10:30] GetFirstDevice: Attempt 1, Index 14, MTMICRGetDevice returned 6, DeviceName: 
[2026-07-16 08:10:30] GetFirstDevice: Attempt 1, Index 15, MTMICRGetDevice returned 6, DeviceName: 
[2026-07-16 08:10:30] GetFirstDevice: Attempt 1, Index 16, MTMICRGetDevice returned 6, DeviceName: 
[2026-07-16 08:10:30] GetFirstDevice: Attempt 1, Index 17, MTMICRGetDevice returned 6, DeviceName: 
[2026-07-16 08:10:30] GetFirstDevice: Attempt 1, Index 18, MTMICRGetDevice returned 6, DeviceName: 
[2026-07-16 08:10:30] GetFirstDevice: Attempt 1, Index 19, MTMICRGetDevice returned 6, DeviceName: 
[2026-07-16 08:10:30] GetFirstDevice: Attempt 1, Index 20, MTMICRGetDevice returned 6, DeviceName: 
[2026-07-16 08:10:30] GetFirstDevice: Selected device: STX.STX001 on attempt 1, DocType=CHECK
[2026-07-16 08:10:30] GetDeviceStatus: Found device: STX.STX001, Current DocType=CHECK
[2026-07-16 08:10:30] GetDeviceStatus: MTMICROpenDevice returned 25
[2026-07-16 08:10:30] GetDeviceStatus: Retried MTMICRCloseDevice
[2026-07-16 08:10:30] GetDeviceStatus: Retry MTMICROpenDevice returned 25
[2026-07-16 08:10:30] Dispose: Closing resources
[2026-07-16 08:10:30] Dispose: Closed log file handle
[2026-07-16 08:10:35] SetupLogging: Log file initialized at C:\Users\USG\Downloads\ChequeScannerApp\backend\ScannerApi\bin\Release\net6.0\win-x86\debug.log
[2026-07-16 08:10:35] Constructor: Initial DocType=CHECK
[2026-07-16 08:10:35] GetFirstDevice: Attempt 1, Index 1, MTMICRGetDevice returned 0, DeviceName: STX.STX001
[2026-07-16 08:10:35] GetFirstDevice: Added device: STX.STX001
[2026-07-16 08:10:35] GetFirstDevice: Attempt 1, Index 2, MTMICRGetDevice returned 6, DeviceName: 
[2026-07-16 08:10:35] GetFirstDevice: Attempt 1, Index 3, MTMICRGetDevice returned 6, DeviceName: 
[2026-07-16 08:10:35] GetFirstDevice: Attempt 1, Index 4, MTMICRGetDevice returned 6, DeviceName: 
[2026-07-16 08:10:35] GetFirstDevice: Attempt 1, Index 5, MTMICRGetDevice returned 6, DeviceName: 
[2026-07-16 08:10:35] GetFirstDevice: Attempt 1, Index 6, MTMICRGetDevice returned 6, DeviceName: 
[2026-07-16 08:10:35] GetFirstDevice: Attempt 1, Index 7, MTMICRGetDevice returned 6, DeviceName: 
[2026-07-16 08:10:35] GetFirstDevice: Attempt 1, Index 8, MTMICRGetDevice returned 6, DeviceName: 
[2026-07-16 08:10:35] GetFirstDevice: Attempt 1, Index 9, MTMICRGetDevice returned 6, DeviceName: 
[2026-07-16 08:10:35] GetFirstDevice: Attempt 1, Index 10, MTMICRGetDevice returned 6, DeviceName: 
[2026-07-16 08:10:35] GetFirstDevice: Attempt 1, Index 11, MTMICRGetDevice returned 6, DeviceName: 
[2026-07-16 08:10:35] GetFirstDevice: Attempt 1, Index 12, MTMICRGetDevice returned 6, DeviceName: 
[2026-07-16 08:10:35] GetFirstDevice: Attempt 1, Index 13, MTMICRGetDevice returned 6, DeviceName: 
[2026-07-16 08:10:35] GetFirstDevice: Attempt 1, Index 14, MTMICRGetDevice returned 6, DeviceName: 
[2026-07-16 08:10:35] GetFirstDevice: Attempt 1, Index 15, MTMICRGetDevice returned 6, DeviceName: 
[2026-07-16 08:10:35] GetFirstDevice: Attempt 1, Index 16, MTMICRGetDevice returned 6, DeviceName: 
[2026-07-16 08:10:35] GetFirstDevice: Attempt 1, Index 17, MTMICRGetDevice returned 6, DeviceName: 
[2026-07-16 08:10:35] GetFirstDevice: Attempt 1, Index 18, MTMICRGetDevice returned 6, DeviceName: 
[2026-07-16 08:10:35] GetFirstDevice: Attempt 1, Index 19, MTMICRGetDevice returned 6, DeviceName: 
[2026-07-16 08:10:35] GetFirstDevice: Attempt 1, Index 20, MTMICRGetDevice returned 6, DeviceName: 
[2026-07-16 08:10:35] GetFirstDevice: Selected device: STX.STX001 on attempt 1, DocType=CHECK
[2026-07-16 08:10:35] GetDeviceStatus: Found device: STX.STX001, Current DocType=CHECK
[2026-07-16 08:10:35] GetDeviceStatus: MTMICROpenDevice returned 25
[2026-07-16 08:10:35] GetDeviceStatus: Retried MTMICRCloseDevice
[2026-07-16 08:10:35] GetDeviceStatus: Retry MTMICROpenDevice returned 25
[2026-07-16 08:10:35] Dispose: Closing resources
[2026-07-16 08:10:35] Dispose: Closed log file handle
[2026-07-16 08:10:40] SetupLogging: Log file initialized at C:\Users\USG\Downloads\ChequeScannerApp\backend\ScannerApi\bin\Release\net6.0\win-x86\debug.log
[2026-07-16 08:10:40] Constructor: Initial DocType=CHECK
[2026-07-16 08:10:40] GetFirstDevice: Attempt 1, Index 1, MTMICRGetDevice returned 0, DeviceName: STX.STX001
[2026-07-16 08:10:40] GetFirstDevice: Added device: STX.STX001
[2026-07-16 08:10:40] GetFirstDevice: Attempt 1, Index 2, MTMICRGetDevice returned 6, DeviceName: 
[2026-07-16 08:10:40] GetFirstDevice: Attempt 1, Index 3, MTMICRGetDevice returned 6, DeviceName: 
[2026-07-16 08:10:40] GetFirstDevice: Attempt 1, Index 4, MTMICRGetDevice returned 6, DeviceName: 
[2026-07-16 08:10:40] GetFirstDevice: Attempt 1, Index 5, MTMICRGetDevice returned 6, DeviceName: 
[2026-07-16 08:10:40] GetFirstDevice: Attempt 1, Index 6, MTMICRGetDevice returned 6, DeviceName: 
[2026-07-16 08:10:40] GetFirstDevice: Attempt 1, Index 7, MTMICRGetDevice returned 6, DeviceName: 
[2026-07-16 08:10:40] GetFirstDevice: Attempt 1, Index 8, MTMICRGetDevice returned 6, DeviceName: 
[2026-07-16 08:10:40] GetFirstDevice: Attempt 1, Index 9, MTMICRGetDevice returned 6, DeviceName: 
[2026-07-16 08:10:40] GetFirstDevice: Attempt 1, Index 10, MTMICRGetDevice returned 6, DeviceName: 
[2026-07-16 08:10:40] GetFirstDevice: Attempt 1, Index 11, MTMICRGetDevice returned 6, DeviceName: 
[2026-07-16 08:10:40] GetFirstDevice: Attempt 1, Index 12, MTMICRGetDevice returned 6, DeviceName: 
[2026-07-16 08:10:40] GetFirstDevice: Attempt 1, Index 13, MTMICRGetDevice returned 6, DeviceName: 
[2026-07-16 08:10:40] GetFirstDevice: Attempt 1, Index 14, MTMICRGetDevice returned 6, DeviceName: 
[2026-07-16 08:10:40] GetFirstDevice: Attempt 1, Index 15, MTMICRGetDevice returned 6, DeviceName: 
[2026-07-16 08:10:40] GetFirstDevice: Attempt 1, Index 16, MTMICRGetDevice returned 6, DeviceName: 
[2026-07-16 08:10:40] GetFirstDevice: Attempt 1, Index 17, MTMICRGetDevice returned 6, DeviceName: 
[2026-07-16 08:10:40] GetFirstDevice: Attempt 1, Index 18, MTMICRGetDevice returned 6, DeviceName: 
[2026-07-16 08:10:40] GetFirstDevice: Attempt 1, Index 19, MTMICRGetDevice returned 6, DeviceName: 
[2026-07-16 08:10:40] GetFirstDevice: Attempt 1, Index 20, MTMICRGetDevice returned 6, DeviceName: 
[2026-07-16 08:10:40] GetFirstDevice: Selected device: STX.STX001 on attempt 1, DocType=CHECK
[2026-07-16 08:10:40] GetDeviceStatus: Found device: STX.STX001, Current DocType=CHECK
[2026-07-16 08:10:40] GetDeviceStatus: MTMICROpenDevice returned 25
[2026-07-16 08:10:40] GetDeviceStatus: Retried MTMICRCloseDevice
[2026-07-16 08:10:40] GetDeviceStatus: Retry MTMICROpenDevice returned 25
[2026-07-16 08:10:40] Dispose: Closing resources
[2026-07-16 08:10:40] Dispose: Closed log file handle
[2026-07-16 08:10:45] SetupLogging: Log file initialized at C:\Users\USG\Downloads\ChequeScannerApp\backend\ScannerApi\bin\Release\net6.0\win-x86\debug.log
[2026-07-16 08:10:45] Constructor: Initial DocType=CHECK
[2026-07-16 08:10:45] GetFirstDevice: Attempt 1, Index 1, MTMICRGetDevice returned 0, DeviceName: STX.STX001
[2026-07-16 08:10:45] GetFirstDevice: Added device: STX.STX001
[2026-07-16 08:10:45] GetFirstDevice: Attempt 1, Index 2, MTMICRGetDevice returned 6, DeviceName: 
[2026-07-16 08:10:45] GetFirstDevice: Attempt 1, Index 3, MTMICRGetDevice returned 6, DeviceName: 
[2026-07-16 08:10:45] GetFirstDevice: Attempt 1, Index 4, MTMICRGetDevice returned 6, DeviceName: 
[2026-07-16 08:10:45] GetFirstDevice: Attempt 1, Index 5, MTMICRGetDevice returned 6, DeviceName: 
[2026-07-16 08:10:45] GetFirstDevice: Attempt 1, Index 6, MTMICRGetDevice returned 6, DeviceName: 
[2026-07-16 08:10:45] GetFirstDevice: Attempt 1, Index 7, MTMICRGetDevice returned 6, DeviceName: 
[2026-07-16 08:10:45] GetFirstDevice: Attempt 1, Index 8, MTMICRGetDevice returned 6, DeviceName: 
[2026-07-16 08:10:45] GetFirstDevice: Attempt 1, Index 9, MTMICRGetDevice returned 6, DeviceName: 
[2026-07-16 08:10:45] GetFirstDevice: Attempt 1, Index 10, MTMICRGetDevice returned 6, DeviceName: 
[2026-07-16 08:10:45] GetFirstDevice: Attempt 1, Index 11, MTMICRGetDevice returned 6, DeviceName: 
[2026-07-16 08:10:45] GetFirstDevice: Attempt 1, Index 12, MTMICRGetDevice returned 6, DeviceName: 
[2026-07-16 08:10:45] GetFirstDevice: Attempt 1, Index 13, MTMICRGetDevice returned 6, DeviceName: 
[2026-07-16 08:10:45] GetFirstDevice: Attempt 1, Index 14, MTMICRGetDevice returned 6, DeviceName: 
[2026-07-16 08:10:45] GetFirstDevice: Attempt 1, Index 15, MTMICRGetDevice returned 6, DeviceName: 
[2026-07-16 08:10:45] GetFirstDevice: Attempt 1, Index 16, MTMICRGetDevice returned 6, DeviceName: 
[2026-07-16 08:10:45] GetFirstDevice: Attempt 1, Index 17, MTMICRGetDevice returned 6, DeviceName: 
[2026-07-16 08:10:45] GetFirstDevice: Attempt 1, Index 18, MTMICRGetDevice returned 6, DeviceName: 
[2026-07-16 08:10:45] GetFirstDevice: Attempt 1, Index 19, MTMICRGetDevice returned 6, DeviceName: 
[2026-07-16 08:10:45] GetFirstDevice: Attempt 1, Index 20, MTMICRGetDevice returned 6, DeviceName: 
[2026-07-16 08:10:45] GetFirstDevice: Selected device: STX.STX001 on attempt 1, DocType=CHECK
[2026-07-16 08:10:45] GetDeviceStatus: Found device: STX.STX001, Current DocType=CHECK
[2026-07-16 08:10:45] GetDeviceStatus: MTMICROpenDevice returned 25
[2026-07-16 08:10:45] GetDeviceStatus: Retried MTMICRCloseDevice
[2026-07-16 08:10:45] GetDeviceStatus: Retry MTMICROpenDevice returned 25
[2026-07-16 08:10:45] Dispose: Closing resources
[2026-07-16 08:10:45] Dispose: Closed log file handle
[2026-07-16 08:10:55] SetupLogging: Log file initialized at C:\Users\USG\Downloads\ChequeScannerApp\backend\ScannerApi\bin\Release\net6.0\win-x86\debug.log
[2026-07-16 08:10:55] Constructor: Initial DocType=CHECK
[2026-07-16 08:10:55] GetFirstDevice: Attempt 1, Index 1, MTMICRGetDevice returned 0, DeviceName: STX.STX001
[2026-07-16 08:10:55] GetFirstDevice: Added device: STX.STX001
[2026-07-16 08:10:55] GetFirstDevice: Attempt 1, Index 2, MTMICRGetDevice returned 6, DeviceName: 
[2026-07-16 08:10:55] GetFirstDevice: Attempt 1, Index 3, MTMICRGetDevice returned 6, DeviceName: 
[2026-07-16 08:10:55] GetFirstDevice: Attempt 1, Index 4, MTMICRGetDevice returned 6, DeviceName: 
[2026-07-16 08:10:55] GetFirstDevice: Attempt 1, Index 5, MTMICRGetDevice returned 6, DeviceName: 
[2026-07-16 08:10:55] GetFirstDevice: Attempt 1, Index 6, MTMICRGetDevice returned 6, DeviceName: 
[2026-07-16 08:10:55] GetFirstDevice: Attempt 1, Index 7, MTMICRGetDevice returned 6, DeviceName: 
[2026-07-16 08:10:55] GetFirstDevice: Attempt 1, Index 8, MTMICRGetDevice returned 6, DeviceName: 
[2026-07-16 08:10:55] GetFirstDevice: Attempt 1, Index 9, MTMICRGetDevice returned 6, DeviceName: 
[2026-07-16 08:10:55] GetFirstDevice: Attempt 1, Index 10, MTMICRGetDevice returned 6, DeviceName: 
[2026-07-16 08:10:55] GetFirstDevice: Attempt 1, Index 11, MTMICRGetDevice returned 6, DeviceName: 
[2026-07-16 08:10:55] GetFirstDevice: Attempt 1, Index 12, MTMICRGetDevice returned 6, DeviceName: 
[2026-07-16 08:10:55] GetFirstDevice: Attempt 1, Index 13, MTMICRGetDevice returned 6, DeviceName: 
[2026-07-16 08:10:55] GetFirstDevice: Attempt 1, Index 14, MTMICRGetDevice returned 6, DeviceName: 
[2026-07-16 08:10:55] GetFirstDevice: Attempt 1, Index 15, MTMICRGetDevice returned 6, DeviceName: 
[2026-07-16 08:10:55] GetFirstDevice: Attempt 1, Index 16, MTMICRGetDevice returned 6, DeviceName: 
[2026-07-16 08:10:55] GetFirstDevice: Attempt 1, Index 17, MTMICRGetDevice returned 6, DeviceName: 
[2026-07-16 08:10:55] GetFirstDevice: Attempt 1, Index 18, MTMICRGetDevice returned 6, DeviceName: 
[2026-07-16 08:10:55] GetFirstDevice: Attempt 1, Index 19, MTMICRGetDevice returned 6, DeviceName: 
[2026-07-16 08:10:55] GetFirstDevice: Attempt 1, Index 20, MTMICRGetDevice returned 6, DeviceName: 
[2026-07-16 08:10:55] GetFirstDevice: Selected device: STX.STX001 on attempt 1, DocType=CHECK
[2026-07-16 08:10:55] GetDeviceStatus: Found device: STX.STX001, Current DocType=CHECK
[2026-07-16 08:10:55] GetDeviceStatus: MTMICROpenDevice returned 25
[2026-07-16 08:10:55] GetDeviceStatus: Retried MTMICRCloseDevice
[2026-07-16 08:10:55] GetDeviceStatus: Retry MTMICROpenDevice returned 25
[2026-07-16 08:10:55] Dispose: Closing resources
[2026-07-16 08:10:55] Dispose: Closed log file handle
[2026-07-16 08:11:05] SetupLogging: Log file initialized at C:\Users\USG\Downloads\ChequeScannerApp\backend\ScannerApi\bin\Release\net6.0\win-x86\debug.log
[2026-07-16 08:11:05] Constructor: Initial DocType=CHECK
[2026-07-16 08:11:05] GetFirstDevice: Attempt 1, Index 1, MTMICRGetDevice returned 0, DeviceName: STX.STX001
[2026-07-16 08:11:05] GetFirstDevice: Added device: STX.STX001
[2026-07-16 08:11:05] GetFirstDevice: Attempt 1, Index 2, MTMICRGetDevice returned 6, DeviceName: 
[2026-07-16 08:11:05] GetFirstDevice: Attempt 1, Index 3, MTMICRGetDevice returned 6, DeviceName: 
[2026-07-16 08:11:05] GetFirstDevice: Attempt 1, Index 4, MTMICRGetDevice returned 6, DeviceName: 
[2026-07-16 08:11:05] GetFirstDevice: Attempt 1, Index 5, MTMICRGetDevice returned 6, DeviceName: 
[2026-07-16 08:11:05] GetFirstDevice: Attempt 1, Index 6, MTMICRGetDevice returned 6, DeviceName: 
[2026-07-16 08:11:05] GetFirstDevice: Attempt 1, Index 7, MTMICRGetDevice returned 6, DeviceName: 
[2026-07-16 08:11:05] GetFirstDevice: Attempt 1, Index 8, MTMICRGetDevice returned 6, DeviceName: 
[2026-07-16 08:11:05] GetFirstDevice: Attempt 1, Index 9, MTMICRGetDevice returned 6, DeviceName: 
[2026-07-16 08:11:05] GetFirstDevice: Attempt 1, Index 10, MTMICRGetDevice returned 6, DeviceName: 
[2026-07-16 08:11:05] GetFirstDevice: Attempt 1, Index 11, MTMICRGetDevice returned 6, DeviceName: 
[2026-07-16 08:11:05] GetFirstDevice: Attempt 1, Index 12, MTMICRGetDevice returned 6, DeviceName: 
[2026-07-16 08:11:05] GetFirstDevice: Attempt 1, Index 13, MTMICRGetDevice returned 6, DeviceName: 
[2026-07-16 08:11:05] GetFirstDevice: Attempt 1, Index 14, MTMICRGetDevice returned 6, DeviceName: 
[2026-07-16 08:11:05] GetFirstDevice: Attempt 1, Index 15, MTMICRGetDevice returned 6, DeviceName: 
[2026-07-16 08:11:05] GetFirstDevice: Attempt 1, Index 16, MTMICRGetDevice returned 6, DeviceName: 
[2026-07-16 08:11:05] GetFirstDevice: Attempt 1, Index 17, MTMICRGetDevice returned 6, DeviceName: 
[2026-07-16 08:11:05] GetFirstDevice: Attempt 1, Index 18, MTMICRGetDevice returned 6, DeviceName: 
[2026-07-16 08:11:05] GetFirstDevice: Attempt 1, Index 19, MTMICRGetDevice returned 6, DeviceName: 
[2026-07-16 08:11:05] GetFirstDevice: Attempt 1, Index 20, MTMICRGetDevice returned 6, DeviceName: 
[2026-07-16 08:11:05] GetFirstDevice: Selected device: STX.STX001 on attempt 1, DocType=CHECK
[2026-07-16 08:11:05] GetDeviceStatus: Found device: STX.STX001, Current DocType=CHECK
[2026-07-16 08:11:05] GetDeviceStatus: MTMICROpenDevice returned 25
[2026-07-16 08:11:05] GetDeviceStatus: Retried MTMICRCloseDevice
[2026-07-16 08:11:05] GetDeviceStatus: Retry MTMICROpenDevice returned 25
[2026-07-16 08:11:05] Dispose: Closing resources
[2026-07-16 08:11:05] Dispose: Closed log file handle
[2026-07-16 08:11:27] SetupLogging: Log file initialized at C:\Users\USG\Downloads\ChequeScannerApp\backend\ScannerApi\bin\Release\net6.0\win-x86\debug.log
[2026-07-16 08:11:27] Constructor: Initial DocType=CHECK
[2026-07-16 08:11:27] GetFirstDevice: Attempt 1, Index 1, MTMICRGetDevice returned 0, DeviceName: STX.STX001
[2026-07-16 08:11:27] GetFirstDevice: Added device: STX.STX001
[2026-07-16 08:11:27] GetFirstDevice: Attempt 1, Index 2, MTMICRGetDevice returned 6, DeviceName: 
[2026-07-16 08:11:27] GetFirstDevice: Attempt 1, Index 3, MTMICRGetDevice returned 6, DeviceName: 
[2026-07-16 08:11:27] GetFirstDevice: Attempt 1, Index 4, MTMICRGetDevice returned 6, DeviceName: 
[2026-07-16 08:11:27] GetFirstDevice: Attempt 1, Index 5, MTMICRGetDevice returned 6, DeviceName: 
[2026-07-16 08:11:27] GetFirstDevice: Attempt 1, Index 6, MTMICRGetDevice returned 6, DeviceName: 
[2026-07-16 08:11:27] GetFirstDevice: Attempt 1, Index 7, MTMICRGetDevice returned 6, DeviceName: 
[2026-07-16 08:11:27] GetFirstDevice: Attempt 1, Index 8, MTMICRGetDevice returned 6, DeviceName: 
[2026-07-16 08:11:27] GetFirstDevice: Attempt 1, Index 9, MTMICRGetDevice returned 6, DeviceName: 
[2026-07-16 08:11:27] GetFirstDevice: Attempt 1, Index 10, MTMICRGetDevice returned 6, DeviceName: 
[2026-07-16 08:11:27] GetFirstDevice: Attempt 1, Index 11, MTMICRGetDevice returned 6, DeviceName: 
[2026-07-16 08:11:27] GetFirstDevice: Attempt 1, Index 12, MTMICRGetDevice returned 6, DeviceName: 
[2026-07-16 08:11:27] GetFirstDevice: Attempt 1, Index 13, MTMICRGetDevice returned 6, DeviceName: 
[2026-07-16 08:11:27] GetFirstDevice: Attempt 1, Index 14, MTMICRGetDevice returned 6, DeviceName: 
[2026-07-16 08:11:27] GetFirstDevice: Attempt 1, Index 15, MTMICRGetDevice returned 6, DeviceName: 
[2026-07-16 08:11:27] GetFirstDevice: Attempt 1, Index 16, MTMICRGetDevice returned 6, DeviceName: 
[2026-07-16 08:11:27] GetFirstDevice: Attempt 1, Index 17, MTMICRGetDevice returned 6, DeviceName: 
[2026-07-16 08:11:27] GetFirstDevice: Attempt 1, Index 18, MTMICRGetDevice returned 6, DeviceName: 
[2026-07-16 08:11:27] GetFirstDevice: Attempt 1, Index 19, MTMICRGetDevice returned 6, DeviceName: 
[2026-07-16 08:11:27] GetFirstDevice: Attempt 1, Index 20, MTMICRGetDevice returned 6, DeviceName: 
[2026-07-16 08:11:27] GetFirstDevice: Selected device: STX.STX001 on attempt 1, DocType=CHECK
[2026-07-16 08:11:27] GetDeviceStatus: Found device: STX.STX001, Current DocType=CHECK
[2026-07-16 08:11:27] GetDeviceStatus: MTMICROpenDevice returned 25
[2026-07-16 08:11:27] GetDeviceStatus: Retried MTMICRCloseDevice
[2026-07-16 08:11:27] GetDeviceStatus: Retry MTMICROpenDevice returned 25
[2026-07-16 08:11:27] Dispose: Closing resources
[2026-07-16 08:11:27] Dispose: Closed log file handle
onstructor: Initial DocType=CHECK
[2026-07-16 08:11:27] GetFirstDevice: Attempt 1, Index 1, MTMICRGetDevice returned 0, DeviceName: STX.STX001
[2026-07-16 08:11:27] GetFirstDevice: Added device: STX.STX001
[2026-07-16 08:11:27] GetFirstDevice: Attempt 1, Index 2, MTMICRGetDevice returned 6, DeviceName: 
[2026-07-16 08:11:27] GetFirstDevice: Attempt 1, Index 3, MTMICRGetDevice returned 6, DeviceName: 
[2026-07-16 08:11:27] GetFirstDevice: Attempt 1, Index 4, MTMICRGetDevice returned 6, DeviceName: 
[2026-07-16 08:11:27] GetFirstDevice: Attempt 1, Index 5, MTMICRGetDevice returned 6, DeviceName: 
[2026-07-16 08:11:27] GetFirstDevice: Attempt 1, Index 6, MTMICRGetDevice returned 6, DeviceName: 
[2026-07-16 08:11:27] GetFirstDevice: Attempt 1, Index 7, MTMICRGetDevice returned 6, DeviceName: 
[2026-07-16 08:11:27] GetFirstDevice: Attempt 1, Index 8, MTMICRGetDevice returned 6, DeviceName: 
[2026-07-16 08:11:27] GetFirstDevice: Attempt 1, Index 9, MTMICRGetDevice returned 6, DeviceName: 
[2026-07-16 08:11:27] GetFirstDevice: Attempt 1, Index 10, MTMICRGetDevice returned 6, DeviceName: 
[2026-07-16 08:11:27] GetFirstDevice: Attempt 1, Index 11, MTMICRGetDevice returned 6, DeviceName: 
[2026-07-16 08:11:27] GetFirstDevice: Attempt 1, Index 12, MTMICRGetDevice returned 6, DeviceName: 
[2026-07-16 08:11:27] GetFirstDevice: Attempt 1, Index 13, MTMICRGetDevice returned 6, DeviceName: 
[2026-07-16 08:11:27] GetFirstDevice: Attempt 1, Index 14, MTMICRGetDevice returned 6, DeviceName: 
[2026-07-16 08:11:27] GetFirstDevice: Attempt 1, Index 15, MTMICRGetDevice returned 6, DeviceName: 
[2026-07-16 08:11:27] GetFirstDevice: Attempt 1, Index 16, MTMICRGetDevice returned 6, DeviceName: 
[2026-07-16 08:11:27] GetFirstDevice: Attempt 1, Index 17, MTMICRGetDevice returned 6, DeviceName: 
[2026-07-16 08:11:27] GetFirstDevice: Attempt 1, Index 18, MTMICRGetDevice returned 6, DeviceName: 
[2026-07-16 08:11:27] GetFirstDevice: Attempt 1, Index 19, MTMICRGetDevice returned 6, DeviceName: 
[2026-07-16 08:11:27] GetFirstDevice: Attempt 1, Index 20, MTMICRGetDevice returned 6, DeviceName: 
[2026-07-16 08:11:27] GetFirstDevice: Selected device: STX.STX001 on attempt 1, DocType=CHECK
[2026-07-16 08:11:27] GetDeviceStatus: Found device: STX.STX001, Current DocType=CHECK
[2026-07-16 08:11:27] GetDeviceStatus: MTMICROpenDevice returned 25
[2026-07-16 08:11:27] GetDeviceStatus: Retried MTMICRCloseDevice
[2026-07-16 08:11:27] GetDeviceStatus: Retry MTMICROpenDevice returned 25
[2026-07-16 08:11:27] Dispose: Closing resources
[2026-07-16 08:11:27] Dispose: Closed log file handle
[2026-07-16 08:12:27] SetupLogging: Log file initialized at C:\Users\USG\Downloads\ChequeScannerApp\backend\ScannerApi\bin\Release\net6.0\win-x86\debug.log
[2026-07-16 08:12:27] Constructor: Initial DocType=CHECK
[2026-07-16 08:12:27] GetFirstDevice: Attempt 1, Index 1, MTMICRGetDevice returned 0, DeviceName: STX.STX001
[2026-07-16 08:12:27] GetFirstDevice: Added device: STX.STX001
[2026-07-16 08:12:27] GetFirstDevice: Attempt 1, Index 2, MTMICRGetDevice returned 6, DeviceName: 
[2026-07-16 08:12:27] GetFirstDevice: Attempt 1, Index 3, MTMICRGetDevice returned 6, DeviceName: 
[2026-07-16 08:12:27] GetFirstDevice: Attempt 1, Index 4, MTMICRGetDevice returned 6, DeviceName: 
[2026-07-16 08:12:27] GetFirstDevice: Attempt 1, Index 5, MTMICRGetDevice returned 6, DeviceName: 
[2026-07-16 08:12:27] GetFirstDevice: Attempt 1, Index 6, MTMICRGetDevice returned 6, DeviceName: 
[2026-07-16 08:12:27] GetFirstDevice: Attempt 1, Index 7, MTMICRGetDevice returned 6, DeviceName: 
[2026-07-16 08:12:27] GetFirstDevice: Attempt 1, Index 8, MTMICRGetDevice returned 6, DeviceName: 
[2026-07-16 08:12:27] GetFirstDevice: Attempt 1, Index 9, MTMICRGetDevice returned 6, DeviceName: 
[2026-07-16 08:12:27] GetFirstDevice: Attempt 1, Index 10, MTMICRGetDevice returned 6, DeviceName: 
[2026-07-16 08:12:27] GetFirstDevice: Attempt 1, Index 11, MTMICRGetDevice returned 6, DeviceName: 
[2026-07-16 08:12:27] GetFirstDevice: Attempt 1, Index 12, MTMICRGetDevice returned 6, DeviceName: 
[2026-07-16 08:12:27] GetFirstDevice: Attempt 1, Index 13, MTMICRGetDevice returned 6, DeviceName: 
[2026-07-16 08:12:27] GetFirstDevice: Attempt 1, Index 14, MTMICRGetDevice returned 6, DeviceName: 
[2026-07-16 08:12:27] GetFirstDevice: Attempt 1, Index 15, MTMICRGetDevice returned 6, DeviceName: 
[2026-07-16 08:12:27] GetFirstDevice: Attempt 1, Index 16, MTMICRGetDevice returned 6, DeviceName: 
[2026-07-16 08:12:27] GetFirstDevice: Attempt 1, Index 17, MTMICRGetDevice returned 6, DeviceName: 
[2026-07-16 08:12:27] GetFirstDevice: Attempt 1, Index 18, MTMICRGetDevice returned 6, DeviceName: 
[2026-07-16 08:12:27] GetFirstDevice: Attempt 1, Index 19, MTMICRGetDevice returned 6, DeviceName: 
[2026-07-16 08:12:27] GetFirstDevice: Attempt 1, Index 20, MTMICRGetDevice returned 6, DeviceName: 
[2026-07-16 08:12:27] GetFirstDevice: Selected device: STX.STX001 on attempt 1, DocType=CHECK
[2026-07-16 08:12:27] GetDeviceStatus: Found device: STX.STX001, Current DocType=CHECK
[2026-07-16 08:12:27] GetDeviceStatus: MTMICROpenDevice returned 25
[2026-07-16 08:12:27] GetDeviceStatus: Retried MTMICRCloseDevice
[2026-07-16 08:12:27] GetDeviceStatus: Retry MTMICROpenDevice returned 25
[2026-07-16 08:12:27] Dispose: Closing resources
[2026-07-16 08:12:27] Dispose: Closed log file handle
X.STX001
[2026-07-16 08:12:27] GetFirstDevice: Added device: STX.STX001
[2026-07-16 08:12:27] GetFirstDevice: Attempt 1, Index 2, MTMICRGetDevice returned 6, DeviceName: 
[2026-07-16 08:12:27] GetFirstDevice: Attempt 1, Index 3, MTMICRGetDevice returned 6, DeviceName: 
[2026-07-16 08:12:27] GetFirstDevice: Attempt 1, Index 4, MTMICRGetDevice returned 6, DeviceName: 
[2026-07-16 08:12:27] GetFirstDevice: Attempt 1, Index 5, MTMICRGetDevice returned 6, DeviceName: 
[2026-07-16 08:12:27] GetFirstDevice: Attempt 1, Index 6, MTMICRGetDevice returned 6, DeviceName: 
[2026-07-16 08:12:27] GetFirstDevice: Attempt 1, Index 7, MTMICRGetDevice returned 6, DeviceName: 
[2026-07-16 08:12:27] GetFirstDevice: Attempt 1, Index 8, MTMICRGetDevice returned 6, DeviceName: 
[2026-07-16 08:12:27] GetFirstDevice: Attempt 1, Index 9, MTMICRGetDevice returned 6, DeviceName: 
[2026-07-16 08:12:27] GetFirstDevice: Attempt 1, Index 10, MTMICRGetDevice returned 6, DeviceName: 
[2026-07-16 08:12:27] GetFirstDevice: Attempt 1, Index 11, MTMICRGetDevice returned 6, DeviceName: 
[2026-07-16 08:12:27] GetFirstDevice: Attempt 1, Index 12, MTMICRGetDevice returned 6, DeviceName: 
[2026-07-16 08:12:27] GetFirstDevice: Attempt 1, Index 13, MTMICRGetDevice returned 6, DeviceName: 
[2026-07-16 08:12:27] GetFirstDevice: Attempt 1, Index 14, MTMICRGetDevice returned 6, DeviceName: 
[2026-07-16 08:12:27] GetFirstDevice: Attempt 1, Index 15, MTMICRGetDevice returned 6, DeviceName: 
[2026-07-16 08:12:27] GetFirstDevice: Attempt 1, Index 16, MTMICRGetDevice returned 6, DeviceName: 
[2026-07-16 08:12:27] GetFirstDevice: Attempt 1, Index 17, MTMICRGetDevice returned 6, DeviceName: 
[2026-07-16 08:12:27] GetFirstDevice: Attempt 1, Index 18, MTMICRGetDevice returned 6, DeviceName: 
[2026-07-16 08:12:27] GetFirstDevice: Attempt 1, Index 19, MTMICRGetDevice returned 6, DeviceName: 
[2026-07-16 08:12:27] GetFirstDevice: Attempt 1, Index 20, MTMICRGetDevice returned 6, DeviceName: 
[2026-07-16 08:12:27] GetFirstDevice: Selected device: STX.STX001 on attempt 1, DocType=CHECK
[2026-07-16 08:12:27] GetDeviceStatus: Found device: STX.STX001, Current DocType=CHECK
[2026-07-16 08:12:27] GetDeviceStatus: MTMICROpenDevice returned 25
[2026-07-16 08:12:27] GetDeviceStatus: Retried MTMICRCloseDevice
[2026-07-16 08:12:27] GetDeviceStatus: Retry MTMICROpenDevice returned 25
[2026-07-16 08:12:27] Dispose: Closing resources
[2026-07-16 08:12:27] Dispose: Closed log file handle
[2026-07-16 08:13:27] SetupLogging: Log file initialized at C:\Users\USG\Downloads\ChequeScannerApp\backend\ScannerApi\bin\Release\net6.0\win-x86\debug.log
[2026-07-16 08:13:27] Constructor: Initial DocType=CHECK
[2026-07-16 08:13:27] GetFirstDevice: Attempt 1, Index 1, MTMICRGetDevice returned 0, DeviceName: STX.STX001
[2026-07-16 08:13:27] GetFirstDevice: Added device: STX.STX001
[2026-07-16 08:13:27] GetFirstDevice: Attempt 1, Index 2, MTMICRGetDevice returned 6, DeviceName: 
[2026-07-16 08:13:27] GetFirstDevice: Attempt 1, Index 3, MTMICRGetDevice returned 6, DeviceName: 
[2026-07-16 08:13:27] GetFirstDevice: Attempt 1, Index 4, MTMICRGetDevice returned 6, DeviceName: 
[2026-07-16 08:13:27] GetFirstDevice: Attempt 1, Index 5, MTMICRGetDevice returned 6, DeviceName: 
[2026-07-16 08:13:27] GetFirstDevice: Attempt 1, Index 6, MTMICRGetDevice returned 6, DeviceName: 
[2026-07-16 08:13:27] GetFirstDevice: Attempt 1, Index 7, MTMICRGetDevice returned 6, DeviceName: 
[2026-07-16 08:13:27] GetFirstDevice: Attempt 1, Index 8, MTMICRGetDevice returned 6, DeviceName: 
[2026-07-16 08:13:27] GetFirstDevice: Attempt 1, Index 9, MTMICRGetDevice returned 6, DeviceName: 
[2026-07-16 08:13:27] GetFirstDevice: Attempt 1, Index 10, MTMICRGetDevice returned 6, DeviceName: 
[2026-07-16 08:13:27] GetFirstDevice: Attempt 1, Index 11, MTMICRGetDevice returned 6, DeviceName: 
[2026-07-16 08:13:27] GetFirstDevice: Attempt 1, Index 12, MTMICRGetDevice returned 6, DeviceName: 
[2026-07-16 08:13:27] GetFirstDevice: Attempt 1, Index 13, MTMICRGetDevice returned 6, DeviceName: 
[2026-07-16 08:13:27] GetFirstDevice: Attempt 1, Index 14, MTMICRGetDevice returned 6, DeviceName: 
[2026-07-16 08:13:27] GetFirstDevice: Attempt 1, Index 15, MTMICRGetDevice returned 6, DeviceName: 
[2026-07-16 08:13:27] GetFirstDevice: Attempt 1, Index 16, MTMICRGetDevice returned 6, DeviceName: 
[2026-07-16 08:13:27] GetFirstDevice: Attempt 1, Index 17, MTMICRGetDevice returned 6, DeviceName: 
[2026-07-16 08:13:27] GetFirstDevice: Attempt 1, Index 18, MTMICRGetDevice returned 6, DeviceName: 
[2026-07-16 08:13:27] GetFirstDevice: Attempt 1, Index 19, MTMICRGetDevice returned 6, DeviceName: 
[2026-07-16 08:13:27] GetFirstDevice: Attempt 1, Index 20, MTMICRGetDevice returned 6, DeviceName: 
[2026-07-16 08:13:27] GetFirstDevice: Selected device: STX.STX001 on attempt 1, DocType=CHECK
[2026-07-16 08:13:27] GetDeviceStatus: Found device: STX.STX001, Current DocType=CHECK
[2026-07-16 08:13:27] GetDeviceStatus: MTMICROpenDevice returned 25
[2026-07-16 08:13:27] GetDeviceStatus: Retried MTMICRCloseDevice
[2026-07-16 08:13:27] GetDeviceStatus: Retry MTMICROpenDevice returned 25
[2026-07-16 08:13:27] Dispose: Closing resources
[2026-07-16 08:13:27] Dispose: Closed log file handle
nd\ScannerApi\bin\Release\net6.0\win-x86\debug.log
[2026-07-16 08:13:27] Constructor: Initial DocType=CHECK
[2026-07-16 08:13:27] GetFirstDevice: Attempt 1, Index 1, MTMICRGetDevice returned 0, DeviceName: STX.STX001
[2026-07-16 08:13:27] GetFirstDevice: Added device: STX.STX001
[2026-07-16 08:13:27] GetFirstDevice: Attempt 1, Index 2, MTMICRGetDevice returned 6, DeviceName: 
[2026-07-16 08:13:27] GetFirstDevice: Attempt 1, Index 3, MTMICRGetDevice returned 6, DeviceName: 
[2026-07-16 08:13:27] GetFirstDevice: Attempt 1, Index 4, MTMICRGetDevice returned 6, DeviceName: 
[2026-07-16 08:13:27] GetFirstDevice: Attempt 1, Index 5, MTMICRGetDevice returned 6, DeviceName: 
[2026-07-16 08:13:27] GetFirstDevice: Attempt 1, Index 6, MTMICRGetDevice returned 6, DeviceName: 
[2026-07-16 08:13:27] GetFirstDevice: Attempt 1, Index 7, MTMICRGetDevice returned 6, DeviceName: 
[2026-07-16 08:13:27] GetFirstDevice: Attempt 1, Index 8, MTMICRGetDevice returned 6, DeviceName: 
[2026-07-16 08:13:27] GetFirstDevice: Attempt 1, Index 9, MTMICRGetDevice returned 6, DeviceName: 
[2026-07-16 08:13:27] GetFirstDevice: Attempt 1, Index 10, MTMICRGetDevice returned 6, DeviceName: 
[2026-07-16 08:13:27] GetFirstDevice: Attempt 1, Index 11, MTMICRGetDevice returned 6, DeviceName: 
[2026-07-16 08:13:27] GetFirstDevice: Attempt 1, Index 12, MTMICRGetDevice returned 6, DeviceName: 
[2026-07-16 08:13:27] GetFirstDevice: Attempt 1, Index 13, MTMICRGetDevice returned 6, DeviceName: 
[2026-07-16 08:13:27] GetFirstDevice: Attempt 1, Index 14, MTMICRGetDevice returned 6, DeviceName: 
[2026-07-16 08:13:27] GetFirstDevice: Attempt 1, Index 15, MTMICRGetDevice returned 6, DeviceName: 
[2026-07-16 08:13:27] GetFirstDevice: Attempt 1, Index 16, MTMICRGetDevice returned 6, DeviceName: 
[2026-07-16 08:13:27] GetFirstDevice: Attempt 1, Index 17, MTMICRGetDevice returned 6, DeviceName: 
[2026-07-16 08:13:27] GetFirstDevice: Attempt 1, Index 18, MTMICRGetDevice returned 6, DeviceName: 
[2026-07-16 08:13:27] GetFirstDevice: Attempt 1, Index 19, MTMICRGetDevice returned 6, DeviceName: 
[2026-07-16 08:13:27] GetFirstDevice: Attempt 1, Index 20, MTMICRGetDevice returned 6, DeviceName: 
[2026-07-16 08:13:27] GetFirstDevice: Selected device: STX.STX001 on attempt 1, DocType=CHECK
[2026-07-16 08:13:27] GetDeviceStatus: Found device: STX.STX001, Current DocType=CHECK
[2026-07-16 08:13:27] GetDeviceStatus: MTMICROpenDevice returned 25
[2026-07-16 08:13:27] GetDeviceStatus: Retried MTMICRCloseDevice
[2026-07-16 08:13:27] GetDeviceStatus: Retry MTMICROpenDevice returned 25
[2026-07-16 08:13:27] Dispose: Closing resources
[2026-07-16 08:13:27] Dispose: Closed log file handle
[2026-07-16 08:14:27] SetupLogging: Log file initialized at C:\Users\USG\Downloads\ChequeScannerApp\backend\ScannerApi\bin\Release\net6.0\win-x86\debug.log
[2026-07-16 08:14:27] Constructor: Initial DocType=CHECK
[2026-07-16 08:14:27] GetFirstDevice: Attempt 1, Index 1, MTMICRGetDevice returned 0, DeviceName: STX.STX001
[2026-07-16 08:14:27] GetFirstDevice: Added device: STX.STX001
[2026-07-16 08:14:27] GetFirstDevice: Attempt 1, Index 2, MTMICRGetDevice returned 6, DeviceName: 
[2026-07-16 08:14:27] GetFirstDevice: Attempt 1, Index 3, MTMICRGetDevice returned 6, DeviceName: 
[2026-07-16 08:14:27] GetFirstDevice: Attempt 1, Index 4, MTMICRGetDevice returned 6, DeviceName: 
[2026-07-16 08:14:27] GetFirstDevice: Attempt 1, Index 5, MTMICRGetDevice returned 6, DeviceName: 
[2026-07-16 08:14:27] GetFirstDevice: Attempt 1, Index 6, MTMICRGetDevice returned 6, DeviceName: 
[2026-07-16 08:14:27] GetFirstDevice: Attempt 1, Index 7, MTMICRGetDevice returned 6, DeviceName: 
[2026-07-16 08:14:27] GetFirstDevice: Attempt 1, Index 8, MTMICRGetDevice returned 6, DeviceName: 
[2026-07-16 08:14:27] GetFirstDevice: Attempt 1, Index 9, MTMICRGetDevice returned 6, DeviceName: 
[2026-07-16 08:14:27] GetFirstDevice: Attempt 1, Index 10, MTMICRGetDevice returned 6, DeviceName: 
[2026-07-16 08:14:27] GetFirstDevice: Attempt 1, Index 11, MTMICRGetDevice returned 6, DeviceName: 
[2026-07-16 08:14:27] GetFirstDevice: Attempt 1, Index 12, MTMICRGetDevice returned 6, DeviceName: 
[2026-07-16 08:14:27] GetFirstDevice: Attempt 1, Index 13, MTMICRGetDevice returned 6, DeviceName: 
[2026-07-16 08:14:27] GetFirstDevice: Attempt 1, Index 14, MTMICRGetDevice returned 6, DeviceName: 
[2026-07-16 08:14:27] GetFirstDevice: Attempt 1, Index 15, MTMICRGetDevice returned 6, DeviceName: 
[2026-07-16 08:14:27] GetFirstDevice: Attempt 1, Index 16, MTMICRGetDevice returned 6, DeviceName: 
[2026-07-16 08:14:27] GetFirstDevice: Attempt 1, Index 17, MTMICRGetDevice returned 6, DeviceName: 
[2026-07-16 08:14:27] GetFirstDevice: Attempt 1, Index 18, MTMICRGetDevice returned 6, DeviceName: 
[2026-07-16 08:14:27] GetFirstDevice: Attempt 1, Index 19, MTMICRGetDevice returned 6, DeviceName: 
[2026-07-16 08:14:27] GetFirstDevice: Attempt 1, Index 20, MTMICRGetDevice returned 6, DeviceName: 
[2026-07-16 08:14:27] GetFirstDevice: Selected device: STX.STX001 on attempt 1, DocType=CHECK
[2026-07-16 08:14:27] GetDeviceStatus: Found device: STX.STX001, Current DocType=CHECK
[2026-07-16 08:14:27] GetDeviceStatus: MTMICROpenDevice returned 25
[2026-07-16 08:14:27] GetDeviceStatus: Retried MTMICRCloseDevice
[2026-07-16 08:14:27] GetDeviceStatus: Retry MTMICROpenDevice returned 25
[2026-07-16 08:14:27] Dispose: Closing resources
[2026-07-16 08:14:27] Dispose: Closed log file handle
[2026-07-16 08:14:27] SetupLogging: Log file initialized at C:\Users\USG\Downloads\ChequeScannerApp\backend\ScannerApi\bin\Release\net6.0\win-x86\debug.log
[2026-07-16 08:14:27] Constructor: Initial DocType=CHECK
[2026-07-16 08:14:27] GetFirstDevice: Attempt 1, Index 1, MTMICRGetDevice returned 0, DeviceName: STX.STX001
[2026-07-16 08:14:27] GetFirstDevice: Added device: STX.STX001
[2026-07-16 08:14:27] GetFirstDevice: Attempt 1, Index 2, MTMICRGetDevice returned 6, DeviceName: 
[2026-07-16 08:14:27] GetFirstDevice: Attempt 1, Index 3, MTMICRGetDevice returned 6, DeviceName: 
[2026-07-16 08:14:27] GetFirstDevice: Attempt 1, Index 4, MTMICRGetDevice returned 6, DeviceName: 
[2026-07-16 08:14:27] GetFirstDevice: Attempt 1, Index 5, MTMICRGetDevice returned 6, DeviceName: 
[2026-07-16 08:14:27] GetFirstDevice: Attempt 1, Index 6, MTMICRGetDevice returned 6, DeviceName: 
[2026-07-16 08:14:27] GetFirstDevice: Attempt 1, Index 7, MTMICRGetDevice returned 6, DeviceName: 
[2026-07-16 08:14:27] GetFirstDevice: Attempt 1, Index 8, MTMICRGetDevice returned 6, DeviceName: 
[2026-07-16 08:14:27] GetFirstDevice: Attempt 1, Index 9, MTMICRGetDevice returned 6, DeviceName: 
[2026-07-16 08:14:27] GetFirstDevice: Attempt 1, Index 10, MTMICRGetDevice returned 6, DeviceName: 
[2026-07-16 08:14:27] GetFirstDevice: Attempt 1, Index 11, MTMICRGetDevice returned 6, DeviceName: 
[2026-07-16 08:14:27] GetFirstDevice: Attempt 1, Index 12, MTMICRGetDevice returned 6, DeviceName: 
[2026-07-16 08:14:27] GetFirstDevice: Attempt 1, Index 13, MTMICRGetDevice returned 6, DeviceName: 
[2026-07-16 08:14:27] GetFirstDevice: Attempt 1, Index 14, MTMICRGetDevice returned 6, DeviceName: 
[2026-07-16 08:14:27] GetFirstDevice: Attempt 1, Index 15, MTMICRGetDevice returned 6, DeviceName: 
[2026-07-16 08:14:27] GetFirstDevice: Attempt 1, Index 16, MTMICRGetDevice returned 6, DeviceName: 
[2026-07-16 08:14:27] GetFirstDevice: Attempt 1, Index 17, MTMICRGetDevice returned 6, DeviceName: 
[2026-07-16 08:14:27] GetFirstDevice: Attempt 1, Index 18, MTMICRGetDevice returned 6, DeviceName: 
[2026-07-16 08:14:27] GetFirstDevice: Attempt 1, Index 19, MTMICRGetDevice returned 6, DeviceName: 
[2026-07-16 08:14:27] GetFirstDevice: Attempt 1, Index 20, MTMICRGetDevice returned 6, DeviceName: 
[2026-07-16 08:14:27] GetFirstDevice: Selected device: STX.STX001 on attempt 1, DocType=CHECK
[2026-07-16 08:14:27] GetDeviceStatus: Found device: STX.STX001, Current DocType=CHECK
[2026-07-16 08:14:27] GetDeviceStatus: MTMICROpenDevice returned 25
[2026-07-16 08:14:27] GetDeviceStatus: Retried MTMICRCloseDevice
[2026-07-16 08:14:27] GetDeviceStatus: Retry MTMICROpenDevice returned 25
[2026-07-16 08:14:27] Dispose: Closing resources
[2026-07-16 08:14:27] Dispose: Closed log file handle
[2026-07-16 08:14:39] SetupLogging: Log file initialized at C:\Users\USG\Downloads\ChequeScannerApp\backend\ScannerApi\bin\Release\net6.0\win-x86\debug.log
[2026-07-16 08:14:39] Constructor: Initial DocType=CHECK
[2026-07-16 08:14:39] GetFirstDevice: Attempt 1, Index 1, MTMICRGetDevice returned 0, DeviceName: STX.STX001
[2026-07-16 08:14:39] GetFirstDevice: Added device: STX.STX001
[2026-07-16 08:14:39] GetFirstDevice: Attempt 1, Index 2, MTMICRGetDevice returned 6, DeviceName: 
[2026-07-16 08:14:39] GetFirstDevice: Attempt 1, Index 3, MTMICRGetDevice returned 6, DeviceName: 
[2026-07-16 08:14:39] GetFirstDevice: Attempt 1, Index 4, MTMICRGetDevice returned 6, DeviceName: 
[2026-07-16 08:14:39] GetFirstDevice: Attempt 1, Index 5, MTMICRGetDevice returned 6, DeviceName: 
[2026-07-16 08:14:39] GetFirstDevice: Attempt 1, Index 6, MTMICRGetDevice returned 6, DeviceName: 
[2026-07-16 08:14:39] GetFirstDevice: Attempt 1, Index 7, MTMICRGetDevice returned 6, DeviceName: 
[2026-07-16 08:14:39] GetFirstDevice: Attempt 1, Index 8, MTMICRGetDevice returned 6, DeviceName: 
[2026-07-16 08:14:39] GetFirstDevice: Attempt 1, Index 9, MTMICRGetDevice returned 6, DeviceName: 
[2026-07-16 08:14:39] GetFirstDevice: Attempt 1, Index 10, MTMICRGetDevice returned 6, DeviceName: 
[2026-07-16 08:14:39] GetFirstDevice: Attempt 1, Index 11, MTMICRGetDevice returned 6, DeviceName: 
[2026-07-16 08:14:39] GetFirstDevice: Attempt 1, Index 12, MTMICRGetDevice returned 6, DeviceName: 
[2026-07-16 08:14:39] GetFirstDevice: Attempt 1, Index 13, MTMICRGetDevice returned 6, DeviceName: 
[2026-07-16 08:14:39] GetFirstDevice: Attempt 1, Index 14, MTMICRGetDevice returned 6, DeviceName: 
[2026-07-16 08:14:39] GetFirstDevice: Attempt 1, Index 15, MTMICRGetDevice returned 6, DeviceName: 
[2026-07-16 08:14:39] GetFirstDevice: Attempt 1, Index 16, MTMICRGetDevice returned 6, DeviceName: 
[2026-07-16 08:14:39] GetFirstDevice: Attempt 1, Index 17, MTMICRGetDevice returned 6, DeviceName: 
[2026-07-16 08:14:39] GetFirstDevice: Attempt 1, Index 18, MTMICRGetDevice returned 6, DeviceName: 
[2026-07-16 08:14:39] GetFirstDevice: Attempt 1, Index 19, MTMICRGetDevice returned 6, DeviceName: 
[2026-07-16 08:14:39] GetFirstDevice: Attempt 1, Index 20, MTMICRGetDevice returned 6, DeviceName: 
[2026-07-16 08:14:39] GetFirstDevice: Selected device: STX.STX001 on attempt 1, DocType=CHECK
[2026-07-16 08:14:39] GetDeviceStatus: Found device: STX.STX001, Current DocType=CHECK
[2026-07-16 08:14:39] GetDeviceStatus: MTMICROpenDevice returned 25
[2026-07-16 08:14:39] GetDeviceStatus: Retried MTMICRCloseDevice
[2026-07-16 08:14:39] GetDeviceStatus: Retry MTMICROpenDevice returned 25
[2026-07-16 08:14:39] Dispose: Closing resources
[2026-07-16 08:14:39] Dispose: Closed log file handle
[2026-07-16 08:14:40] SetupLogging: Log file initialized at C:\Users\USG\Downloads\ChequeScannerApp\backend\ScannerApi\bin\Release\net6.0\win-x86\debug.log
[2026-07-16 08:14:40] Constructor: Initial DocType=CHECK
[2026-07-16 08:14:40] GetDeviceList: Attempt 1, Index 1, MTMICRGetDevice returned 0, DeviceName: STX.STX001
[2026-07-16 08:14:40] GetDeviceList: Added device: STX.STX001
[2026-07-16 08:14:40] GetDeviceList: Attempt 1, Index 2, MTMICRGetDevice returned 6, DeviceName: 
[2026-07-16 08:14:40] GetDeviceList: Attempt 1, Index 3, MTMICRGetDevice returned 6, DeviceName: 
[2026-07-16 08:14:40] GetDeviceList: Attempt 1, Index 4, MTMICRGetDevice returned 6, DeviceName: 
[2026-07-16 08:14:40] GetDeviceList: Attempt 1, Index 5, MTMICRGetDevice returned 6, DeviceName: 
[2026-07-16 08:14:40] GetDeviceList: Attempt 1, Index 6, MTMICRGetDevice returned 6, DeviceName: 
[2026-07-16 08:14:40] GetDeviceList: Attempt 1, Index 7, MTMICRGetDevice returned 6, DeviceName: 
[2026-07-16 08:14:40] GetDeviceList: Attempt 1, Index 8, MTMICRGetDevice returned 6, DeviceName: 
[2026-07-16 08:14:40] GetDeviceList: Attempt 1, Index 9, MTMICRGetDevice returned 6, DeviceName: 
[2026-07-16 08:14:40] GetDeviceList: Attempt 1, Index 10, MTMICRGetDevice returned 6, DeviceName: 
[2026-07-16 08:14:40] GetDeviceList: Attempt 1, Index 11, MTMICRGetDevice returned 6, DeviceName: 
[2026-07-16 08:14:40] GetDeviceList: Attempt 1, Index 12, MTMICRGetDevice returned 6, DeviceName: 
[2026-07-16 08:14:40] GetDeviceList: Attempt 1, Index 13, MTMICRGetDevice returned 6, DeviceName: 
[2026-07-16 08:14:40] GetDeviceList: Attempt 1, Index 14, MTMICRGetDevice returned 6, DeviceName: 
[2026-07-16 08:14:40] GetDeviceList: Attempt 1, Index 15, MTMICRGetDevice returned 6, DeviceName: 
[2026-07-16 08:14:40] GetDeviceList: Attempt 1, Index 16, MTMICRGetDevice returned 6, DeviceName: 
[2026-07-16 08:14:40] GetDeviceList: Attempt 1, Index 17, MTMICRGetDevice returned 6, DeviceName: 
[2026-07-16 08:14:40] GetDeviceList: Attempt 1, Index 18, MTMICRGetDevice returned 6, DeviceName: 
[2026-07-16 08:14:40] GetDeviceList: Attempt 1, Index 19, MTMICRGetDevice returned 6, DeviceName: 
[2026-07-16 08:14:40] GetDeviceList: Attempt 1, Index 20, MTMICRGetDevice returned 6, DeviceName: 
[2026-07-16 08:14:40] GetDeviceList: Found 1 devices on attempt 1: STX.STX001
[2026-07-16 08:14:40] GetDeviceList: Final list: STX.STX001
[2026-07-16 08:14:40] Dispose: Closing resources
[2026-07-16 08:14:40] Dispose: Closed log file handle
[2026-07-16 08:14:40] SetupLogging: Log file initialized at C:\Users\USG\Downloads\ChequeScannerApp\backend\ScannerApi\bin\Release\net6.0\win-x86\debug.log
[2026-07-16 08:14:40] Constructor: Initial DocType=CHECK
[2026-07-16 08:14:40] ConnectSpecificDevice: MTMICROpenDevice for STX.STX001 returned 0
[2026-07-16 08:14:40] ConnectSpecificDevice: Device opened successfully: STX.STX001, DocType=CHECK
[2026-07-16 08:14:40] Dispose: Closing resources
[2026-07-16 08:14:40] Dispose: Closed log file handle
[2026-07-16 08:14:40] Dispose: Closed device connection
[2026-07-16 08:14:43] SetupLogging: Log file initialized at C:\Users\USG\Downloads\ChequeScannerApp\backend\ScannerApi\bin\Release\net6.0\win-x86\debug.log
[2026-07-16 08:14:43] Constructor: Initial DocType=CHECK
[2026-07-16 08:14:43] SetDocType: Document type set to CHECK
[2026-07-16 08:14:43] Dispose: Closing resources
[2026-07-16 08:14:43] Dispose: Closed log file handle
[2026-07-16 08:14:43] SetupLogging: Log file initialized at C:\Users\USG\Downloads\ChequeScannerApp\backend\ScannerApi\bin\Release\net6.0\win-x86\debug.log
[2026-07-16 08:14:43] Constructor: Initial DocType=CHECK
[2026-07-16 08:14:43] ScanVoucher: Starting scan with DocType=CHECK, Device=STX.STX001
[2026-07-16 08:14:43] GetFirstDevice: Attempt 1, Index 1, MTMICRGetDevice returned 0, DeviceName: STX.STX001
[2026-07-16 08:14:43] GetFirstDevice: Added device: STX.STX001
[2026-07-16 08:14:43] GetFirstDevice: Attempt 1, Index 2, MTMICRGetDevice returned 6, DeviceName: 
[2026-07-16 08:14:43] GetFirstDevice: Attempt 1, Index 3, MTMICRGetDevice returned 6, DeviceName: 
[2026-07-16 08:14:43] GetFirstDevice: Attempt 1, Index 4, MTMICRGetDevice returned 6, DeviceName: 
[2026-07-16 08:14:43] GetFirstDevice: Attempt 1, Index 5, MTMICRGetDevice returned 6, DeviceName: 
[2026-07-16 08:14:43] GetFirstDevice: Attempt 1, Index 6, MTMICRGetDevice returned 6, DeviceName: 
[2026-07-16 08:14:43] GetFirstDevice: Attempt 1, Index 7, MTMICRGetDevice returned 6, DeviceName: 
[2026-07-16 08:14:43] GetFirstDevice: Attempt 1, Index 8, MTMICRGetDevice returned 6, DeviceName: 
[2026-07-16 08:14:43] GetFirstDevice: Attempt 1, Index 9, MTMICRGetDevice returned 6, DeviceName: 
[2026-07-16 08:14:43] GetFirstDevice: Attempt 1, Index 10, MTMICRGetDevice returned 6, DeviceName: 
[2026-07-16 08:14:43] GetFirstDevice: Attempt 1, Index 11, MTMICRGetDevice returned 6, DeviceName: 
[2026-07-16 08:14:43] GetFirstDevice: Attempt 1, Index 12, MTMICRGetDevice returned 6, DeviceName: 
[2026-07-16 08:14:43] GetFirstDevice: Attempt 1, Index 13, MTMICRGetDevice returned 6, DeviceName: 
[2026-07-16 08:14:43] GetFirstDevice: Attempt 1, Index 14, MTMICRGetDevice returned 6, DeviceName: 
[2026-07-16 08:14:43] GetFirstDevice: Attempt 1, Index 15, MTMICRGetDevice returned 6, DeviceName: 
[2026-07-16 08:14:43] GetFirstDevice: Attempt 1, Index 16, MTMICRGetDevice returned 6, DeviceName: 
[2026-07-16 08:14:43] GetFirstDevice: Attempt 1, Index 17, MTMICRGetDevice returned 6, DeviceName: 
[2026-07-16 08:14:43] GetFirstDevice: Attempt 1, Index 18, MTMICRGetDevice returned 6, DeviceName: 
[2026-07-16 08:14:43] GetFirstDevice: Attempt 1, Index 19, MTMICRGetDevice returned 6, DeviceName: 
[2026-07-16 08:14:43] GetFirstDevice: Attempt 1, Index 20, MTMICRGetDevice returned 6, DeviceName: 
[2026-07-16 08:14:43] GetFirstDevice: Selected device: STX.STX001 on attempt 1, DocType=CHECK
[2026-07-16 08:14:45] ScanVoucher: MTMICROpenDevice returned 0
[2026-07-16 08:14:45] ScanVoucher: Device opened successfully: STX.STX001, DocType=CHECK
[2026-07-16 08:14:45] ScanVoucher: Closed device STX.STX001 for reset
[2026-07-16 08:14:45] ScanVoucher: Reopened device STX.STX001, returned 0
[2026-07-16 08:14:45] SetupOptions: Options set for CHECK: <?xml version="1.0"?>
<DeviceSettings><Application><Transfer>HTTP</Transfer><DocUnits>ENGLISH</DocUnits></Application><ProcessOptions><DocFeedTimeout>10000</DocFeedTimeout><DocFeed>MANUAL</DocFeed><ReadMICR>E13B</ReadMICR><MICRFmt>6200</MICRFmt></ProcessOptions><ImageOptions><Number>2</Number><ImageSide1>FRONT</ImageSide1><ImageSide2>BACK</ImageSide2><ImageColor1>COL24</ImageColor1><ImageColor2>COL24</ImageColor2><Resolution1>100x100</Resolution1><Resolution2>100x100</Resolution2><Compression1>JPEG</Compression1><Compression2>JPEG</Compression2><FileType1>JPG</FileType1><FileType2>JPG</FileType2></ImageOptions></DeviceSettings>

[2026-07-16 08:14:45] ScanVoucher: Attempt 1 calling MTMICRProcessCheck with Options=<?xml version="1.0"?>
<DeviceSettings><Application><Transfer>HTTP</Transfer><DocUnits>ENGLISH</DocUnits></Application><ProcessOptions><DocFeedTimeout>10000</DocFeedTimeout><DocFeed>MANUAL</DocFeed><ReadMICR>E13B</ReadMICR><MICRFmt>6200</MICRFmt></ProcessOptions><ImageOptions><Number>2</Number><ImageSide1>FRONT</ImageSide1><ImageSide2>BACK</ImageSide2><ImageColor1>COL24</ImageColor1><ImageColor2>COL24</ImageColor2><Resolution1>100x100</Resolution1><Resolution2>100x100</Resolution2><Compression1>JPEG</Compression1><Compression2>JPEG</Compression2><FileType1>JPG</FileType1><FileType2>JPG</FileType2></ImageOptions></DeviceSettings>

[2026-07-16 08:14:50] ScanVoucher: Attempt 1 MTMICRProcessCheck returned 0, ResponseLength=4096, DocInfo=<?xml version="1.0" encoding="utf-8"?><DeviceInformation>
<CommandStatus>
<BadData>NONE</BadData>
<CheckDS>F</CheckDS>
<KVErrCnt>1</KVErrCnt>
<KVErrCode1>154</KVErrCode1>
<KVErrVal1>MICRFmt</KVErrVal1>
<ResponseType>CHECK</ResponseType>
<ReturnCode>0</ReturnCode>
<ReturnMsg>OK</ReturnMsg>
</CommandStatus>
<DeviceStatus>
<AccessGuide>LATCHED</AccessGuide>
<AutoFeeder>NOTSUP</AutoFeeder>
<FrontInk>OK</FrontInk>
<FrontPrinter>PRESENT</FrontPrinter>
<IDFeeder>EMPTY</IDFeeder>
<Ink>OK</Ink>
<LED1>NNNN</LED1>
<LED2>GGGG</LED2>
<LED3>NNNN</LED3>
<Lamp1>OK</Lamp1>
<Lamp2>OK</Lamp2>
<ManualFeeder>EMPTY</ManualFeeder>
<Path>OK</Path>
<Printer>PRESENT</Printer>
<RTCBattery>OK</RTCBattery>
<RawSensors>0</RawSensors>
<ScanCalibStatus>FACTORY</ScanCalibStatus>
<SnsrCalibStatus>FACTORY</SnsrCalibStatus>
<StartTimeout>4000</StartTimeout>
<State>ONLINE</State>
</DeviceStatus>
<DocInfo>
<DocHeight>2960</DocHeight>
<DocUnits>ENGLISH</DocUnits>
<DocWidth>7200</DocWidth>
<MICRAcct>211</MICRAcct>
<MICRAmt></MICRAmt>
<MICRAux>000024</MICRAux>
<MICRBankNum>0078</MICRBankNum>
<MICRChkType>BUSINESS</MICRChkType>
<MICRCountry>USA</MICRCountry>
<MICRDecode>ERROR</MICRDecode>
<MICREPC>9</MICREPC>
<MICRFont>E13B</MICRFont>
<MICROnUs>211U01</MICROnUs>
<MICROut>U000024U?90109T9040007857211U01</MICROut>
<MICRParseSts0>0104</MICRParseSts0>
<MICRParseSts1>05</MICRParseSts1>
<MICRRaw>U000024U?90109T9040007857211U01</MICRRaw>
<MICRSerNum>000024</MICRSerNum>
<MICRTPC>01</MICRTPC>
<MICRTransit>904000785</MICRTransit>
</DocInfo>
<ImageInfo>
<ImageSHA1Key1>NONE</ImageSHA1Key1>
<ImageSHA1Key2>NONE</ImageSHA1Key2>
<ImageSize1>58345</ImageSize1>
<ImageSize2>31453</ImageSize2>
<ImageURL1>/chkimg/FRONT100COL24_1.JPG</ImageURL1>
<ImageURL2>/chkimg/BACK100COL24_2.JPG</ImageURL2>
<Number>2</Number>
</ImageInfo>
</DeviceInformation>
  
[2026-07-16 08:14:50] ScanVoucher: CommandStatus ReturnCode: 0
[2026-07-16 08:14:50] ExtractVoucherData: MICRRaw retrieved: U000024U?90109T9040007857211U01, RetCode=0
[2026-07-16 08:14:50] ExtractVoucherData: Parsed MICR - CheckNo: 000024, RoutingNo: 90109, AccountNo: 9040007857211, BankCode: 01
[2026-07-16 08:14:50] ExtractVoucherData: AccountNumber retrieved: 9040007857211, RetCode=17
[2026-07-16 08:14:50] ExtractVoucherData: RoutingNumber retrieved: 90109, RetCode=17
[2026-07-16 08:14:50] ExtractVoucherData: FrontImageSize retrieved: 58345, RetCode=0
[2026-07-16 08:14:50] ExtractVoucherData: FrontImageURL retrieved: /chkimg/FRONT100COL24_1.JPG, RetCode=0
[2026-07-16 08:14:50] ExtractVoucherData: FrontImage attempt 1 MTMICRGetImage returned 0, Size=58345
[2026-07-16 08:14:50] ExtractVoucherData: FrontImage Base64 length=77796
[2026-07-16 08:14:50] ExtractVoucherData: Attempting to save front image to C:\Users\USG\Downloads\ChequeScannerApp\backend\ScannerApi\bin\Release\net6.0\win-x86\ScannedImages\front_20260716_081450.jpg
[2026-07-16 08:14:50] ExtractVoucherData: Saved front image to C:\Users\USG\Downloads\ChequeScannerApp\backend\ScannerApi\bin\Release\net6.0\win-x86\ScannedImages\front_20260716_081450.jpg, Size=58345 bytes
[2026-07-16 08:14:50] ExtractVoucherData: Saved raw front image to C:\Users\USG\Downloads\ChequeScannerApp\backend\ScannerApi\bin\Release\net6.0\win-x86\ScannedImages\raw_front_20260716_081450.jpg
[2026-07-16 08:14:50] ExtractVoucherData: BackImageSize retrieved: 31453, RetCode=0
[2026-07-16 08:14:50] ExtractVoucherData: BackImageURL retrieved: /chkimg/BACK100COL24_2.JPG, RetCode=0
[2026-07-16 08:14:50] ExtractVoucherData: BackImage attempt 1 MTMICRGetImage returned 0, Size=31453
[2026-07-16 08:14:50] ExtractVoucherData: BackImage Base64 length=41940
[2026-07-16 08:14:50] ExtractVoucherData: Attempting to save back image to C:\Users\USG\Downloads\ChequeScannerApp\backend\ScannerApi\bin\Release\net6.0\win-x86\ScannedImages\back_20260716_081450.jpg
[2026-07-16 08:14:50] ExtractVoucherData: Saved back image to C:\Users\USG\Downloads\ChequeScannerApp\backend\ScannerApi\bin\Release\net6.0\win-x86\ScannedImages\back_20260716_081450.jpg, Size=31453 bytes
[2026-07-16 08:14:50] ScanVoucher: Voucher data extracted: voucherNo=scan, checkNumber=000024, narration=
[2026-07-16 08:14:50] Dispose: Closing resources
[2026-07-16 08:14:50] Dispose: Closed log file handle
[2026-07-16 08:14:50] Dispose: Closed device connection
[2026-07-16 08:14:58] SetupLogging: Log file initialized at C:\Users\USG\Downloads\ChequeScannerApp\backend\ScannerApi\bin\Release\net6.0\win-x86\debug.log
[2026-07-16 08:14:58] Constructor: Initial DocType=CHECK
[2026-07-16 08:14:58] SaveToDatabase: Received voucher data
[2026-07-16 08:14:58] SaveToDatabase: Processing voucher , DocType=CHECK
[2026-07-16 08:14:58] SaveToDatabase: Front image size: 58345 bytes
[2026-07-16 08:14:58] SaveToDatabase: Back image size: 31453 bytes
[2026-07-16 08:14:58] SaveToDatabase: Attempting database connection
[2026-07-16 08:14:59] SaveToDatabase: Database connection opened
[2026-07-16 08:14:59] SaveToDatabase: Executing query
[2026-07-16 08:14:59] SaveToDatabase: Inserted 1 row(s) for voucher 
[2026-07-16 08:14:59] SaveToDatabase: Successfully saved voucher  to database
[2026-07-16 08:14:59] Dispose: Closing resources
[2026-07-16 08:14:59] Dispose: Closed log file handle
[2026-07-16 08:15:27] SetupLogging: Log file initialized at C:\Users\USG\Downloads\ChequeScannerApp\backend\ScannerApi\bin\Release\net6.0\win-x86\debug.log
[2026-07-16 08:15:27] Constructor: Initial DocType=CHECK
[2026-07-16 08:15:27] GetFirstDevice: Attempt 1, Index 1, MTMICRGetDevice returned 0, DeviceName: STX.STX001
[2026-07-16 08:15:27] GetFirstDevice: Added device: STX.STX001
[2026-07-16 08:15:27] GetFirstDevice: Attempt 1, Index 2, MTMICRGetDevice returned 6, DeviceName: 
[2026-07-16 08:15:27] GetFirstDevice: Attempt 1, Index 3, MTMICRGetDevice returned 6, DeviceName: 
[2026-07-16 08:15:27] GetFirstDevice: Attempt 1, Index 4, MTMICRGetDevice returned 6, DeviceName: 
[2026-07-16 08:15:27] GetFirstDevice: Attempt 1, Index 5, MTMICRGetDevice returned 6, DeviceName: 
[2026-07-16 08:15:27] GetFirstDevice: Attempt 1, Index 6, MTMICRGetDevice returned 6, DeviceName: 
[2026-07-16 08:15:27] GetFirstDevice: Attempt 1, Index 7, MTMICRGetDevice returned 6, DeviceName: 
[2026-07-16 08:15:27] GetFirstDevice: Attempt 1, Index 8, MTMICRGetDevice returned 6, DeviceName: 
[2026-07-16 08:15:27] GetFirstDevice: Attempt 1, Index 9, MTMICRGetDevice returned 6, DeviceName: 
[2026-07-16 08:15:27] GetFirstDevice: Attempt 1, Index 10, MTMICRGetDevice returned 6, DeviceName: 
[2026-07-16 08:15:27] GetFirstDevice: Attempt 1, Index 11, MTMICRGetDevice returned 6, DeviceName: 
[2026-07-16 08:15:27] GetFirstDevice: Attempt 1, Index 12, MTMICRGetDevice returned 6, DeviceName: 
[2026-07-16 08:15:27] GetFirstDevice: Attempt 1, Index 13, MTMICRGetDevice returned 6, DeviceName: 
[2026-07-16 08:15:27] GetFirstDevice: Attempt 1, Index 14, MTMICRGetDevice returned 6, DeviceName: 
[2026-07-16 08:15:27] GetFirstDevice: Attempt 1, Index 15, MTMICRGetDevice returned 6, DeviceName: 
[2026-07-16 08:15:27] GetFirstDevice: Attempt 1, Index 16, MTMICRGetDevice returned 6, DeviceName: 
[2026-07-16 08:15:27] GetFirstDevice: Attempt 1, Index 17, MTMICRGetDevice returned 6, DeviceName: 
[2026-07-16 08:15:27] GetFirstDevice: Attempt 1, Index 18, MTMICRGetDevice returned 6, DeviceName: 
[2026-07-16 08:15:27] GetFirstDevice: Attempt 1, Index 19, MTMICRGetDevice returned 6, DeviceName: 
[2026-07-16 08:15:27] GetFirstDevice: Attempt 1, Index 20, MTMICRGetDevice returned 6, DeviceName: 
[2026-07-16 08:15:27] GetFirstDevice: Selected device: STX.STX001 on attempt 1, DocType=CHECK
[2026-07-16 08:15:27] GetDeviceStatus: Found device: STX.STX001, Current DocType=CHECK
[2026-07-16 08:15:27] GetDeviceStatus: MTMICROpenDevice returned 0
[2026-07-16 08:15:27] GetDeviceStatus: MTMICRQueryInfo attempt 1 returned 0, Response: <?xml version="1.0" encoding="utf-8"?><DeviceInformation>
<DeviceStatus>
<AccessGuide>LATCHED</AccessGuide>
<AutoFeeder>NOTSUP</AutoFeeder>
<FrontInk>OK</FrontInk>
<FrontPrinter>PRESENT</FrontPrinter>
<IDFeeder>EMPTY</IDFeeder>
<Ink>OK</Ink>
<LED1>NNNN</LED1>
<LED2>GGGG</LED2>
<LED3>NNNN</LED3>
<Lamp1>OK</Lamp1>
<Lamp2>OK</Lamp2>
<ManualFeeder>EMPTY</ManualFeeder>
<Path>OK</Path>
<Printer>PRESENT</Printer>
<RTCBattery>OK</RTCBattery>
<RawSensors>0</RawSensors>
<ScanCalibStatus>FACTORY</ScanCalibStatus>
<SnsrCalibStatus>FACTORY</SnsrCalibStatus>
<StartTimeout>4000</StartTimeout>
<State>ONLINE</State>
</DeviceStatus>
</DeviceInformation>
   , ResponseLength: 647
[2026-07-16 08:15:27] GetDeviceStatus: Device is connected
[2026-07-16 08:15:27] Dispose: Closing resources
[2026-07-16 08:15:27] Dispose: Closed log file handle
[2026-07-16 08:15:28] Dispose: Closed device connection
